2025-07-10 11:40:01 - [1;33m🔍 Vérification des changements distants...[0m
2025-07-10 11:45:01 - [1;33m🔍 Vérification des changements distants...[0m
2025-07-10 11:50:01 - [1;33m🔍 Vérification des changements distants...[0m
2025-07-10 11:50:03 - [0;32m🆕 Nouveaux changements détectés ![0m
2025-07-10 11:50:03 - [1;33mLocal:  b06a9e8b14f97372b7e5c86f69a1ca188bcbca15[0m
2025-07-10 11:50:03 - [1;33mRemote: 47e00267abafed6dbad131b541a9ce45e3f48887[0m
2025-07-10 11:50:03 - [1;33m🚀 Déclenchement du déploiement automatique...[0m
🚀 Début du déploiement automatique CertiSign...
📅 jeu. 10 juil. 2025 11:50:03 WAT
[1;33m📁 Répertoire courant: /home/ssatl/Documents/Doc@uthANTIC[0m
[1;33m💾 Sauvegarde de l'état actuel...[0m
Pas de modifications locales à sauver
[1;33m📥 Récupération des changements depuis le repository distant...[0m
[1;33m🔄 Nouveaux changements détectés. Mise à jour en cours...[0m
[1;33m🛑 Arrêt des services CertiSign...[0m
[0;34m[INFO][0m 🛑 Arrêt des services CertiSign...

[0;34m[INFO][0m Arrêt de Frontend Vue.js (port 8080)...
[0;34m[INFO][0m Frontend Vue.js n'était pas en cours d'exécution (port 8080 libre)
[0;34m[INFO][0m Arrêt de API Gateway FastAPI (port 8001)...
[0;34m[INFO][0m API Gateway FastAPI n'était pas en cours d'exécution (port 8001 libre)
[0;34m[INFO][0m Arrêt de Microservice certificat (port 8002)...
[0;34m[INFO][0m Microservice certificat n'était pas en cours d'exécution (port 8002 libre)
[0;34m[INFO][0m Arrêt de Microservice signature (port 8003)...
[0;34m[INFO][0m Microservice signature n'était pas en cours d'exécution (port 8003 libre)
[0;34m[INFO][0m Arrêt de Backend Django (port 8000)...
[0;34m[INFO][0m Backend Django n'était pas en cours d'exécution (port 8000 libre)

[0;32m[SUCCESS][0m ✅ Tous les services CertiSign ont été arrêtés
[0;34m[INFO][0m Vérification finale des ports...
sudo: a terminal is required to read the password; either use the -S option to read from standard input or configure an askpass helper
sudo: il est nécessaire de saisir un mot de passe
[0;32m[SUCCESS][0m 🎉 Tous les ports CertiSign sont libres

[0;34m[INFO][0m Pour redémarrer tous les services, utilisez: ./start_certisign_services.sh
[1;33m⬇️  Pull des changements...[0m
Depuis https://github.com/MARKUPsoft-corp/CertiSign
 * branch              prod       -> FETCH_HEAD
error: Les fichiers suivants non suivis de la copie de travail seraient effacés par la fusion :
	GUIDE_DEPLOIEMENT_AUTOMATIQUE.md
	certisign-webhook.service
	check_and_deploy.sh
	deploy.sh
	webhook_server.py
Veuillez renommer ou effacer ces fichiers avant la fusion.
Abandon
Mise à jour b06a9e8b..47e00267
[0;31m❌ Erreur lors du pull[0m
2025-07-10 11:50:06 - [0;31m❌ Échec du déploiement automatique[0m
2025-07-10 11:55:01 - [1;33m🔍 Vérification des changements distants...[0m
2025-07-10 12:00:01 - [1;33m🔍 Vérification des changements distants...[0m
2025-07-10 12:00:03 - [0;32m🆕 Nouveaux changements détectés ![0m
2025-07-10 12:00:03 - [1;33mLocal:  47e00267abafed6dbad131b541a9ce45e3f48887[0m
2025-07-10 12:00:03 - [1;33mRemote: 06c2c988c73d99031b9b09f3327b685ce79a9f34[0m
2025-07-10 12:00:03 - [1;33m🚀 Déclenchement du déploiement automatique...[0m
🚀 Début du déploiement automatique CertiSign...
📅 jeu. 10 juil. 2025 12:00:03 WAT
[1;33m📁 Répertoire courant: /home/ssatl/Documents/Doc@uthANTIC[0m
[1;33m💾 Sauvegarde de l'état actuel...[0m
Arbre de travail et état de l'index sauvegardés dans On prod: Auto-stash avant déploiement jeu. 10 juil. 2025 12:00:03 WAT
[1;33m📥 Récupération des changements depuis le repository distant...[0m
[1;33m🔄 Nouveaux changements détectés. Mise à jour en cours...[0m
[1;33m🛑 Arrêt des services CertiSign...[0m
[0;34m[INFO][0m 🛑 Arrêt des services CertiSign...

[0;34m[INFO][0m Arrêt de Frontend Vue.js (port 8080)...
[0;34m[INFO][0m Frontend Vue.js n'était pas en cours d'exécution (port 8080 libre)
[0;34m[INFO][0m Arrêt de API Gateway FastAPI (port 8001)...
[0;34m[INFO][0m API Gateway FastAPI n'était pas en cours d'exécution (port 8001 libre)
[0;34m[INFO][0m Arrêt de Microservice certificat (port 8002)...
[0;34m[INFO][0m Microservice certificat n'était pas en cours d'exécution (port 8002 libre)
[0;34m[INFO][0m Arrêt de Microservice signature (port 8003)...
[0;34m[INFO][0m Microservice signature n'était pas en cours d'exécution (port 8003 libre)
[0;34m[INFO][0m Arrêt de Backend Django (port 8000)...
[0;34m[INFO][0m Backend Django n'était pas en cours d'exécution (port 8000 libre)

[0;32m[SUCCESS][0m ✅ Tous les services CertiSign ont été arrêtés
[0;34m[INFO][0m Vérification finale des ports...
sudo: a terminal is required to read the password; either use the -S option to read from standard input or configure an askpass helper
sudo: il est nécessaire de saisir un mot de passe
[0;32m[SUCCESS][0m 🎉 Tous les ports CertiSign sont libres

[0;34m[INFO][0m Pour redémarrer tous les services, utilisez: ./start_certisign_services.sh
[1;33m⬇️  Pull des changements...[0m
Depuis https://github.com/MARKUPsoft-corp/CertiSign
 * branch              prod       -> FETCH_HEAD
Mise à jour 47e00267..06c2c988
Fast-forward
 DOCUMENTATION_CICD_CERTISIGN.md | 381 ++++++++++++++++++++++++++++++++++++++++
 1 file changed, 381 insertions(+)
 create mode 100644 DOCUMENTATION_CICD_CERTISIGN.md
[0;32m✅ Code mis à jour avec succès[0m
[1;33m📦 Vérification des dépendances...[0m
[1;33m🔧 Mise à jour des dépendances Python...[0m
Defaulting to user installation because normal site-packages is not writeable
Collecting Django
  Downloading django-5.2.4-py3-none-any.whl (8.3 MB)
     ━━━━━━━━━━━━━━━━━━━━━━━━━━━━━━━━━━━━━━━━ 8.3/8.3 MB 1.3 MB/s eta 0:00:00
Collecting djangorestframework
  Using cached djangorestframework-3.16.0-py3-none-any.whl (1.1 MB)
Collecting django-cors-headers
  Using cached django_cors_headers-4.7.0-py3-none-any.whl (12 kB)
Collecting psycopg2-binary
  Using cached psycopg2_binary-2.9.10-cp310-cp310-manylinux_2_17_x86_64.manylinux2014_x86_64.whl (3.0 MB)
Collecting python-decouple
  Using cached python_decouple-3.8-py3-none-any.whl (9.9 kB)
Requirement already satisfied: Pillow in /usr/lib/python3/dist-packages (from -r requirements.txt (line 6)) (9.0.1)
Collecting drf-yasg
  Using cached drf_yasg-1.21.10-py3-none-any.whl (4.3 MB)
Collecting django-filter
  Using cached django_filter-25.1-py3-none-any.whl (94 kB)
Collecting djangorestframework-simplejwt
  Using cached djangorestframework_simplejwt-5.5.0-py3-none-any.whl (103 kB)
Requirement already satisfied: requests in /usr/lib/python3/dist-packages (from -r requirements.txt (line 10)) (2.25.1)
Collecting Werkzeug
  Using cached werkzeug-3.1.3-py3-none-any.whl (224 kB)
Collecting pyOpenSSL
  Using cached pyopenssl-25.1.0-py3-none-any.whl (56 kB)
Collecting sqlparse>=0.3.1
  Using cached sqlparse-0.5.3-py3-none-any.whl (44 kB)
Collecting asgiref>=3.8.1
  Downloading asgiref-3.9.1-py3-none-any.whl (23 kB)
Requirement already satisfied: packaging>=21.0 in /home/ssatl/.local/lib/python3.10/site-packages (from drf-yasg->-r requirements.txt (line 7)) (25.0)
Collecting uritemplate>=3.0.0
  Using cached uritemplate-4.2.0-py3-none-any.whl (11 kB)
Collecting inflection>=0.3.1
  Using cached inflection-0.5.1-py2.py3-none-any.whl (9.5 kB)
Requirement already satisfied: pytz>=2021.1 in /usr/lib/python3/dist-packages (from drf-yasg->-r requirements.txt (line 7)) (2022.1)
Requirement already satisfied: pyyaml>=5.1 in /usr/lib/python3/dist-packages (from drf-yasg->-r requirements.txt (line 7)) (5.4.1)
Requirement already satisfied: pyjwt<2.10.0,>=1.7.1 in /usr/lib/python3/dist-packages (from djangorestframework-simplejwt->-r requirements.txt (line 9)) (2.3.0)
Collecting MarkupSafe>=2.1.1
  Using cached MarkupSafe-3.0.2-cp310-cp310-manylinux_2_17_x86_64.manylinux2014_x86_64.whl (20 kB)
Collecting cryptography<46,>=41.0.5
  Downloading cryptography-45.0.5-cp37-abi3-manylinux_2_34_x86_64.whl (4.4 MB)
     ━━━━━━━━━━━━━━━━━━━━━━━━━━━━━━━━━━━━━━━━ 4.4/4.4 MB 1.3 MB/s eta 0:00:00
Requirement already satisfied: typing-extensions>=4.9 in /home/ssatl/.local/lib/python3.10/site-packages (from pyOpenSSL->-r requirements.txt (line 12)) (4.14.0)
Collecting cffi>=1.14
  Using cached cffi-1.17.1-cp310-cp310-manylinux_2_17_x86_64.manylinux2014_x86_64.whl (446 kB)
Collecting pycparser
  Using cached pycparser-2.22-py3-none-any.whl (117 kB)
Installing collected packages: python-decouple, uritemplate, sqlparse, pycparser, psycopg2-binary, MarkupSafe, inflection, asgiref, Werkzeug, Django, cffi, djangorestframework, django-filter, django-cors-headers, cryptography, pyOpenSSL, drf-yasg, djangorestframework-simplejwt
  WARNING: The script sqlformat is installed in '/home/ssatl/.local/bin' which is not on PATH.
  Consider adding this directory to PATH or, if you prefer to suppress this warning, use --no-warn-script-location.
  WARNING: The script django-admin is installed in '/home/ssatl/.local/bin' which is not on PATH.
  Consider adding this directory to PATH or, if you prefer to suppress this warning, use --no-warn-script-location.
Successfully installed Django-5.2.4 MarkupSafe-3.0.2 Werkzeug-3.1.3 asgiref-3.9.1 cffi-1.17.1 cryptography-45.0.5 django-cors-headers-4.7.0 django-filter-25.1 djangorestframework-3.16.0 djangorestframework-simplejwt-5.5.0 drf-yasg-1.21.10 inflection-0.5.1 psycopg2-binary-2.9.10 pyOpenSSL-25.1.0 pycparser-2.22 python-decouple-3.8 sqlparse-0.5.3 uritemplate-4.2.0
[1;33m🔧 Mise à jour des dépendances Node.js...[0m
npm warn EBADENGINE Unsupported engine {
npm warn EBADENGINE   package: 'pdfjs-dist@4.10.38',
npm warn EBADENGINE   required: { node: '>=20' },
npm warn EBADENGINE   current: { node: 'v18.20.8', npm: '10.8.2' }
npm warn EBADENGINE }

up to date, audited 1020 packages in 7s

138 packages are looking for funding
  run `npm fund` for details

16 vulnerabilities (2 low, 10 moderate, 4 high)

To address issues that do not require attention, run:
  npm audit fix

To address all issues (including breaking changes), run:
  npm audit fix --force

Run `npm audit` for details.

> frontend@0.1.0 build
> vue-cli-service build

All browser targets in the browserslist configuration have supported ES module.
Therefore we don't build two separate bundles for differential loading.


-  Building for production...
 ERROR  Failed to compile with 1 error12:01:19

[eslint] 
/home/ssatl/Documents/Doc@uthANTIC/frontend/src/views/SignerDashboard.vue
  559:7  error  'sortedPendingDocuments' is assigned a value but never used  no-unused-vars

✖ 58 problems (1 error, 57 warnings)


You may use special comments to disable some warnings.
Use // eslint-disable-next-line to ignore the next line.
Use /* eslint-disable */ to ignore all warnings in a file.
 ERROR  Error: Build failed with errors.
Error: Build failed with errors.
    at /home/ssatl/Documents/Doc@uthANTIC/frontend/node_modules/@vue/cli-service/lib/commands/build/index.js:207:23
    at /home/ssatl/Documents/Doc@uthANTIC/frontend/node_modules/webpack/lib/webpack.js:168:8
    at /home/ssatl/Documents/Doc@uthANTIC/frontend/node_modules/webpack/lib/HookWebpackError.js:67:2
    at Hook.eval [as callAsync] (eval at create (/home/ssatl/Documents/Doc@uthANTIC/frontend/node_modules/tapable/lib/HookCodeFactory.js:33:10), <anonymous>:6:1)
    at Hook.CALL_ASYNC_DELEGATE [as _callAsync] (/home/ssatl/Documents/Doc@uthANTIC/frontend/node_modules/tapable/lib/Hook.js:20:14)
    at Cache.shutdown (/home/ssatl/Documents/Doc@uthANTIC/frontend/node_modules/webpack/lib/Cache.js:156:23)
    at /home/ssatl/Documents/Doc@uthANTIC/frontend/node_modules/webpack/lib/Compiler.js:1376:15
    at Hook.eval [as callAsync] (eval at create (/home/ssatl/Documents/Doc@uthANTIC/frontend/node_modules/tapable/lib/HookCodeFactory.js:33:10), <anonymous>:6:1)
    at Hook.CALL_ASYNC_DELEGATE [as _callAsync] (/home/ssatl/Documents/Doc@uthANTIC/frontend/node_modules/tapable/lib/Hook.js:20:14)
    at Compiler.close (/home/ssatl/Documents/Doc@uthANTIC/frontend/node_modules/webpack/lib/Compiler.js:1369:23)
    at /home/ssatl/Documents/Doc@uthANTIC/frontend/node_modules/webpack/lib/webpack.js:167:16
    at finalCallback (/home/ssatl/Documents/Doc@uthANTIC/frontend/node_modules/webpack/lib/Compiler.js:496:32)
    at /home/ssatl/Documents/Doc@uthANTIC/frontend/node_modules/webpack/lib/Compiler.js:520:13
    at Hook.eval [as callAsync] (eval at create (/home/ssatl/Documents/Doc@uthANTIC/frontend/node_modules/tapable/lib/HookCodeFactory.js:33:10), <anonymous>:24:1)
    at Hook.CALL_ASYNC_DELEGATE [as _callAsync] (/home/ssatl/Documents/Doc@uthANTIC/frontend/node_modules/tapable/lib/Hook.js:20:14)
    at onCompiled (/home/ssatl/Documents/Doc@uthANTIC/frontend/node_modules/webpack/lib/Compiler.js:518:21)
    at /home/ssatl/Documents/Doc@uthANTIC/frontend/node_modules/webpack/lib/Compiler.js:1347:17
    at Hook.eval [as callAsync] (eval at create (/home/ssatl/Documents/Doc@uthANTIC/frontend/node_modules/tapable/lib/HookCodeFactory.js:33:10), <anonymous>:6:1)
    at Hook.CALL_ASYNC_DELEGATE [as _callAsync] (/home/ssatl/Documents/Doc@uthANTIC/frontend/node_modules/tapable/lib/Hook.js:20:14)
    at /home/ssatl/Documents/Doc@uthANTIC/frontend/node_modules/webpack/lib/Compiler.js:1343:33
    at finalCallback (/home/ssatl/Documents/Doc@uthANTIC/frontend/node_modules/webpack/lib/Compilation.js:3061:11)
    at /home/ssatl/Documents/Doc@uthANTIC/frontend/node_modules/webpack/lib/Compilation.js:3404:11
    at Hook.eval [as callAsync] (eval at create (/home/ssatl/Documents/Doc@uthANTIC/frontend/node_modules/tapable/lib/HookCodeFactory.js:33:10), <anonymous>:6:1)
    at Hook.CALL_ASYNC_DELEGATE [as _callAsync] (/home/ssatl/Documents/Doc@uthANTIC/frontend/node_modules/tapable/lib/Hook.js:20:14)
    at /home/ssatl/Documents/Doc@uthANTIC/frontend/node_modules/webpack/lib/Compilation.js:3397:38
    at eval (eval at create (/home/ssatl/Documents/Doc@uthANTIC/frontend/node_modules/tapable/lib/HookCodeFactory.js:33:10), <anonymous>:15:1)
    at eval (eval at create (/home/ssatl/Documents/Doc@uthANTIC/frontend/node_modules/tapable/lib/HookCodeFactory.js:33:10), <anonymous>:14:1)
    at process.processTicksAndRejections (node:internal/process/task_queues:95:5)
[1;33m🗃️  Application des migrations Django...[0m
[1;33m🚀 Redémarrage des services CertiSign...[0m
[0;34m[INFO][0m Démarrage des services CertiSign...
[0;34m[INFO][0m Répertoire de travail: /home/ssatl/Documents/Doc@uthANTIC
[0;34m[INFO][0m === ÉTAPE 1: Arrêt des services existants ===
[0;34m[INFO][0m Vérification du port 8080 pour Frontend Vue.js...
[0;34m[INFO][0m Port 8080 déjà libre
[0;34m[INFO][0m Vérification du port 8001 pour API Gateway...
[0;34m[INFO][0m Port 8001 déjà libre
[0;34m[INFO][0m Vérification du port 8002 pour Microservice certificat...
[0;34m[INFO][0m Port 8002 déjà libre
[0;34m[INFO][0m Vérification du port 8003 pour Microservice signature...
[0;34m[INFO][0m Port 8003 déjà libre
[0;34m[INFO][0m Vérification du port 8000 pour Backend Django...
[0;34m[INFO][0m Port 8000 déjà libre
[0;32m[SUCCESS][0m Tous les services ont été arrêtés
[0;34m[INFO][0m === ÉTAPE 2: Démarrage du Backend Django (port 8000) ===
[0;34m[INFO][0m Activation de l'environnement virtuel Django...
[0;34m[INFO][0m Vérification du démarrage de Django sur le port 8000...
..............................[0;31m[ERROR][0m Timeout: Django n'a pas démarré sur le port 8000 après 30s
[0;32m✅ Services redémarrés[0m
[1;33m🔍 Vérification du statut des services...[0m
[0;32m🎉 Déploiement terminé avec succès ![0m
[0;32m📍 Version déployée: 06c2c988[0m
[0;32m📅 jeu. 10 juil. 2025 12:02:02 WAT[0m

[0;32m✨ CertiSign est maintenant à jour et fonctionnel ![0m
2025-07-10 12:02:02 - [0;32m✅ Déploiement automatique réussi[0m
2025-07-10 12:05:01 - [1;33m🔍 Vérification des changements distants...[0m
2025-07-10 12:10:01 - [1;33m🔍 Vérification des changements distants...[0m
2025-07-10 12:10:03 - [0;32m🆕 Nouveaux changements détectés ![0m
2025-07-10 12:10:03 - [1;33mLocal:  06c2c988c73d99031b9b09f3327b685ce79a9f34[0m
2025-07-10 12:10:03 - [1;33mRemote: 2e9afc2fef831fb5a7eb24f938a30f42ea8de50d[0m
2025-07-10 12:10:03 - [1;33m🚀 Déclenchement du déploiement automatique...[0m
🚀 Début du déploiement automatique CertiSign...
📅 jeu. 10 juil. 2025 12:10:03 WAT
[1;33m📁 Répertoire courant: /home/ssatl/Documents/Doc@uthANTIC[0m
[1;33m💾 Sauvegarde de l'état actuel...[0m
Arbre de travail et état de l'index sauvegardés dans On prod: Auto-stash avant déploiement jeu. 10 juil. 2025 12:10:03 WAT
[1;33m📥 Récupération des changements depuis le repository distant...[0m
[1;33m🔄 Nouveaux changements détectés. Mise à jour en cours...[0m
[1;33m🛑 Arrêt des services CertiSign...[0m
[0;34m[INFO][0m 🛑 Arrêt des services CertiSign...

[0;34m[INFO][0m Arrêt de Frontend Vue.js (port 8080)...
[0;34m[INFO][0m Frontend Vue.js n'était pas en cours d'exécution (port 8080 libre)
[0;34m[INFO][0m Arrêt de API Gateway FastAPI (port 8001)...
[0;34m[INFO][0m API Gateway FastAPI n'était pas en cours d'exécution (port 8001 libre)
[0;34m[INFO][0m Arrêt de Microservice certificat (port 8002)...
[0;34m[INFO][0m Microservice certificat n'était pas en cours d'exécution (port 8002 libre)
[0;34m[INFO][0m Arrêt de Microservice signature (port 8003)...
[0;34m[INFO][0m Microservice signature n'était pas en cours d'exécution (port 8003 libre)
[0;34m[INFO][0m Arrêt de Backend Django (port 8000)...
[0;34m[INFO][0m Backend Django n'était pas en cours d'exécution (port 8000 libre)

[0;32m[SUCCESS][0m ✅ Tous les services CertiSign ont été arrêtés
[0;34m[INFO][0m Vérification finale des ports...
sudo: a terminal is required to read the password; either use the -S option to read from standard input or configure an askpass helper
sudo: il est nécessaire de saisir un mot de passe
[0;32m[SUCCESS][0m 🎉 Tous les ports CertiSign sont libres

[0;34m[INFO][0m Pour redémarrer tous les services, utilisez: ./start_certisign_services.sh
[1;33m⬇️  Pull des changements...[0m
Depuis https://github.com/MARKUPsoft-corp/CertiSign
 * branch              prod       -> FETCH_HEAD
Mise à jour 06c2c988..2e9afc2f
Fast-forward
 frontend/src/views/HomePage.vue | 2 +-
 1 file changed, 1 insertion(+), 1 deletion(-)
[0;32m✅ Code mis à jour avec succès[0m
[1;33m📦 Vérification des dépendances...[0m
[1;33m🔧 Mise à jour des dépendances Python...[0m
Defaulting to user installation because normal site-packages is not writeable
Requirement already satisfied: Django in /home/ssatl/.local/lib/python3.10/site-packages (from -r requirements.txt (line 1)) (5.2.4)
Requirement already satisfied: djangorestframework in /home/ssatl/.local/lib/python3.10/site-packages (from -r requirements.txt (line 2)) (3.16.0)
Requirement already satisfied: django-cors-headers in /home/ssatl/.local/lib/python3.10/site-packages (from -r requirements.txt (line 3)) (4.7.0)
Requirement already satisfied: psycopg2-binary in /home/ssatl/.local/lib/python3.10/site-packages (from -r requirements.txt (line 4)) (2.9.10)
Requirement already satisfied: python-decouple in /home/ssatl/.local/lib/python3.10/site-packages (from -r requirements.txt (line 5)) (3.8)
Requirement already satisfied: Pillow in /usr/lib/python3/dist-packages (from -r requirements.txt (line 6)) (9.0.1)
Requirement already satisfied: drf-yasg in /home/ssatl/.local/lib/python3.10/site-packages (from -r requirements.txt (line 7)) (1.21.10)
Requirement already satisfied: django-filter in /home/ssatl/.local/lib/python3.10/site-packages (from -r requirements.txt (line 8)) (25.1)
Requirement already satisfied: djangorestframework-simplejwt in /home/ssatl/.local/lib/python3.10/site-packages (from -r requirements.txt (line 9)) (5.5.0)
Requirement already satisfied: requests in /usr/lib/python3/dist-packages (from -r requirements.txt (line 10)) (2.25.1)
Requirement already satisfied: Werkzeug in /home/ssatl/.local/lib/python3.10/site-packages (from -r requirements.txt (line 11)) (3.1.3)
Requirement already satisfied: pyOpenSSL in /home/ssatl/.local/lib/python3.10/site-packages (from -r requirements.txt (line 12)) (25.1.0)
Requirement already satisfied: sqlparse>=0.3.1 in /home/ssatl/.local/lib/python3.10/site-packages (from Django->-r requirements.txt (line 1)) (0.5.3)
Requirement already satisfied: asgiref>=3.8.1 in /home/ssatl/.local/lib/python3.10/site-packages (from Django->-r requirements.txt (line 1)) (3.9.1)
Requirement already satisfied: uritemplate>=3.0.0 in /home/ssatl/.local/lib/python3.10/site-packages (from drf-yasg->-r requirements.txt (line 7)) (4.2.0)
Requirement already satisfied: pyyaml>=5.1 in /usr/lib/python3/dist-packages (from drf-yasg->-r requirements.txt (line 7)) (5.4.1)
Requirement already satisfied: pytz>=2021.1 in /usr/lib/python3/dist-packages (from drf-yasg->-r requirements.txt (line 7)) (2022.1)
Requirement already satisfied: inflection>=0.3.1 in /home/ssatl/.local/lib/python3.10/site-packages (from drf-yasg->-r requirements.txt (line 7)) (0.5.1)
Requirement already satisfied: packaging>=21.0 in /home/ssatl/.local/lib/python3.10/site-packages (from drf-yasg->-r requirements.txt (line 7)) (25.0)
Requirement already satisfied: pyjwt<2.10.0,>=1.7.1 in /usr/lib/python3/dist-packages (from djangorestframework-simplejwt->-r requirements.txt (line 9)) (2.3.0)
Requirement already satisfied: MarkupSafe>=2.1.1 in /home/ssatl/.local/lib/python3.10/site-packages (from Werkzeug->-r requirements.txt (line 11)) (3.0.2)
Requirement already satisfied: typing-extensions>=4.9 in /home/ssatl/.local/lib/python3.10/site-packages (from pyOpenSSL->-r requirements.txt (line 12)) (4.14.0)
Requirement already satisfied: cryptography<46,>=41.0.5 in /home/ssatl/.local/lib/python3.10/site-packages (from pyOpenSSL->-r requirements.txt (line 12)) (45.0.5)
Requirement already satisfied: cffi>=1.14 in /home/ssatl/.local/lib/python3.10/site-packages (from cryptography<46,>=41.0.5->pyOpenSSL->-r requirements.txt (line 12)) (1.17.1)
Requirement already satisfied: pycparser in /home/ssatl/.local/lib/python3.10/site-packages (from cffi>=1.14->cryptography<46,>=41.0.5->pyOpenSSL->-r requirements.txt (line 12)) (2.22)
[1;33m🔧 Mise à jour des dépendances Node.js...[0m
npm warn EBADENGINE Unsupported engine {
npm warn EBADENGINE   package: 'pdfjs-dist@4.10.38',
npm warn EBADENGINE   required: { node: '>=20' },
npm warn EBADENGINE   current: { node: 'v18.20.8', npm: '10.8.2' }
npm warn EBADENGINE }

up to date, audited 1020 packages in 5s

138 packages are looking for funding
  run `npm fund` for details

16 vulnerabilities (2 low, 10 moderate, 4 high)

To address issues that do not require attention, run:
  npm audit fix

To address all issues (including breaking changes), run:
  npm audit fix --force

Run `npm audit` for details.

> frontend@0.1.0 build
> vue-cli-service build

All browser targets in the browserslist configuration have supported ES module.
Therefore we don't build two separate bundles for differential loading.


-  Building for production...
 ERROR  Failed to compile with 1 error12:10:48

[eslint] 
/home/ssatl/Documents/Doc@uthANTIC/frontend/src/views/SignerDashboard.vue
  559:7  error  'sortedPendingDocuments' is assigned a value but never used  no-unused-vars

✖ 58 problems (1 error, 57 warnings)


You may use special comments to disable some warnings.
Use // eslint-disable-next-line to ignore the next line.
Use /* eslint-disable */ to ignore all warnings in a file.
 ERROR  Error: Build failed with errors.
Error: Build failed with errors.
    at /home/ssatl/Documents/Doc@uthANTIC/frontend/node_modules/@vue/cli-service/lib/commands/build/index.js:207:23
    at /home/ssatl/Documents/Doc@uthANTIC/frontend/node_modules/webpack/lib/webpack.js:168:8
    at /home/ssatl/Documents/Doc@uthANTIC/frontend/node_modules/webpack/lib/HookWebpackError.js:67:2
    at Hook.eval [as callAsync] (eval at create (/home/ssatl/Documents/Doc@uthANTIC/frontend/node_modules/tapable/lib/HookCodeFactory.js:33:10), <anonymous>:6:1)
    at Hook.CALL_ASYNC_DELEGATE [as _callAsync] (/home/ssatl/Documents/Doc@uthANTIC/frontend/node_modules/tapable/lib/Hook.js:20:14)
    at Cache.shutdown (/home/ssatl/Documents/Doc@uthANTIC/frontend/node_modules/webpack/lib/Cache.js:156:23)
    at /home/ssatl/Documents/Doc@uthANTIC/frontend/node_modules/webpack/lib/Compiler.js:1376:15
    at Hook.eval [as callAsync] (eval at create (/home/ssatl/Documents/Doc@uthANTIC/frontend/node_modules/tapable/lib/HookCodeFactory.js:33:10), <anonymous>:6:1)
    at Hook.CALL_ASYNC_DELEGATE [as _callAsync] (/home/ssatl/Documents/Doc@uthANTIC/frontend/node_modules/tapable/lib/Hook.js:20:14)
    at Compiler.close (/home/ssatl/Documents/Doc@uthANTIC/frontend/node_modules/webpack/lib/Compiler.js:1369:23)
    at /home/ssatl/Documents/Doc@uthANTIC/frontend/node_modules/webpack/lib/webpack.js:167:16
    at finalCallback (/home/ssatl/Documents/Doc@uthANTIC/frontend/node_modules/webpack/lib/Compiler.js:496:32)
    at /home/ssatl/Documents/Doc@uthANTIC/frontend/node_modules/webpack/lib/Compiler.js:520:13
    at Hook.eval [as callAsync] (eval at create (/home/ssatl/Documents/Doc@uthANTIC/frontend/node_modules/tapable/lib/HookCodeFactory.js:33:10), <anonymous>:24:1)
    at Hook.CALL_ASYNC_DELEGATE [as _callAsync] (/home/ssatl/Documents/Doc@uthANTIC/frontend/node_modules/tapable/lib/Hook.js:20:14)
    at onCompiled (/home/ssatl/Documents/Doc@uthANTIC/frontend/node_modules/webpack/lib/Compiler.js:518:21)
    at /home/ssatl/Documents/Doc@uthANTIC/frontend/node_modules/webpack/lib/Compiler.js:1347:17
    at Hook.eval [as callAsync] (eval at create (/home/ssatl/Documents/Doc@uthANTIC/frontend/node_modules/tapable/lib/HookCodeFactory.js:33:10), <anonymous>:6:1)
    at Hook.CALL_ASYNC_DELEGATE [as _callAsync] (/home/ssatl/Documents/Doc@uthANTIC/frontend/node_modules/tapable/lib/Hook.js:20:14)
    at /home/ssatl/Documents/Doc@uthANTIC/frontend/node_modules/webpack/lib/Compiler.js:1343:33
    at finalCallback (/home/ssatl/Documents/Doc@uthANTIC/frontend/node_modules/webpack/lib/Compilation.js:3061:11)
    at /home/ssatl/Documents/Doc@uthANTIC/frontend/node_modules/webpack/lib/Compilation.js:3404:11
    at Hook.eval [as callAsync] (eval at create (/home/ssatl/Documents/Doc@uthANTIC/frontend/node_modules/tapable/lib/HookCodeFactory.js:33:10), <anonymous>:6:1)
    at Hook.CALL_ASYNC_DELEGATE [as _callAsync] (/home/ssatl/Documents/Doc@uthANTIC/frontend/node_modules/tapable/lib/Hook.js:20:14)
    at /home/ssatl/Documents/Doc@uthANTIC/frontend/node_modules/webpack/lib/Compilation.js:3397:38
    at eval (eval at create (/home/ssatl/Documents/Doc@uthANTIC/frontend/node_modules/tapable/lib/HookCodeFactory.js:33:10), <anonymous>:15:1)
    at eval (eval at create (/home/ssatl/Documents/Doc@uthANTIC/frontend/node_modules/tapable/lib/HookCodeFactory.js:33:10), <anonymous>:14:1)
    at process.processTicksAndRejections (node:internal/process/task_queues:95:5)
[1;33m🗃️  Application des migrations Django...[0m
[1;33m🚀 Redémarrage des services CertiSign...[0m
[0;34m[INFO][0m Démarrage des services CertiSign...
[0;34m[INFO][0m Répertoire de travail: /home/ssatl/Documents/Doc@uthANTIC
[0;34m[INFO][0m === ÉTAPE 1: Arrêt des services existants ===
[0;34m[INFO][0m Vérification du port 8080 pour Frontend Vue.js...
[0;34m[INFO][0m Port 8080 déjà libre
[0;34m[INFO][0m Vérification du port 8001 pour API Gateway...
[0;34m[INFO][0m Port 8001 déjà libre
[0;34m[INFO][0m Vérification du port 8002 pour Microservice certificat...
[0;34m[INFO][0m Port 8002 déjà libre
[0;34m[INFO][0m Vérification du port 8003 pour Microservice signature...
[0;34m[INFO][0m Port 8003 déjà libre
[0;34m[INFO][0m Vérification du port 8000 pour Backend Django...
[0;34m[INFO][0m Port 8000 déjà libre
[0;32m[SUCCESS][0m Tous les services ont été arrêtés
[0;34m[INFO][0m === ÉTAPE 2: Démarrage du Backend Django (port 8000) ===
[0;34m[INFO][0m Activation de l'environnement virtuel Django...
[0;34m[INFO][0m Vérification du démarrage de Django sur le port 8000...
..............................[0;31m[ERROR][0m Timeout: Django n'a pas démarré sur le port 8000 après 30s
[0;32m✅ Services redémarrés[0m
[1;33m🔍 Vérification du statut des services...[0m
[0;32m🎉 Déploiement terminé avec succès ![0m
[0;32m📍 Version déployée: 2e9afc2f[0m
[0;32m📅 jeu. 10 juil. 2025 12:11:31 WAT[0m

[0;32m✨ CertiSign est maintenant à jour et fonctionnel ![0m
2025-07-10 12:11:31 - [0;32m✅ Déploiement automatique réussi[0m
2025-07-10 12:15:01 - [1;33m🔍 Vérification des changements distants...[0m
2025-07-10 12:20:01 - [1;33m🔍 Vérification des changements distants...[0m
2025-07-10 12:20:03 - [0;32m🆕 Nouveaux changements détectés ![0m
2025-07-10 12:20:03 - [1;33mLocal:  2e9afc2fef831fb5a7eb24f938a30f42ea8de50d[0m
2025-07-10 12:20:03 - [1;33mRemote: de809792449ed1078ba67fa3734ff9f210c806fd[0m
2025-07-10 12:20:03 - [1;33m🚀 Déclenchement du déploiement automatique...[0m
🚀 Début du déploiement automatique CertiSign...
📅 jeu. 10 juil. 2025 12:20:03 WAT
[1;33m📁 Répertoire courant: /home/ssatl/Documents/Doc@uthANTIC[0m
[1;33m💾 Sauvegarde de l'état actuel...[0m
Arbre de travail et état de l'index sauvegardés dans On prod: Auto-stash avant déploiement jeu. 10 juil. 2025 12:20:03 WAT
[1;33m📥 Récupération des changements depuis le repository distant...[0m
[1;33m🔄 Nouveaux changements détectés. Mise à jour en cours...[0m
[1;33m🛑 Arrêt des services CertiSign...[0m
[0;34m[INFO][0m 🛑 Arrêt des services CertiSign...

[0;34m[INFO][0m Arrêt de Frontend Vue.js (port 8080)...
[0;34m[INFO][0m Frontend Vue.js n'était pas en cours d'exécution (port 8080 libre)
[0;34m[INFO][0m Arrêt de API Gateway FastAPI (port 8001)...
[0;34m[INFO][0m API Gateway FastAPI n'était pas en cours d'exécution (port 8001 libre)
[0;34m[INFO][0m Arrêt de Microservice certificat (port 8002)...
[0;34m[INFO][0m Microservice certificat n'était pas en cours d'exécution (port 8002 libre)
[0;34m[INFO][0m Arrêt de Microservice signature (port 8003)...
[0;34m[INFO][0m Microservice signature n'était pas en cours d'exécution (port 8003 libre)
[0;34m[INFO][0m Arrêt de Backend Django (port 8000)...
[0;34m[INFO][0m Backend Django n'était pas en cours d'exécution (port 8000 libre)

[0;32m[SUCCESS][0m ✅ Tous les services CertiSign ont été arrêtés
[0;34m[INFO][0m Vérification finale des ports...
sudo: a terminal is required to read the password; either use the -S option to read from standard input or configure an askpass helper
sudo: il est nécessaire de saisir un mot de passe
[0;32m[SUCCESS][0m 🎉 Tous les ports CertiSign sont libres

[0;34m[INFO][0m Pour redémarrer tous les services, utilisez: ./start_certisign_services.sh
[1;33m⬇️  Pull des changements...[0m
Depuis https://github.com/MARKUPsoft-corp/CertiSign
 * branch              prod       -> FETCH_HEAD
Mise à jour 2e9afc2f..de809792
Fast-forward
 deploy.sh                       | 45 +++++++----------------------------------
 frontend/src/views/HomePage.vue |  2 +-
 2 files changed, 8 insertions(+), 39 deletions(-)
[0;32m✅ Code mis à jour avec succès[0m
[1;33m📦 Vérification des dépendances...[0m
[1;33m🔧 Mise à jour des dépendances Python...[0m
Defaulting to user installation because normal site-packages is not writeable
Requirement already satisfied: Django in /home/ssatl/.local/lib/python3.10/site-packages (from -r requirements.txt (line 1)) (5.2.4)
Requirement already satisfied: djangorestframework in /home/ssatl/.local/lib/python3.10/site-packages (from -r requirements.txt (line 2)) (3.16.0)
Requirement already satisfied: django-cors-headers in /home/ssatl/.local/lib/python3.10/site-packages (from -r requirements.txt (line 3)) (4.7.0)
Requirement already satisfied: psycopg2-binary in /home/ssatl/.local/lib/python3.10/site-packages (from -r requirements.txt (line 4)) (2.9.10)
Requirement already satisfied: python-decouple in /home/ssatl/.local/lib/python3.10/site-packages (from -r requirements.txt (line 5)) (3.8)
Requirement already satisfied: Pillow in /usr/lib/python3/dist-packages (from -r requirements.txt (line 6)) (9.0.1)
Requirement already satisfied: drf-yasg in /home/ssatl/.local/lib/python3.10/site-packages (from -r requirements.txt (line 7)) (1.21.10)
Requirement already satisfied: django-filter in /home/ssatl/.local/lib/python3.10/site-packages (from -r requirements.txt (line 8)) (25.1)
Requirement already satisfied: djangorestframework-simplejwt in /home/ssatl/.local/lib/python3.10/site-packages (from -r requirements.txt (line 9)) (5.5.0)
Requirement already satisfied: requests in /usr/lib/python3/dist-packages (from -r requirements.txt (line 10)) (2.25.1)
Requirement already satisfied: Werkzeug in /home/ssatl/.local/lib/python3.10/site-packages (from -r requirements.txt (line 11)) (3.1.3)
Requirement already satisfied: pyOpenSSL in /home/ssatl/.local/lib/python3.10/site-packages (from -r requirements.txt (line 12)) (25.1.0)
Requirement already satisfied: asgiref>=3.8.1 in /home/ssatl/.local/lib/python3.10/site-packages (from Django->-r requirements.txt (line 1)) (3.9.1)
Requirement already satisfied: sqlparse>=0.3.1 in /home/ssatl/.local/lib/python3.10/site-packages (from Django->-r requirements.txt (line 1)) (0.5.3)
Requirement already satisfied: inflection>=0.3.1 in /home/ssatl/.local/lib/python3.10/site-packages (from drf-yasg->-r requirements.txt (line 7)) (0.5.1)
Requirement already satisfied: pyyaml>=5.1 in /usr/lib/python3/dist-packages (from drf-yasg->-r requirements.txt (line 7)) (5.4.1)
Requirement already satisfied: pytz>=2021.1 in /usr/lib/python3/dist-packages (from drf-yasg->-r requirements.txt (line 7)) (2022.1)
Requirement already satisfied: uritemplate>=3.0.0 in /home/ssatl/.local/lib/python3.10/site-packages (from drf-yasg->-r requirements.txt (line 7)) (4.2.0)
Requirement already satisfied: packaging>=21.0 in /home/ssatl/.local/lib/python3.10/site-packages (from drf-yasg->-r requirements.txt (line 7)) (25.0)
Requirement already satisfied: pyjwt<2.10.0,>=1.7.1 in /usr/lib/python3/dist-packages (from djangorestframework-simplejwt->-r requirements.txt (line 9)) (2.3.0)
Requirement already satisfied: MarkupSafe>=2.1.1 in /home/ssatl/.local/lib/python3.10/site-packages (from Werkzeug->-r requirements.txt (line 11)) (3.0.2)
Requirement already satisfied: cryptography<46,>=41.0.5 in /home/ssatl/.local/lib/python3.10/site-packages (from pyOpenSSL->-r requirements.txt (line 12)) (45.0.5)
Requirement already satisfied: typing-extensions>=4.9 in /home/ssatl/.local/lib/python3.10/site-packages (from pyOpenSSL->-r requirements.txt (line 12)) (4.14.0)
Requirement already satisfied: cffi>=1.14 in /home/ssatl/.local/lib/python3.10/site-packages (from cryptography<46,>=41.0.5->pyOpenSSL->-r requirements.txt (line 12)) (1.17.1)
Requirement already satisfied: pycparser in /home/ssatl/.local/lib/python3.10/site-packages (from cffi>=1.14->cryptography<46,>=41.0.5->pyOpenSSL->-r requirements.txt (line 12)) (2.22)
[1;33m🔧 Mise à jour des dépendances Node.js...[0m
npm warn EBADENGINE Unsupported engine {
npm warn EBADENGINE   package: 'pdfjs-dist@4.10.38',
npm warn EBADENGINE   required: { node: '>=20' },
npm warn EBADENGINE   current: { node: 'v18.20.8', npm: '10.8.2' }
npm warn EBADENGINE }

up to date, audited 1020 packages in 6s

138 packages are looking for funding
  run `npm fund` for details

16 vulnerabilities (2 low, 10 moderate, 4 high)

To address issues that do not require attention, run:
  npm audit fix

To address all issues (including breaking changes), run:
  npm audit fix --force

Run `npm audit` for details.

> frontend@0.1.0 build
> vue-cli-service build

All browser targets in the browserslist configuration have supported ES module.
Therefore we don't build two separate bundles for differential loading.


-  Building for production...
 ERROR  Failed to compile with 1 error12:20:48

[eslint] 
/home/ssatl/Documents/Doc@uthANTIC/frontend/src/views/SignerDashboard.vue
  559:7  error  'sortedPendingDocuments' is assigned a value but never used  no-unused-vars

✖ 58 problems (1 error, 57 warnings)


You may use special comments to disable some warnings.
Use // eslint-disable-next-line to ignore the next line.
Use /* eslint-disable */ to ignore all warnings in a file.
 ERROR  Error: Build failed with errors.
Error: Build failed with errors.
    at /home/ssatl/Documents/Doc@uthANTIC/frontend/node_modules/@vue/cli-service/lib/commands/build/index.js:207:23
    at /home/ssatl/Documents/Doc@uthANTIC/frontend/node_modules/webpack/lib/webpack.js:168:8
    at /home/ssatl/Documents/Doc@uthANTIC/frontend/node_modules/webpack/lib/HookWebpackError.js:67:2
    at Hook.eval [as callAsync] (eval at create (/home/ssatl/Documents/Doc@uthANTIC/frontend/node_modules/tapable/lib/HookCodeFactory.js:33:10), <anonymous>:6:1)
    at Hook.CALL_ASYNC_DELEGATE [as _callAsync] (/home/ssatl/Documents/Doc@uthANTIC/frontend/node_modules/tapable/lib/Hook.js:20:14)
    at Cache.shutdown (/home/ssatl/Documents/Doc@uthANTIC/frontend/node_modules/webpack/lib/Cache.js:156:23)
    at /home/ssatl/Documents/Doc@uthANTIC/frontend/node_modules/webpack/lib/Compiler.js:1376:15
    at Hook.eval [as callAsync] (eval at create (/home/ssatl/Documents/Doc@uthANTIC/frontend/node_modules/tapable/lib/HookCodeFactory.js:33:10), <anonymous>:6:1)
    at Hook.CALL_ASYNC_DELEGATE [as _callAsync] (/home/ssatl/Documents/Doc@uthANTIC/frontend/node_modules/tapable/lib/Hook.js:20:14)
    at Compiler.close (/home/ssatl/Documents/Doc@uthANTIC/frontend/node_modules/webpack/lib/Compiler.js:1369:23)
    at /home/ssatl/Documents/Doc@uthANTIC/frontend/node_modules/webpack/lib/webpack.js:167:16
    at finalCallback (/home/ssatl/Documents/Doc@uthANTIC/frontend/node_modules/webpack/lib/Compiler.js:496:32)
    at /home/ssatl/Documents/Doc@uthANTIC/frontend/node_modules/webpack/lib/Compiler.js:520:13
    at Hook.eval [as callAsync] (eval at create (/home/ssatl/Documents/Doc@uthANTIC/frontend/node_modules/tapable/lib/HookCodeFactory.js:33:10), <anonymous>:24:1)
    at Hook.CALL_ASYNC_DELEGATE [as _callAsync] (/home/ssatl/Documents/Doc@uthANTIC/frontend/node_modules/tapable/lib/Hook.js:20:14)
    at onCompiled (/home/ssatl/Documents/Doc@uthANTIC/frontend/node_modules/webpack/lib/Compiler.js:518:21)
    at /home/ssatl/Documents/Doc@uthANTIC/frontend/node_modules/webpack/lib/Compiler.js:1347:17
    at Hook.eval [as callAsync] (eval at create (/home/ssatl/Documents/Doc@uthANTIC/frontend/node_modules/tapable/lib/HookCodeFactory.js:33:10), <anonymous>:6:1)
    at Hook.CALL_ASYNC_DELEGATE [as _callAsync] (/home/ssatl/Documents/Doc@uthANTIC/frontend/node_modules/tapable/lib/Hook.js:20:14)
    at /home/ssatl/Documents/Doc@uthANTIC/frontend/node_modules/webpack/lib/Compiler.js:1343:33
    at finalCallback (/home/ssatl/Documents/Doc@uthANTIC/frontend/node_modules/webpack/lib/Compilation.js:3061:11)
    at /home/ssatl/Documents/Doc@uthANTIC/frontend/node_modules/webpack/lib/Compilation.js:3404:11
    at Hook.eval [as callAsync] (eval at create (/home/ssatl/Documents/Doc@uthANTIC/frontend/node_modules/tapable/lib/HookCodeFactory.js:33:10), <anonymous>:6:1)
    at Hook.CALL_ASYNC_DELEGATE [as _callAsync] (/home/ssatl/Documents/Doc@uthANTIC/frontend/node_modules/tapable/lib/Hook.js:20:14)
    at /home/ssatl/Documents/Doc@uthANTIC/frontend/node_modules/webpack/lib/Compilation.js:3397:38
    at eval (eval at create (/home/ssatl/Documents/Doc@uthANTIC/frontend/node_modules/tapable/lib/HookCodeFactory.js:33:10), <anonymous>:15:1)
    at eval (eval at create (/home/ssatl/Documents/Doc@uthANTIC/frontend/node_modules/tapable/lib/HookCodeFactory.js:33:10), <anonymous>:14:1)
    at process.processTicksAndRejections (node:internal/process/task_queues:95:5)
[1;33m🗃️  Application des migrations Django...[0m
[1;33m🚀 Redémarrage des services CertiSign...[0m
[0;34m[INFO][0m Démarrage des services CertiSign...
[0;34m[INFO][0m Répertoire de travail: /home/ssatl/Documents/Doc@uthANTIC
[0;34m[INFO][0m === ÉTAPE 1: Arrêt des services existants ===
[0;34m[INFO][0m Vérification du port 8080 pour Frontend Vue.js...
[0;34m[INFO][0m Port 8080 déjà libre
[0;34m[INFO][0m Vérification du port 8001 pour API Gateway...
[0;34m[INFO][0m Port 8001 déjà libre
[0;34m[INFO][0m Vérification du port 8002 pour Microservice certificat...
[0;34m[INFO][0m Port 8002 déjà libre
[0;34m[INFO][0m Vérification du port 8003 pour Microservice signature...
[0;34m[INFO][0m Port 8003 déjà libre
[0;34m[INFO][0m Vérification du port 8000 pour Backend Django...
[0;34m[INFO][0m Port 8000 déjà libre
[0;32m[SUCCESS][0m Tous les services ont été arrêtés
[0;34m[INFO][0m === ÉTAPE 2: Démarrage du Backend Django (port 8000) ===
[0;34m[INFO][0m Activation de l'environnement virtuel Django...
[0;34m[INFO][0m Vérification du démarrage de Django sur le port 8000...
..............................[0;31m[ERROR][0m Timeout: Django n'a pas démarré sur le port 8000 après 30s
[0;32m✅ Services redémarrés[0m
[1;33m🔍 Vérification du statut des services...[0m
[0;32m🎉 Déploiement terminé avec succès ![0m
[0;32m📍 Version déployée: de809792[0m
[0;32m📅 jeu. 10 juil. 2025 12:21:31 WAT[0m

[0;32m✨ CertiSign est maintenant à jour et fonctionnel ![0m
2025-07-10 12:21:31 - [0;32m✅ Déploiement automatique réussi[0m
2025-07-10 12:25:01 - [1;33m🔍 Vérification des changements distants...[0m
2025-07-10 12:30:01 - [1;33m🔍 Vérification des changements distants...[0m
2025-07-10 12:30:03 - [0;32m🆕 Nouveaux changements détectés ![0m
2025-07-10 12:30:03 - [1;33mLocal:  de809792449ed1078ba67fa3734ff9f210c806fd[0m
2025-07-10 12:30:03 - [1;33mRemote: 9fbe4c9f93d1c6d560ad426ce04648ee58483e72[0m
2025-07-10 12:30:03 - [1;33m🚀 Déclenchement du déploiement automatique...[0m
🚀 Début du déploiement automatique CertiSign...
📅 jeu. 10 juil. 2025 12:30:03 WAT
[1;33m📁 Répertoire courant: /home/ssatl/Documents/Doc@uthANTIC[0m
[1;33m💾 Sauvegarde de l'état actuel...[0m
Arbre de travail et état de l'index sauvegardés dans On prod: Auto-stash avant déploiement jeu. 10 juil. 2025 12:30:03 WAT
[1;33m📥 Récupération des changements depuis le repository distant...[0m
[1;33m🔄 Nouveaux changements détectés. Mise à jour en cours...[0m
[1;33m🛑 Arrêt des services CertiSign...[0m
[0;34m[INFO][0m 🛑 Arrêt des services CertiSign...

[0;34m[INFO][0m Arrêt de Frontend Vue.js (port 8080)...
[0;34m[INFO][0m Frontend Vue.js n'était pas en cours d'exécution (port 8080 libre)
[0;34m[INFO][0m Arrêt de API Gateway FastAPI (port 8001)...
[0;34m[INFO][0m API Gateway FastAPI n'était pas en cours d'exécution (port 8001 libre)
[0;34m[INFO][0m Arrêt de Microservice certificat (port 8002)...
[0;34m[INFO][0m Microservice certificat n'était pas en cours d'exécution (port 8002 libre)
[0;34m[INFO][0m Arrêt de Microservice signature (port 8003)...
[0;34m[INFO][0m Microservice signature n'était pas en cours d'exécution (port 8003 libre)
[0;34m[INFO][0m Arrêt de Backend Django (port 8000)...
[0;34m[INFO][0m Backend Django n'était pas en cours d'exécution (port 8000 libre)

[0;32m[SUCCESS][0m ✅ Tous les services CertiSign ont été arrêtés
[0;34m[INFO][0m Vérification finale des ports...
sudo: a terminal is required to read the password; either use the -S option to read from standard input or configure an askpass helper
sudo: il est nécessaire de saisir un mot de passe
[0;32m[SUCCESS][0m 🎉 Tous les ports CertiSign sont libres

[0;34m[INFO][0m Pour redémarrer tous les services, utilisez: ./start_certisign_services.sh
[1;33m⬇️  Pull des changements...[0m
Depuis https://github.com/MARKUPsoft-corp/CertiSign
 * branch              prod       -> FETCH_HEAD
Mise à jour de809792..9fbe4c9f
Fast-forward
 DOCUMENTATION_CICD_CERTISIGN.md | 239 ++++++++++++++++++++++++++++++++++++----
 1 file changed, 220 insertions(+), 19 deletions(-)
[0;32m✅ Code mis à jour avec succès[0m
[1;33m🗃️  Application des migrations Django...[0m
[1;33m🚀 Redémarrage des services CertiSign...[0m
[0;32m📋 Exécution du script de démarrage existant...[0m
[0;34m[INFO][0m Démarrage des services CertiSign...
[0;34m[INFO][0m Répertoire de travail: /home/ssatl/Documents/Doc@uthANTIC
[0;34m[INFO][0m === ÉTAPE 1: Arrêt des services existants ===
[0;34m[INFO][0m Vérification du port 8080 pour Frontend Vue.js...
[0;34m[INFO][0m Port 8080 déjà libre
[0;34m[INFO][0m Vérification du port 8001 pour API Gateway...
[0;34m[INFO][0m Port 8001 déjà libre
[0;34m[INFO][0m Vérification du port 8002 pour Microservice certificat...
[0;34m[INFO][0m Port 8002 déjà libre
[0;34m[INFO][0m Vérification du port 8003 pour Microservice signature...
[0;34m[INFO][0m Port 8003 déjà libre
[0;34m[INFO][0m Vérification du port 8000 pour Backend Django...
[0;34m[INFO][0m Port 8000 déjà libre
[0;32m[SUCCESS][0m Tous les services ont été arrêtés
[0;34m[INFO][0m === ÉTAPE 2: Démarrage du Backend Django (port 8000) ===
[0;34m[INFO][0m Activation de l'environnement virtuel Django...
[0;34m[INFO][0m Vérification du démarrage de Django sur le port 8000...
..............................[0;31m[ERROR][0m Timeout: Django n'a pas démarré sur le port 8000 après 30s
[0;32m✅ Services redémarrés via script existant[0m
[0;32m🎉 Déploiement terminé avec succès ![0m
[0;32m📍 Version déployée: 9fbe4c9f[0m
[0;32m📅 jeu. 10 juil. 2025 12:30:39 WAT[0m

[0;32m✨ CertiSign est maintenant à jour et fonctionnel ![0m
2025-07-10 12:30:39 - [0;32m✅ Déploiement automatique réussi[0m
2025-07-10 12:35:01 - [1;33m🔍 Vérification des changements distants...[0m
2025-07-10 12:40:01 - [1;33m🔍 Vérification des changements distants...[0m
2025-07-10 12:40:03 - [0;32m🆕 Nouveaux changements détectés ![0m
2025-07-10 12:40:03 - [1;33mLocal:  9fbe4c9f93d1c6d560ad426ce04648ee58483e72[0m
2025-07-10 12:40:03 - [1;33mRemote: 9f6bd3dad46049678edf7343fa180b1bbb80f43c[0m
2025-07-10 12:40:03 - [1;33m🚀 Déclenchement du déploiement automatique...[0m
🚀 Début du déploiement automatique CertiSign...
📅 jeu. 10 juil. 2025 12:40:03 WAT
[1;33m📁 Répertoire courant: /home/ssatl/Documents/Doc@uthANTIC[0m
[1;33m💾 Sauvegarde de l'état actuel...[0m
Arbre de travail et état de l'index sauvegardés dans On prod: Auto-stash avant déploiement jeu. 10 juil. 2025 12:40:03 WAT
[1;33m📥 Récupération des changements depuis le repository distant...[0m
[1;33m🔄 Nouveaux changements détectés. Mise à jour en cours...[0m
[1;33m🛑 Arrêt des services CertiSign...[0m
[0;34m[INFO][0m 🛑 Arrêt des services CertiSign...

[0;34m[INFO][0m Arrêt de Frontend Vue.js (port 8080)...
[0;34m[INFO][0m Frontend Vue.js n'était pas en cours d'exécution (port 8080 libre)
[0;34m[INFO][0m Arrêt de API Gateway FastAPI (port 8001)...
[0;34m[INFO][0m API Gateway FastAPI n'était pas en cours d'exécution (port 8001 libre)
[0;34m[INFO][0m Arrêt de Microservice certificat (port 8002)...
[0;34m[INFO][0m Microservice certificat n'était pas en cours d'exécution (port 8002 libre)
[0;34m[INFO][0m Arrêt de Microservice signature (port 8003)...
[0;34m[INFO][0m Microservice signature n'était pas en cours d'exécution (port 8003 libre)
[0;34m[INFO][0m Arrêt de Backend Django (port 8000)...
[0;34m[INFO][0m Backend Django n'était pas en cours d'exécution (port 8000 libre)

[0;32m[SUCCESS][0m ✅ Tous les services CertiSign ont été arrêtés
[0;34m[INFO][0m Vérification finale des ports...
sudo: a terminal is required to read the password; either use the -S option to read from standard input or configure an askpass helper
sudo: il est nécessaire de saisir un mot de passe
[0;32m[SUCCESS][0m 🎉 Tous les ports CertiSign sont libres

[0;34m[INFO][0m Pour redémarrer tous les services, utilisez: ./start_certisign_services.sh
[1;33m⬇️  Pull des changements...[0m
Depuis https://github.com/MARKUPsoft-corp/CertiSign
 * branch              prod       -> FETCH_HEAD
Mise à jour 9fbe4c9f..9f6bd3da
Fast-forward
 deploy.sh                       | 19 -------------------
 frontend/src/views/HomePage.vue |  2 +-
 2 files changed, 1 insertion(+), 20 deletions(-)
[0;32m✅ Code mis à jour avec succès[0m
[1;33m🗃️  Application des migrations Django...[0m
[1;33m🚀 Redémarrage des services CertiSign...[0m
[0;32m📋 Exécution du script de démarrage existant...[0m
[0;34m[INFO][0m Démarrage des services CertiSign...
[0;34m[INFO][0m Répertoire de travail: /home/ssatl/Documents/Doc@uthANTIC
[0;34m[INFO][0m === ÉTAPE 1: Arrêt des services existants ===
[0;34m[INFO][0m Vérification du port 8080 pour Frontend Vue.js...
[0;34m[INFO][0m Port 8080 déjà libre
[0;34m[INFO][0m Vérification du port 8001 pour API Gateway...
[0;34m[INFO][0m Port 8001 déjà libre
[0;34m[INFO][0m Vérification du port 8002 pour Microservice certificat...
[0;34m[INFO][0m Port 8002 déjà libre
[0;34m[INFO][0m Vérification du port 8003 pour Microservice signature...
[0;34m[INFO][0m Port 8003 déjà libre
[0;34m[INFO][0m Vérification du port 8000 pour Backend Django...
[0;34m[INFO][0m Port 8000 déjà libre
[0;32m[SUCCESS][0m Tous les services ont été arrêtés
[0;34m[INFO][0m === ÉTAPE 2: Démarrage du Backend Django (port 8000) ===
[0;34m[INFO][0m Activation de l'environnement virtuel Django...
[0;34m[INFO][0m Vérification du démarrage de Django sur le port 8000...
..............................[0;31m[ERROR][0m Timeout: Django n'a pas démarré sur le port 8000 après 30s
[0;32m✅ Services redémarrés via script existant[0m
[0;32m🎉 Déploiement terminé avec succès ![0m
[0;32m📍 Version déployée: 9f6bd3da[0m
[0;32m📅 jeu. 10 juil. 2025 12:40:39 WAT[0m

[0;32m✨ CertiSign est maintenant à jour et fonctionnel ![0m
2025-07-10 12:40:39 - [0;32m✅ Déploiement automatique réussi[0m
2025-07-10 12:45:01 - [1;33m🔍 Vérification des changements distants...[0m
2025-07-10 12:45:03 - [0;32m🆕 Nouveaux changements détectés ![0m
2025-07-10 12:45:03 - [1;33mLocal:  9f6bd3dad46049678edf7343fa180b1bbb80f43c[0m
2025-07-10 12:45:03 - [1;33mRemote: b76175aa7841116ace48e28e67947646c454be2d[0m
2025-07-10 12:45:03 - [1;33m🚀 Déclenchement du déploiement automatique...[0m
🚀 Début du déploiement automatique CertiSign...
📅 jeu. 10 juil. 2025 12:45:03 WAT
[1;33m📁 Répertoire courant: /home/ssatl/Documents/Doc@uthANTIC[0m
[1;33m💾 Sauvegarde de l'état actuel...[0m
Arbre de travail et état de l'index sauvegardés dans On prod: Auto-stash avant déploiement jeu. 10 juil. 2025 12:45:03 WAT
[1;33m📥 Récupération des changements depuis le repository distant...[0m
[1;33m🔄 Nouveaux changements détectés. Mise à jour en cours...[0m
[1;33m⬇️  Pull des changements...[0m
Depuis https://github.com/MARKUPsoft-corp/CertiSign
 * branch              prod       -> FETCH_HEAD
Mise à jour 9f6bd3da..b76175aa
Fast-forward
 deploy.sh                       | 2 +-
 frontend/src/views/HomePage.vue | 2 +-
 2 files changed, 2 insertions(+), 2 deletions(-)
[0;32m✅ Code mis à jour avec succès[0m
[1;33m🗃️  Application des migrations Django...[0m
[0;32m🎉 Déploiement terminé avec succès ![0m
[0;32m📍 Version déployée: b76175aa[0m
[0;32m📅 jeu. 10 juil. 2025 12:45:07 WAT[0m

[0;32m✨ CertiSign est maintenant à jour et fonctionnel ![0m
2025-07-10 12:45:07 - [0;32m✅ Déploiement automatique réussi[0m
2025-07-10 12:50:01 - [1;33m🔍 Vérification des changements distants...[0m
2025-07-10 12:55:01 - [1;33m🔍 Vérification des changements distants...[0m
2025-07-10 13:00:01 - [1;33m🔍 Vérification des changements distants...[0m
2025-07-10 13:05:01 - [1;33m🔍 Vérification des changements distants...[0m
2025-07-10 13:10:02 - [1;33m🔍 Vérification des changements distants...[0m
2025-07-10 13:15:01 - [1;33m🔍 Vérification des changements distants...[0m
2025-07-10 13:20:01 - [1;33m🔍 Vérification des changements distants...[0m
2025-07-10 13:25:01 - [1;33m🔍 Vérification des changements distants...[0m
2025-07-10 13:30:01 - [1;33m🔍 Vérification des changements distants...[0m
2025-07-10 13:35:01 - [1;33m🔍 Vérification des changements distants...[0m
2025-07-10 13:40:01 - [1;33m🔍 Vérification des changements distants...[0m
2025-07-10 13:45:01 - [1;33m🔍 Vérification des changements distants...[0m
2025-07-10 13:50:01 - [1;33m🔍 Vérification des changements distants...[0m
2025-07-10 13:55:01 - [1;33m🔍 Vérification des changements distants...[0m
2025-07-10 14:00:01 - [1;33m🔍 Vérification des changements distants...[0m
2025-07-10 14:05:01 - [1;33m🔍 Vérification des changements distants...[0m
2025-07-10 14:10:01 - [1;33m🔍 Vérification des changements distants...[0m
2025-07-10 14:15:01 - [1;33m🔍 Vérification des changements distants...[0m
2025-07-10 14:20:01 - [1;33m🔍 Vérification des changements distants...[0m
2025-07-10 14:25:01 - [1;33m🔍 Vérification des changements distants...[0m
2025-07-10 14:25:13 - [0;32m🆕 Nouveaux changements détectés ![0m
2025-07-10 14:25:13 - [1;33mLocal:  b76175aa7841116ace48e28e67947646c454be2d[0m
2025-07-10 14:25:13 - [1;33mRemote: 8f13d0a352a8e3827f7099a0b7a7536b50f83c91[0m
2025-07-10 14:25:13 - [1;33m🚀 Déclenchement du déploiement automatique...[0m
🚀 Début du déploiement automatique CertiSign...
📅 jeu. 10 juil. 2025 14:25:13 WAT
[1;33m📁 Répertoire courant: /home/ssatl/Documents/Doc@uthANTIC[0m
[1;33m💾 Sauvegarde de l'état actuel...[0m
Pas de modifications locales à sauver
[1;33m📥 Récupération des changements depuis le repository distant...[0m
[1;33m🔄 Nouveaux changements détectés. Mise à jour en cours...[0m
[1;33m⬇️  Pull des changements...[0m
Depuis https://github.com/MARKUPsoft-corp/CertiSign
 * branch              prod       -> FETCH_HEAD
Mise à jour b76175aa..8f13d0a3
Fast-forward
 .../signature_templates/serializers.py             | 13 ++++++--
 .../django-project/signature_templates/views.py    | 37 ++++++++++++++--------
 deploy.sh                                          |  2 +-
 frontend/src/views/NewDashboard.vue                | 19 ++++++++++-
 frontend/src/views/PrepareDocumentWithTemplate.vue | 20 +++++++++++-
 frontend/src/views/SignWithTemplateMultiple.vue    | 19 ++++++++++-
 6 files changed, 90 insertions(+), 20 deletions(-)
[0;32m✅ Code mis à jour avec succès[0m
[1;33m🗃️  Application des migrations Django...[0m
[0;32m🎉 Déploiement terminé avec succès ![0m
[0;32m📍 Version déployée: 8f13d0a3[0m
[0;32m📅 jeu. 10 juil. 2025 14:25:16 WAT[0m

[0;32m✨ CertiSign est maintenant à jour et fonctionnel ![0m
2025-07-10 14:25:16 - [0;32m✅ Déploiement automatique réussi[0m
2025-07-10 14:30:01 - [1;33m🔍 Vérification des changements distants...[0m
2025-07-10 14:35:01 - [1;33m🔍 Vérification des changements distants...[0m
2025-07-10 14:40:01 - [1;33m🔍 Vérification des changements distants...[0m
2025-07-10 14:45:01 - [1;33m🔍 Vérification des changements distants...[0m
2025-07-10 14:50:01 - [1;33m🔍 Vérification des changements distants...[0m
2025-07-10 14:50:04 - [0;32m🆕 Nouveaux changements détectés ![0m
2025-07-10 14:50:04 - [1;33mLocal:  8f13d0a352a8e3827f7099a0b7a7536b50f83c91[0m
2025-07-10 14:50:04 - [1;33mRemote: 7c33593241ad26c8774bfb32ab6adf7cf7f4db4f[0m
2025-07-10 14:50:04 - [1;33m🚀 Déclenchement du déploiement automatique...[0m
🚀 Début du déploiement automatique CertiSign...
📅 jeu. 10 juil. 2025 14:50:04 WAT
[1;33m📁 Répertoire courant: /home/ssatl/Documents/Doc@uthANTIC[0m
[1;33m💾 Sauvegarde de l'état actuel...[0m
Pas de modifications locales à sauver
[1;33m📥 Récupération des changements depuis le repository distant...[0m
[1;33m🔄 Nouveaux changements détectés. Mise à jour en cours...[0m
[1;33m⬇️  Pull des changements...[0m
Depuis https://github.com/MARKUPsoft-corp/CertiSign
 * branch              prod       -> FETCH_HEAD
Mise à jour 8f13d0a3..7c335932
Fast-forward
 frontend/src/views/CollaboratorDashboard.vue | 533 +++++++++++++++++++++++++-
 frontend/src/views/SignerDashboard.vue       | 535 ++++++++++++++++++++++++++-
 2 files changed, 1056 insertions(+), 12 deletions(-)
[0;32m✅ Code mis à jour avec succès[0m
[1;33m🗃️  Application des migrations Django...[0m
[0;32m🎉 Déploiement terminé avec succès ![0m
[0;32m📍 Version déployée: 7c335932[0m
[0;32m📅 jeu. 10 juil. 2025 14:50:07 WAT[0m

[0;32m✨ CertiSign est maintenant à jour et fonctionnel ![0m
2025-07-10 14:50:07 - [0;32m✅ Déploiement automatique réussi[0m
2025-07-10 14:55:01 - [1;33m🔍 Vérification des changements distants...[0m
2025-07-10 15:00:01 - [1;33m🔍 Vérification des changements distants...[0m
2025-07-10 15:00:03 - [0;32m🆕 Nouveaux changements détectés ![0m
2025-07-10 15:00:03 - [1;33mLocal:  7c33593241ad26c8774bfb32ab6adf7cf7f4db4f[0m
2025-07-10 15:00:03 - [1;33mRemote: 8449737f714c115d77b87fd02bee5e1e73254563[0m
2025-07-10 15:00:03 - [1;33m🚀 Déclenchement du déploiement automatique...[0m
🚀 Début du déploiement automatique CertiSign...
📅 jeu. 10 juil. 2025 15:00:03 WAT
[1;33m📁 Répertoire courant: /home/ssatl/Documents/Doc@uthANTIC[0m
[1;33m💾 Sauvegarde de l'état actuel...[0m
Pas de modifications locales à sauver
[1;33m📥 Récupération des changements depuis le repository distant...[0m
[1;33m🔄 Nouveaux changements détectés. Mise à jour en cours...[0m
[1;33m⬇️  Pull des changements...[0m
Depuis https://github.com/MARKUPsoft-corp/CertiSign
 * branch              prod       -> FETCH_HEAD
Mise à jour 7c335932..8449737f
Fast-forward
 deploy.sh                              | 6 +++---
 frontend/src/views/SignerDashboard.vue | 6 +-----
 2 files changed, 4 insertions(+), 8 deletions(-)
[0;32m✅ Code mis à jour avec succès[0m
[1;33m🗃️  Application des migrations Django...[0m
[0;32m🎉 Déploiement terminé avec succès ![0m
[0;32m📍 Version déployée: 8449737f[0m
[0;32m📅 jeu. 10 juil. 2025 15:00:06 WAT[0m

[0;32m✨ CertiSign est maintenant à jour et fonctionnel ![0m
2025-07-10 15:00:06 - [0;32m✅ Déploiement automatique réussi[0m
2025-07-10 15:05:01 - [1;33m🔍 Vérification des changements distants...[0m
2025-07-10 15:10:02 - [1;33m🔍 Vérification des changements distants...[0m
2025-07-10 15:10:03 - [0;32m🆕 Nouveaux changements détectés ![0m
2025-07-10 15:10:03 - [1;33mLocal:  8449737f714c115d77b87fd02bee5e1e73254563[0m
2025-07-10 15:10:03 - [1;33mRemote: c9333e87e55f237656008b0e937e3fabf2f8a289[0m
2025-07-10 15:10:03 - [1;33m🚀 Déclenchement du déploiement automatique...[0m
🚀 Début du déploiement automatique Doc@uthANTIC...
📅 jeu. 10 juil. 2025 15:10:03 WAT
[1;33m📁 Répertoire courant: /home/ssatl/Documents/Doc@uthANTIC[0m
[1;33m💾 Sauvegarde de l'état actuel...[0m
Pas de modifications locales à sauver
[1;33m📥 Récupération des changements depuis le repository distant...[0m
[1;33m🔄 Nouveaux changements détectés. Mise à jour en cours...[0m
[1;33m⬇️  Pull des changements...[0m
Depuis https://github.com/MARKUPsoft-corp/CertiSign
 * branch              prod       -> FETCH_HEAD
Mise à jour 8449737f..c9333e87
Fast-forward
 frontend/src/views/SignerDashboard.vue | 17 +++++++++++------
 1 file changed, 11 insertions(+), 6 deletions(-)
[0;32m✅ Code mis à jour avec succès[0m
[1;33m🗃️  Application des migrations Django...[0m
[0;32m🎉 Déploiement terminé avec succès ![0m
[0;32m📍 Version déployée: c9333e87[0m
[0;32m📅 jeu. 10 juil. 2025 15:10:06 WAT[0m

[0;32m✨ Doc@uthANTIC est maintenant à jour et fonctionnel ![0m
2025-07-10 15:10:06 - [0;32m✅ Déploiement automatique réussi[0m
2025-07-10 15:15:02 - [1;33m🔍 Vérification des changements distants...[0m
2025-07-10 15:20:01 - [1;33m🔍 Vérification des changements distants...[0m
2025-07-10 15:20:03 - [0;32m🆕 Nouveaux changements détectés ![0m
2025-07-10 15:20:03 - [1;33mLocal:  c9333e87e55f237656008b0e937e3fabf2f8a289[0m
2025-07-10 15:20:03 - [1;33mRemote: d43401fe031e7529dac7d20c5069194cbd6e4e69[0m
2025-07-10 15:20:03 - [1;33m🚀 Déclenchement du déploiement automatique...[0m
🚀 Début du déploiement automatique Doc@uthANTIC...
📅 jeu. 10 juil. 2025 15:20:03 WAT
[1;33m📁 Répertoire courant: /home/ssatl/Documents/Doc@uthANTIC[0m
[1;33m💾 Sauvegarde de l'état actuel...[0m
Pas de modifications locales à sauver
[1;33m📥 Récupération des changements depuis le repository distant...[0m
[1;33m🔄 Nouveaux changements détectés. Mise à jour en cours...[0m
[1;33m⬇️  Pull des changements...[0m
Depuis https://github.com/MARKUPsoft-corp/CertiSign
 * branch              prod       -> FETCH_HEAD
Mise à jour c9333e87..d43401fe
Fast-forward
 frontend/src/views/SignerDashboard.vue | 11 +++++++----
 1 file changed, 7 insertions(+), 4 deletions(-)
[0;32m✅ Code mis à jour avec succès[0m
[1;33m🗃️  Application des migrations Django...[0m
[0;32m🎉 Déploiement terminé avec succès ![0m
[0;32m📍 Version déployée: d43401fe[0m
[0;32m📅 jeu. 10 juil. 2025 15:20:06 WAT[0m

[0;32m✨ Doc@uthANTIC est maintenant à jour et fonctionnel ![0m
2025-07-10 15:20:06 - [0;32m✅ Déploiement automatique réussi[0m
2025-07-10 15:25:01 - [1;33m🔍 Vérification des changements distants...[0m
2025-07-10 15:30:01 - [1;33m🔍 Vérification des changements distants...[0m
2025-07-10 15:35:01 - [1;33m🔍 Vérification des changements distants...[0m
2025-07-10 15:40:01 - [1;33m🔍 Vérification des changements distants...[0m
2025-07-10 15:45:01 - [1;33m🔍 Vérification des changements distants...[0m
2025-07-10 15:50:01 - [1;33m🔍 Vérification des changements distants...[0m
2025-07-10 15:55:01 - [1;33m🔍 Vérification des changements distants...[0m
2025-07-10 15:55:03 - [0;32m🆕 Nouveaux changements détectés ![0m
2025-07-10 15:55:03 - [1;33mLocal:  d43401fe031e7529dac7d20c5069194cbd6e4e69[0m
2025-07-10 15:55:03 - [1;33mRemote: b6ac07883edfba6c46057de6d5aa0f6a92e03ffd[0m
2025-07-10 15:55:03 - [1;33m🚀 Déclenchement du déploiement automatique...[0m
🚀 Début du déploiement automatique Doc@uthANTIC...
📅 jeu. 10 juil. 2025 15:55:03 WAT
[1;33m📁 Répertoire courant: /home/ssatl/Documents/Doc@uthANTIC[0m
[1;33m💾 Sauvegarde de l'état actuel...[0m
Pas de modifications locales à sauver
[1;33m📥 Récupération des changements depuis le repository distant...[0m
[1;33m🔄 Nouveaux changements détectés. Mise à jour en cours...[0m
[1;33m⬇️  Pull des changements...[0m
Depuis https://github.com/MARKUPsoft-corp/CertiSign
 * branch              prod       -> FETCH_HEAD
Mise à jour d43401fe..b6ac0788
Fast-forward
 frontend/src/views/CollaboratorDashboard.vue | 275 ++++++++++++++++++++++++---
 1 file changed, 251 insertions(+), 24 deletions(-)
[0;32m✅ Code mis à jour avec succès[0m
[1;33m🗃️  Application des migrations Django...[0m
[0;32m🎉 Déploiement terminé avec succès ![0m
[0;32m📍 Version déployée: b6ac0788[0m
[0;32m📅 jeu. 10 juil. 2025 15:55:06 WAT[0m

[0;32m✨ Doc@uthANTIC est maintenant à jour et fonctionnel ![0m
2025-07-10 15:55:06 - [0;32m✅ Déploiement automatique réussi[0m
2025-07-10 16:00:01 - [1;33m🔍 Vérification des changements distants...[0m
2025-07-10 16:00:03 - [0;32m🆕 Nouveaux changements détectés ![0m
2025-07-10 16:00:03 - [1;33mLocal:  b6ac07883edfba6c46057de6d5aa0f6a92e03ffd[0m
2025-07-10 16:00:03 - [1;33mRemote: bda20afd5f8df867ab491f6354007ad153c1ef8a[0m
2025-07-10 16:00:03 - [1;33m🚀 Déclenchement du déploiement automatique...[0m
🚀 Début du déploiement automatique Doc@uthANTIC...
📅 jeu. 10 juil. 2025 16:00:03 WAT
[1;33m📁 Répertoire courant: /home/ssatl/Documents/Doc@uthANTIC[0m
[1;33m💾 Sauvegarde de l'état actuel...[0m
Pas de modifications locales à sauver
[1;33m📥 Récupération des changements depuis le repository distant...[0m
[1;33m🔄 Nouveaux changements détectés. Mise à jour en cours...[0m
[1;33m⬇️  Pull des changements...[0m
Depuis https://github.com/MARKUPsoft-corp/CertiSign
 * branch              prod       -> FETCH_HEAD
Mise à jour b6ac0788..bda20afd
Fast-forward
 frontend/src/views/SignerDashboard.vue | 271 ++++++++++++++++++++++++++++++---
 1 file changed, 250 insertions(+), 21 deletions(-)
[0;32m✅ Code mis à jour avec succès[0m
[1;33m🗃️  Application des migrations Django...[0m
[0;32m🎉 Déploiement terminé avec succès ![0m
[0;32m📍 Version déployée: bda20afd[0m
[0;32m📅 jeu. 10 juil. 2025 16:00:07 WAT[0m

[0;32m✨ Doc@uthANTIC est maintenant à jour et fonctionnel ![0m
2025-07-10 16:00:07 - [0;32m✅ Déploiement automatique réussi[0m
2025-07-10 16:05:01 - [1;33m🔍 Vérification des changements distants...[0m
2025-07-10 16:10:01 - [1;33m🔍 Vérification des changements distants...[0m
2025-07-10 16:10:03 - [0;32m🆕 Nouveaux changements détectés ![0m
2025-07-10 16:10:03 - [1;33mLocal:  bda20afd5f8df867ab491f6354007ad153c1ef8a[0m
2025-07-10 16:10:03 - [1;33mRemote: 0fed46b8f5434b519e5a267b3186275b160c06c6[0m
2025-07-10 16:10:03 - [1;33m🚀 Déclenchement du déploiement automatique...[0m
🚀 Début du déploiement automatique Doc@uthANTIC...
📅 jeu. 10 juil. 2025 16:10:03 WAT
[1;33m📁 Répertoire courant: /home/ssatl/Documents/Doc@uthANTIC[0m
[1;33m💾 Sauvegarde de l'état actuel...[0m
Pas de modifications locales à sauver
[1;33m📥 Récupération des changements depuis le repository distant...[0m
[1;33m🔄 Nouveaux changements détectés. Mise à jour en cours...[0m
[1;33m⬇️  Pull des changements...[0m
Depuis https://github.com/MARKUPsoft-corp/CertiSign
 * branch              prod       -> FETCH_HEAD
Mise à jour bda20afd..0fed46b8
Fast-forward
 frontend/src/views/SignerDashboard.vue | 37 +++++++++++++++++++++-------------
 1 file changed, 23 insertions(+), 14 deletions(-)
[0;32m✅ Code mis à jour avec succès[0m
[1;33m🗃️  Application des migrations Django...[0m
[0;32m🎉 Déploiement terminé avec succès ![0m
[0;32m📍 Version déployée: 0fed46b8[0m
[0;32m📅 jeu. 10 juil. 2025 16:10:06 WAT[0m

[0;32m✨ Doc@uthANTIC est maintenant à jour et fonctionnel ![0m
2025-07-10 16:10:06 - [0;32m✅ Déploiement automatique réussi[0m
2025-07-10 16:15:01 - [1;33m🔍 Vérification des changements distants...[0m
2025-07-10 16:20:01 - [1;33m🔍 Vérification des changements distants...[0m
2025-07-10 16:25:02 - [1;33m🔍 Vérification des changements distants...[0m
2025-07-10 16:30:01 - [1;33m🔍 Vérification des changements distants...[0m
2025-07-10 16:35:01 - [1;33m🔍 Vérification des changements distants...[0m
2025-07-10 16:40:01 - [1;33m🔍 Vérification des changements distants...[0m
2025-07-10 16:45:01 - [1;33m🔍 Vérification des changements distants...[0m
2025-07-10 16:50:01 - [1;33m🔍 Vérification des changements distants...[0m
2025-07-10 16:55:01 - [1;33m🔍 Vérification des changements distants...[0m
2025-07-10 17:00:01 - [1;33m🔍 Vérification des changements distants...[0m
2025-07-10 17:05:01 - [1;33m🔍 Vérification des changements distants...[0m
2025-07-10 17:10:01 - [1;33m🔍 Vérification des changements distants...[0m
2025-07-10 17:15:01 - [1;33m🔍 Vérification des changements distants...[0m
2025-07-10 17:20:01 - [1;33m🔍 Vérification des changements distants...[0m
2025-07-10 17:25:01 - [1;33m🔍 Vérification des changements distants...[0m
2025-07-10 17:30:01 - [1;33m🔍 Vérification des changements distants...[0m
2025-07-10 17:35:01 - [1;33m🔍 Vérification des changements distants...[0m
2025-07-10 17:40:01 - [1;33m🔍 Vérification des changements distants...[0m
2025-07-10 17:45:01 - [1;33m🔍 Vérification des changements distants...[0m
2025-07-10 17:50:01 - [1;33m🔍 Vérification des changements distants...[0m
2025-07-10 17:55:01 - [1;33m🔍 Vérification des changements distants...[0m
2025-07-10 18:00:01 - [1;33m🔍 Vérification des changements distants...[0m
2025-07-10 18:05:01 - [1;33m🔍 Vérification des changements distants...[0m
2025-07-10 18:10:01 - [1;33m🔍 Vérification des changements distants...[0m
2025-07-10 18:15:01 - [1;33m🔍 Vérification des changements distants...[0m
2025-07-10 18:20:01 - [1;33m🔍 Vérification des changements distants...[0m
2025-07-10 18:25:01 - [1;33m🔍 Vérification des changements distants...[0m
2025-07-10 18:30:01 - [1;33m🔍 Vérification des changements distants...[0m
2025-07-10 18:35:01 - [1;33m🔍 Vérification des changements distants...[0m
2025-07-10 18:40:02 - [1;33m🔍 Vérification des changements distants...[0m
2025-07-10 18:45:01 - [1;33m🔍 Vérification des changements distants...[0m
2025-07-10 18:50:01 - [1;33m🔍 Vérification des changements distants...[0m
2025-07-10 18:55:01 - [1;33m🔍 Vérification des changements distants...[0m
2025-07-10 19:00:01 - [1;33m🔍 Vérification des changements distants...[0m
2025-07-10 19:05:01 - [1;33m🔍 Vérification des changements distants...[0m
2025-07-10 19:10:01 - [1;33m🔍 Vérification des changements distants...[0m
2025-07-10 19:15:01 - [1;33m🔍 Vérification des changements distants...[0m
2025-07-10 19:20:01 - [1;33m🔍 Vérification des changements distants...[0m
2025-07-10 19:25:01 - [1;33m🔍 Vérification des changements distants...[0m
2025-07-10 19:30:02 - [1;33m🔍 Vérification des changements distants...[0m
2025-07-10 19:35:01 - [1;33m🔍 Vérification des changements distants...[0m
2025-07-10 19:40:01 - [1;33m🔍 Vérification des changements distants...[0m
2025-07-10 19:45:01 - [1;33m🔍 Vérification des changements distants...[0m
2025-07-10 19:50:01 - [1;33m🔍 Vérification des changements distants...[0m
2025-07-10 19:55:01 - [1;33m🔍 Vérification des changements distants...[0m
2025-07-10 20:00:01 - [1;33m🔍 Vérification des changements distants...[0m
2025-07-10 20:05:01 - [1;33m🔍 Vérification des changements distants...[0m
2025-07-10 20:10:01 - [1;33m🔍 Vérification des changements distants...[0m
2025-07-10 20:15:01 - [1;33m🔍 Vérification des changements distants...[0m
2025-07-10 20:20:01 - [1;33m🔍 Vérification des changements distants...[0m
2025-07-10 20:25:01 - [1;33m🔍 Vérification des changements distants...[0m
2025-07-10 20:30:01 - [1;33m🔍 Vérification des changements distants...[0m
2025-07-10 20:35:01 - [1;33m🔍 Vérification des changements distants...[0m
2025-07-10 20:40:01 - [1;33m🔍 Vérification des changements distants...[0m
2025-07-10 20:45:01 - [1;33m🔍 Vérification des changements distants...[0m
2025-07-10 20:50:01 - [1;33m🔍 Vérification des changements distants...[0m
2025-07-10 20:55:01 - [1;33m🔍 Vérification des changements distants...[0m
2025-07-10 21:00:02 - [1;33m🔍 Vérification des changements distants...[0m
2025-07-10 21:05:01 - [1;33m🔍 Vérification des changements distants...[0m
2025-07-10 21:10:01 - [1;33m🔍 Vérification des changements distants...[0m
2025-07-10 21:15:01 - [1;33m🔍 Vérification des changements distants...[0m
2025-07-10 21:20:01 - [1;33m🔍 Vérification des changements distants...[0m
2025-07-10 21:25:01 - [1;33m🔍 Vérification des changements distants...[0m
2025-07-10 21:30:01 - [1;33m🔍 Vérification des changements distants...[0m
2025-07-10 21:35:01 - [1;33m🔍 Vérification des changements distants...[0m
2025-07-10 21:40:01 - [1;33m🔍 Vérification des changements distants...[0m
2025-07-10 21:45:01 - [1;33m🔍 Vérification des changements distants...[0m
2025-07-10 21:50:01 - [1;33m🔍 Vérification des changements distants...[0m
2025-07-10 21:55:01 - [1;33m🔍 Vérification des changements distants...[0m
2025-07-10 22:00:01 - [1;33m🔍 Vérification des changements distants...[0m
2025-07-10 22:05:01 - [1;33m🔍 Vérification des changements distants...[0m
2025-07-10 22:10:01 - [1;33m🔍 Vérification des changements distants...[0m
2025-07-10 22:15:01 - [1;33m🔍 Vérification des changements distants...[0m
2025-07-10 22:20:01 - [1;33m🔍 Vérification des changements distants...[0m
2025-07-10 22:25:01 - [1;33m🔍 Vérification des changements distants...[0m
2025-07-10 22:30:01 - [1;33m🔍 Vérification des changements distants...[0m
2025-07-10 22:35:01 - [1;33m🔍 Vérification des changements distants...[0m
2025-07-10 22:40:01 - [1;33m🔍 Vérification des changements distants...[0m
2025-07-10 22:45:01 - [1;33m🔍 Vérification des changements distants...[0m
2025-07-10 22:50:01 - [1;33m🔍 Vérification des changements distants...[0m
2025-07-10 22:55:01 - [1;33m🔍 Vérification des changements distants...[0m
2025-07-10 23:00:01 - [1;33m🔍 Vérification des changements distants...[0m
2025-07-10 23:05:01 - [1;33m🔍 Vérification des changements distants...[0m
2025-07-10 23:10:01 - [1;33m🔍 Vérification des changements distants...[0m
2025-07-10 23:15:01 - [1;33m🔍 Vérification des changements distants...[0m
2025-07-10 23:20:01 - [1;33m🔍 Vérification des changements distants...[0m
2025-07-10 23:25:01 - [1;33m🔍 Vérification des changements distants...[0m
2025-07-10 23:30:01 - [1;33m🔍 Vérification des changements distants...[0m
2025-07-10 23:35:01 - [1;33m🔍 Vérification des changements distants...[0m
2025-07-10 23:40:01 - [1;33m🔍 Vérification des changements distants...[0m
2025-07-10 23:45:01 - [1;33m🔍 Vérification des changements distants...[0m
2025-07-10 23:50:01 - [1;33m🔍 Vérification des changements distants...[0m
2025-07-10 23:55:01 - [1;33m🔍 Vérification des changements distants...[0m
2025-07-11 00:00:01 - [1;33m🔍 Vérification des changements distants...[0m
2025-07-11 00:05:01 - [1;33m🔍 Vérification des changements distants...[0m
2025-07-11 00:10:01 - [1;33m🔍 Vérification des changements distants...[0m
2025-07-11 00:15:01 - [1;33m🔍 Vérification des changements distants...[0m
2025-07-11 00:20:01 - [1;33m🔍 Vérification des changements distants...[0m
2025-07-11 00:25:01 - [1;33m🔍 Vérification des changements distants...[0m
2025-07-11 00:30:01 - [1;33m🔍 Vérification des changements distants...[0m
2025-07-11 00:35:01 - [1;33m🔍 Vérification des changements distants...[0m
2025-07-11 00:40:01 - [1;33m🔍 Vérification des changements distants...[0m
2025-07-11 00:45:01 - [1;33m🔍 Vérification des changements distants...[0m
2025-07-11 00:50:01 - [1;33m🔍 Vérification des changements distants...[0m
2025-07-11 00:55:01 - [1;33m🔍 Vérification des changements distants...[0m
2025-07-11 01:00:01 - [1;33m🔍 Vérification des changements distants...[0m
2025-07-11 01:05:01 - [1;33m🔍 Vérification des changements distants...[0m
2025-07-11 01:10:01 - [1;33m🔍 Vérification des changements distants...[0m
2025-07-11 01:15:01 - [1;33m🔍 Vérification des changements distants...[0m
2025-07-11 01:20:01 - [1;33m🔍 Vérification des changements distants...[0m
2025-07-11 01:25:01 - [1;33m🔍 Vérification des changements distants...[0m
2025-07-11 01:30:01 - [1;33m🔍 Vérification des changements distants...[0m
2025-07-11 01:35:01 - [1;33m🔍 Vérification des changements distants...[0m
2025-07-11 01:40:01 - [1;33m🔍 Vérification des changements distants...[0m
2025-07-11 01:45:01 - [1;33m🔍 Vérification des changements distants...[0m
2025-07-11 01:50:01 - [1;33m🔍 Vérification des changements distants...[0m
2025-07-11 01:55:01 - [1;33m🔍 Vérification des changements distants...[0m
2025-07-11 02:00:01 - [1;33m🔍 Vérification des changements distants...[0m
2025-07-11 02:05:01 - [1;33m🔍 Vérification des changements distants...[0m
2025-07-11 02:10:01 - [1;33m🔍 Vérification des changements distants...[0m
2025-07-11 02:15:01 - [1;33m🔍 Vérification des changements distants...[0m
2025-07-11 02:20:01 - [1;33m🔍 Vérification des changements distants...[0m
2025-07-11 02:25:01 - [1;33m🔍 Vérification des changements distants...[0m
2025-07-11 02:30:01 - [1;33m🔍 Vérification des changements distants...[0m
2025-07-11 02:35:01 - [1;33m🔍 Vérification des changements distants...[0m
2025-07-11 02:40:01 - [1;33m🔍 Vérification des changements distants...[0m
2025-07-11 02:45:01 - [1;33m🔍 Vérification des changements distants...[0m
2025-07-11 02:50:01 - [1;33m🔍 Vérification des changements distants...[0m
2025-07-11 02:55:01 - [1;33m🔍 Vérification des changements distants...[0m
2025-07-11 03:00:01 - [1;33m🔍 Vérification des changements distants...[0m
2025-07-11 03:05:01 - [1;33m🔍 Vérification des changements distants...[0m
2025-07-11 03:10:01 - [1;33m🔍 Vérification des changements distants...[0m
2025-07-11 03:15:01 - [1;33m🔍 Vérification des changements distants...[0m
2025-07-11 03:20:01 - [1;33m🔍 Vérification des changements distants...[0m
2025-07-11 03:25:01 - [1;33m🔍 Vérification des changements distants...[0m
2025-07-11 03:30:01 - [1;33m🔍 Vérification des changements distants...[0m
2025-07-11 03:35:01 - [1;33m🔍 Vérification des changements distants...[0m
2025-07-11 03:40:01 - [1;33m🔍 Vérification des changements distants...[0m
2025-07-11 03:45:01 - [1;33m🔍 Vérification des changements distants...[0m
2025-07-11 03:50:01 - [1;33m🔍 Vérification des changements distants...[0m
2025-07-11 03:55:01 - [1;33m🔍 Vérification des changements distants...[0m
2025-07-11 04:00:01 - [1;33m🔍 Vérification des changements distants...[0m
2025-07-11 04:05:01 - [1;33m🔍 Vérification des changements distants...[0m
2025-07-11 04:10:01 - [1;33m🔍 Vérification des changements distants...[0m
2025-07-11 04:15:02 - [1;33m🔍 Vérification des changements distants...[0m
2025-07-11 04:20:01 - [1;33m🔍 Vérification des changements distants...[0m
2025-07-11 04:25:01 - [1;33m🔍 Vérification des changements distants...[0m
2025-07-11 04:30:01 - [1;33m🔍 Vérification des changements distants...[0m
2025-07-11 04:35:02 - [1;33m🔍 Vérification des changements distants...[0m
2025-07-11 04:40:01 - [1;33m🔍 Vérification des changements distants...[0m
2025-07-11 04:45:01 - [1;33m🔍 Vérification des changements distants...[0m
2025-07-11 04:50:01 - [1;33m🔍 Vérification des changements distants...[0m
2025-07-11 04:55:01 - [1;33m🔍 Vérification des changements distants...[0m
2025-07-11 05:00:01 - [1;33m🔍 Vérification des changements distants...[0m
2025-07-11 05:05:01 - [1;33m🔍 Vérification des changements distants...[0m
2025-07-11 05:10:01 - [1;33m🔍 Vérification des changements distants...[0m
2025-07-11 05:15:01 - [1;33m🔍 Vérification des changements distants...[0m
2025-07-11 05:20:01 - [1;33m🔍 Vérification des changements distants...[0m
2025-07-11 05:25:01 - [1;33m🔍 Vérification des changements distants...[0m
2025-07-11 05:30:01 - [1;33m🔍 Vérification des changements distants...[0m
2025-07-11 05:35:01 - [1;33m🔍 Vérification des changements distants...[0m
2025-07-11 05:40:01 - [1;33m🔍 Vérification des changements distants...[0m
2025-07-11 05:45:01 - [1;33m🔍 Vérification des changements distants...[0m
2025-07-11 05:50:01 - [1;33m🔍 Vérification des changements distants...[0m
2025-07-11 05:55:01 - [1;33m🔍 Vérification des changements distants...[0m
2025-07-11 06:00:01 - [1;33m🔍 Vérification des changements distants...[0m
2025-07-11 06:05:01 - [1;33m🔍 Vérification des changements distants...[0m
2025-07-11 06:10:01 - [1;33m🔍 Vérification des changements distants...[0m
2025-07-11 06:15:01 - [1;33m🔍 Vérification des changements distants...[0m
2025-07-11 06:20:01 - [1;33m🔍 Vérification des changements distants...[0m
2025-07-11 06:25:01 - [1;33m🔍 Vérification des changements distants...[0m
2025-07-11 06:30:01 - [1;33m🔍 Vérification des changements distants...[0m
2025-07-11 06:35:01 - [1;33m🔍 Vérification des changements distants...[0m
2025-07-11 06:40:01 - [1;33m🔍 Vérification des changements distants...[0m
2025-07-11 06:45:01 - [1;33m🔍 Vérification des changements distants...[0m
2025-07-11 06:50:01 - [1;33m🔍 Vérification des changements distants...[0m
2025-07-11 06:55:01 - [1;33m🔍 Vérification des changements distants...[0m
2025-07-11 07:00:01 - [1;33m🔍 Vérification des changements distants...[0m
2025-07-11 07:05:01 - [1;33m🔍 Vérification des changements distants...[0m
2025-07-11 07:10:01 - [1;33m🔍 Vérification des changements distants...[0m
2025-07-11 07:15:01 - [1;33m🔍 Vérification des changements distants...[0m
2025-07-11 07:20:01 - [1;33m🔍 Vérification des changements distants...[0m
2025-07-11 07:25:01 - [1;33m🔍 Vérification des changements distants...[0m
2025-07-11 07:30:01 - [1;33m🔍 Vérification des changements distants...[0m
2025-07-11 07:35:01 - [1;33m🔍 Vérification des changements distants...[0m
2025-07-11 07:40:01 - [1;33m🔍 Vérification des changements distants...[0m
2025-07-11 07:45:01 - [1;33m🔍 Vérification des changements distants...[0m
2025-07-11 07:50:01 - [1;33m🔍 Vérification des changements distants...[0m
2025-07-11 07:55:01 - [1;33m🔍 Vérification des changements distants...[0m
2025-07-11 08:00:01 - [1;33m🔍 Vérification des changements distants...[0m
2025-07-11 08:05:01 - [1;33m🔍 Vérification des changements distants...[0m
2025-07-11 08:10:01 - [1;33m🔍 Vérification des changements distants...[0m
2025-07-11 08:15:01 - [1;33m🔍 Vérification des changements distants...[0m
2025-07-11 08:20:01 - [1;33m🔍 Vérification des changements distants...[0m
2025-07-11 08:25:01 - [1;33m🔍 Vérification des changements distants...[0m
2025-07-11 08:30:01 - [1;33m🔍 Vérification des changements distants...[0m
2025-07-11 08:35:01 - [1;33m🔍 Vérification des changements distants...[0m
2025-07-11 08:40:01 - [1;33m🔍 Vérification des changements distants...[0m
2025-07-11 08:45:01 - [1;33m🔍 Vérification des changements distants...[0m
2025-07-11 08:50:01 - [1;33m🔍 Vérification des changements distants...[0m
2025-07-11 08:55:01 - [1;33m🔍 Vérification des changements distants...[0m
2025-07-11 09:00:01 - [1;33m🔍 Vérification des changements distants...[0m
2025-07-11 09:05:01 - [1;33m🔍 Vérification des changements distants...[0m
2025-07-11 09:10:01 - [1;33m🔍 Vérification des changements distants...[0m
2025-07-11 09:10:03 - [0;32m🆕 Nouveaux changements détectés ![0m
2025-07-11 09:10:03 - [1;33mLocal:  0fed46b8f5434b519e5a267b3186275b160c06c6[0m
2025-07-11 09:10:03 - [1;33mRemote: 49836f660e80279e6414c4655e795921419d3c7c[0m
2025-07-11 09:10:03 - [1;33m🚀 Déclenchement du déploiement automatique...[0m
🚀 Début du déploiement automatique Doc@uthANTIC...
📅 ven. 11 juil. 2025 09:10:03 WAT
[1;33m📁 Répertoire courant: /home/ssatl/Documents/Doc@uthANTIC[0m
[1;33m💾 Sauvegarde de l'état actuel...[0m
Arbre de travail et état de l'index sauvegardés dans On prod: Auto-stash avant déploiement ven. 11 juil. 2025 09:10:03 WAT
[1;33m📥 Récupération des changements depuis le repository distant...[0m
[1;33m🔄 Nouveaux changements détectés. Mise à jour en cours...[0m
[1;33m⬇️  Pull des changements...[0m
Depuis https://github.com/MARKUPsoft-corp/CertiSign
 * branch              prod       -> FETCH_HEAD
Mise à jour 0fed46b8..49836f66
Fast-forward
 frontend/src/views/SignSimpleSigner.vue | 12 ++++++++++++
 frontend/src/views/SignerDashboard.vue  | 32 ++++++++++++++++++++++++++------
 2 files changed, 38 insertions(+), 6 deletions(-)
 create mode 100644 frontend/src/views/SignSimpleSigner.vue
[0;32m✅ Code mis à jour avec succès[0m
[1;33m🗃️  Application des migrations Django...[0m
[0;32m🎉 Déploiement terminé avec succès ![0m
[0;32m📍 Version déployée: 49836f66[0m
[0;32m📅 ven. 11 juil. 2025 09:10:07 WAT[0m

[0;32m✨ Doc@uthANTIC est maintenant à jour et fonctionnel ![0m
2025-07-11 09:10:07 - [0;32m✅ Déploiement automatique réussi[0m
2025-07-11 09:15:01 - [1;33m🔍 Vérification des changements distants...[0m
2025-07-11 09:20:01 - [1;33m🔍 Vérification des changements distants...[0m
2025-07-11 09:25:01 - [1;33m🔍 Vérification des changements distants...[0m
2025-07-11 09:30:01 - [1;33m🔍 Vérification des changements distants...[0m
2025-07-11 09:30:05 - [0;32m🆕 Nouveaux changements détectés ![0m
2025-07-11 09:30:05 - [1;33mLocal:  49836f660e80279e6414c4655e795921419d3c7c[0m
2025-07-11 09:30:05 - [1;33mRemote: 46e5a81fcf763a3bf06da22fe2df27c7f247f7c0[0m
2025-07-11 09:30:05 - [1;33m🚀 Déclenchement du déploiement automatique...[0m
🚀 Début du déploiement automatique Doc@uthANTIC...
📅 ven. 11 juil. 2025 09:30:05 WAT
[1;33m📁 Répertoire courant: /home/ssatl/Documents/Doc@uthANTIC[0m
[1;33m💾 Sauvegarde de l'état actuel...[0m
Pas de modifications locales à sauver
[1;33m📥 Récupération des changements depuis le repository distant...[0m
[1;33m🔄 Nouveaux changements détectés. Mise à jour en cours...[0m
[1;33m⬇️  Pull des changements...[0m
Depuis https://github.com/MARKUPsoft-corp/CertiSign
 * branch              prod       -> FETCH_HEAD
Mise à jour 49836f66..46e5a81f
Fast-forward
 frontend/src/views/SignerDashboard.vue | 4 ++--
 1 file changed, 2 insertions(+), 2 deletions(-)
[0;32m✅ Code mis à jour avec succès[0m
[1;33m🗃️  Application des migrations Django...[0m
[0;32m🎉 Déploiement terminé avec succès ![0m
[0;32m📍 Version déployée: 46e5a81f[0m
[0;32m📅 ven. 11 juil. 2025 09:30:08 WAT[0m

[0;32m✨ Doc@uthANTIC est maintenant à jour et fonctionnel ![0m
2025-07-11 09:30:08 - [0;32m✅ Déploiement automatique réussi[0m
2025-07-11 09:35:01 - [1;33m🔍 Vérification des changements distants...[0m
2025-07-11 09:40:01 - [1;33m🔍 Vérification des changements distants...[0m
2025-07-11 09:45:01 - [1;33m🔍 Vérification des changements distants...[0m
2025-07-11 09:45:03 - [0;32m🆕 Nouveaux changements détectés ![0m
2025-07-11 09:45:03 - [1;33mLocal:  46e5a81fcf763a3bf06da22fe2df27c7f247f7c0[0m
2025-07-11 09:45:03 - [1;33mRemote: 5fe873260a1d13a49b2a5075d7349112fbc02513[0m
2025-07-11 09:45:03 - [1;33m🚀 Déclenchement du déploiement automatique...[0m
🚀 Début du déploiement automatique Doc@uthANTIC...
📅 ven. 11 juil. 2025 09:45:03 WAT
[1;33m📁 Répertoire courant: /home/ssatl/Documents/Doc@uthANTIC[0m
[1;33m💾 Sauvegarde de l'état actuel...[0m
Pas de modifications locales à sauver
[1;33m📥 Récupération des changements depuis le repository distant...[0m
[1;33m🔄 Nouveaux changements détectés. Mise à jour en cours...[0m
[1;33m⬇️  Pull des changements...[0m
Depuis https://github.com/MARKUPsoft-corp/CertiSign
 * branch              prod       -> FETCH_HEAD
Mise à jour 46e5a81f..5fe87326
Fast-forward
 frontend/src/views/SignSimpleSigner.vue | 18 +++++++++++++++++-
 frontend/src/views/SignerDashboard.vue  |  2 +-
 2 files changed, 18 insertions(+), 2 deletions(-)
[0;32m✅ Code mis à jour avec succès[0m
[1;33m🗃️  Application des migrations Django...[0m
[0;32m🎉 Déploiement terminé avec succès ![0m
[0;32m📍 Version déployée: 5fe87326[0m
[0;32m📅 ven. 11 juil. 2025 09:45:06 WAT[0m

[0;32m✨ Doc@uthANTIC est maintenant à jour et fonctionnel ![0m
2025-07-11 09:45:06 - [0;32m✅ Déploiement automatique réussi[0m
2025-07-11 09:50:01 - [1;33m🔍 Vérification des changements distants...[0m
2025-07-11 09:55:01 - [1;33m🔍 Vérification des changements distants...[0m
2025-07-11 10:00:01 - [1;33m🔍 Vérification des changements distants...[0m
2025-07-11 10:00:03 - [0;32m🆕 Nouveaux changements détectés ![0m
2025-07-11 10:00:03 - [1;33mLocal:  5fe873260a1d13a49b2a5075d7349112fbc02513[0m
2025-07-11 10:00:03 - [1;33mRemote: f9927554f6a647c540ca102a36bb6c001247a760[0m
2025-07-11 10:00:03 - [1;33m🚀 Déclenchement du déploiement automatique...[0m
🚀 Début du déploiement automatique Doc@uthANTIC...
📅 ven. 11 juil. 2025 10:00:03 WAT
[1;33m📁 Répertoire courant: /home/ssatl/Documents/Doc@uthANTIC[0m
[1;33m💾 Sauvegarde de l'état actuel...[0m
Pas de modifications locales à sauver
[1;33m📥 Récupération des changements depuis le repository distant...[0m
[1;33m🔄 Nouveaux changements détectés. Mise à jour en cours...[0m
[1;33m⬇️  Pull des changements...[0m
Depuis https://github.com/MARKUPsoft-corp/CertiSign
 * branch              prod       -> FETCH_HEAD
Mise à jour 5fe87326..f9927554
Fast-forward
 frontend/src/views/SignSimple.vue | 1 +
 1 file changed, 1 insertion(+)
[0;32m✅ Code mis à jour avec succès[0m
[1;33m🗃️  Application des migrations Django...[0m
[0;32m🎉 Déploiement terminé avec succès ![0m
[0;32m📍 Version déployée: f9927554[0m
[0;32m📅 ven. 11 juil. 2025 10:00:06 WAT[0m

[0;32m✨ Doc@uthANTIC est maintenant à jour et fonctionnel ![0m
2025-07-11 10:00:06 - [0;32m✅ Déploiement automatique réussi[0m
2025-07-11 10:05:01 - [1;33m🔍 Vérification des changements distants...[0m
2025-07-11 10:10:01 - [1;33m🔍 Vérification des changements distants...[0m
2025-07-11 10:15:01 - [1;33m🔍 Vérification des changements distants...[0m
2025-07-11 10:15:03 - [0;32m🆕 Nouveaux changements détectés ![0m
2025-07-11 10:15:03 - [1;33mLocal:  f9927554f6a647c540ca102a36bb6c001247a760[0m
2025-07-11 10:15:03 - [1;33mRemote: 676fa44f2ec4860aa625bf5c28abd9e61e967375[0m
2025-07-11 10:15:03 - [1;33m🚀 Déclenchement du déploiement automatique...[0m
🚀 Début du déploiement automatique Doc@uthANTIC...
📅 ven. 11 juil. 2025 10:15:03 WAT
[1;33m📁 Répertoire courant: /home/ssatl/Documents/Doc@uthANTIC[0m
[1;33m💾 Sauvegarde de l'état actuel...[0m
Pas de modifications locales à sauver
[1;33m📥 Récupération des changements depuis le repository distant...[0m
[1;33m🔄 Nouveaux changements détectés. Mise à jour en cours...[0m
[1;33m⬇️  Pull des changements...[0m
Depuis https://github.com/MARKUPsoft-corp/CertiSign
 * branch              prod       -> FETCH_HEAD
Mise à jour f9927554..676fa44f
Fast-forward
 frontend/src/views/SignSimpleSigner.vue | 13 +++++++++++--
 1 file changed, 11 insertions(+), 2 deletions(-)
[0;32m✅ Code mis à jour avec succès[0m
[1;33m🗃️  Application des migrations Django...[0m
[0;32m🎉 Déploiement terminé avec succès ![0m
[0;32m📍 Version déployée: 676fa44f[0m
[0;32m📅 ven. 11 juil. 2025 10:15:06 WAT[0m

[0;32m✨ Doc@uthANTIC est maintenant à jour et fonctionnel ![0m
2025-07-11 10:15:06 - [0;32m✅ Déploiement automatique réussi[0m
2025-07-11 10:20:01 - [1;33m🔍 Vérification des changements distants...[0m
2025-07-11 10:20:03 - [0;32m🆕 Nouveaux changements détectés ![0m
2025-07-11 10:20:03 - [1;33mLocal:  676fa44f2ec4860aa625bf5c28abd9e61e967375[0m
2025-07-11 10:20:03 - [1;33mRemote: d112d93667741574ac4fde151ae9fac634895a70[0m
2025-07-11 10:20:03 - [1;33m🚀 Déclenchement du déploiement automatique...[0m
🚀 Début du déploiement automatique Doc@uthANTIC...
📅 ven. 11 juil. 2025 10:20:03 WAT
[1;33m📁 Répertoire courant: /home/ssatl/Documents/Doc@uthANTIC[0m
[1;33m💾 Sauvegarde de l'état actuel...[0m
Pas de modifications locales à sauver
[1;33m📥 Récupération des changements depuis le repository distant...[0m
[1;33m🔄 Nouveaux changements détectés. Mise à jour en cours...[0m
[1;33m⬇️  Pull des changements...[0m
Depuis https://github.com/MARKUPsoft-corp/CertiSign
 * branch              prod       -> FETCH_HEAD
Mise à jour 676fa44f..d112d936
Fast-forward
 frontend/src/views/SignSimple.vue       |  1 -
 frontend/src/views/SignSimpleSigner.vue | 13 ++-----------
 2 files changed, 2 insertions(+), 12 deletions(-)
[0;32m✅ Code mis à jour avec succès[0m
[1;33m🗃️  Application des migrations Django...[0m
[0;32m🎉 Déploiement terminé avec succès ![0m
[0;32m📍 Version déployée: d112d936[0m
[0;32m📅 ven. 11 juil. 2025 10:20:06 WAT[0m

[0;32m✨ Doc@uthANTIC est maintenant à jour et fonctionnel ![0m
2025-07-11 10:20:06 - [0;32m✅ Déploiement automatique réussi[0m
2025-07-11 10:25:01 - [1;33m🔍 Vérification des changements distants...[0m
2025-07-11 10:30:01 - [1;33m🔍 Vérification des changements distants...[0m
2025-07-11 10:30:03 - [0;32m🆕 Nouveaux changements détectés ![0m
2025-07-11 10:30:03 - [1;33mLocal:  d112d93667741574ac4fde151ae9fac634895a70[0m
2025-07-11 10:30:03 - [1;33mRemote: eae614408a50131cdabba971beeb6bcbfbd06e8d[0m
2025-07-11 10:30:03 - [1;33m🚀 Déclenchement du déploiement automatique...[0m
🚀 Début du déploiement automatique Doc@uthANTIC...
📅 ven. 11 juil. 2025 10:30:03 WAT
[1;33m📁 Répertoire courant: /home/ssatl/Documents/Doc@uthANTIC[0m
[1;33m💾 Sauvegarde de l'état actuel...[0m
Arbre de travail et état de l'index sauvegardés dans On prod: Auto-stash avant déploiement ven. 11 juil. 2025 10:30:03 WAT
[1;33m📥 Récupération des changements depuis le repository distant...[0m
[1;33m🔄 Nouveaux changements détectés. Mise à jour en cours...[0m
[1;33m⬇️  Pull des changements...[0m
Depuis https://github.com/MARKUPsoft-corp/CertiSign
 * branch              prod       -> FETCH_HEAD
Mise à jour d112d936..eae61440
Fast-forward
 frontend/src/views/SignDocument.vue | 4 ++++
 frontend/src/views/SignSimple.vue   | 4 ++++
 2 files changed, 8 insertions(+)
[0;32m✅ Code mis à jour avec succès[0m
[1;33m🗃️  Application des migrations Django...[0m
[0;32m🎉 Déploiement terminé avec succès ![0m
[0;32m📍 Version déployée: eae61440[0m
[0;32m📅 ven. 11 juil. 2025 10:30:06 WAT[0m

[0;32m✨ Doc@uthANTIC est maintenant à jour et fonctionnel ![0m
2025-07-11 10:30:06 - [0;32m✅ Déploiement automatique réussi[0m
2025-07-11 10:35:01 - [1;33m🔍 Vérification des changements distants...[0m
2025-07-11 10:40:01 - [1;33m🔍 Vérification des changements distants...[0m
2025-07-11 10:40:03 - [0;32m🆕 Nouveaux changements détectés ![0m
2025-07-11 10:40:03 - [1;33mLocal:  eae614408a50131cdabba971beeb6bcbfbd06e8d[0m
2025-07-11 10:40:03 - [1;33mRemote: 9c7460a5b326229ff2ae60d5d0f66403c8e35835[0m
2025-07-11 10:40:03 - [1;33m🚀 Déclenchement du déploiement automatique...[0m
🚀 Début du déploiement automatique Doc@uthANTIC...
📅 ven. 11 juil. 2025 10:40:03 WAT
[1;33m📁 Répertoire courant: /home/ssatl/Documents/Doc@uthANTIC[0m
[1;33m💾 Sauvegarde de l'état actuel...[0m
Arbre de travail et état de l'index sauvegardés dans On prod: Auto-stash avant déploiement ven. 11 juil. 2025 10:40:03 WAT
[1;33m📥 Récupération des changements depuis le repository distant...[0m
[1;33m🔄 Nouveaux changements détectés. Mise à jour en cours...[0m
[1;33m⬇️  Pull des changements...[0m
Depuis https://github.com/MARKUPsoft-corp/CertiSign
 * branch              prod       -> FETCH_HEAD
Mise à jour eae61440..9c7460a5
Fast-forward
 frontend/src/views/SignDocument.vue | 4 ----
 frontend/src/views/SignSimple.vue   | 4 ----
 2 files changed, 8 deletions(-)
[0;32m✅ Code mis à jour avec succès[0m
[1;33m🗃️  Application des migrations Django...[0m
[0;32m🎉 Déploiement terminé avec succès ![0m
[0;32m📍 Version déployée: 9c7460a5[0m
[0;32m📅 ven. 11 juil. 2025 10:40:06 WAT[0m

[0;32m✨ Doc@uthANTIC est maintenant à jour et fonctionnel ![0m
2025-07-11 10:40:06 - [0;32m✅ Déploiement automatique réussi[0m
2025-07-11 10:45:01 - [1;33m🔍 Vérification des changements distants...[0m
2025-07-11 10:50:01 - [1;33m🔍 Vérification des changements distants...[0m
2025-07-11 10:55:01 - [1;33m🔍 Vérification des changements distants...[0m
2025-07-11 11:00:01 - [1;33m🔍 Vérification des changements distants...[0m
2025-07-11 11:00:05 - [0;32m🆕 Nouveaux changements détectés ![0m
2025-07-11 11:00:05 - [1;33mLocal:  9c7460a5b326229ff2ae60d5d0f66403c8e35835[0m
2025-07-11 11:00:05 - [1;33mRemote: f99205f5084a1bcf4d35a9d76278c30c034eb265[0m
2025-07-11 11:00:05 - [1;33m🚀 Déclenchement du déploiement automatique...[0m
🚀 Début du déploiement automatique Doc@uthANTIC...
📅 ven. 11 juil. 2025 11:00:05 WAT
[1;33m📁 Répertoire courant: /home/ssatl/Documents/Doc@uthANTIC[0m
[1;33m💾 Sauvegarde de l'état actuel...[0m
Pas de modifications locales à sauver
[1;33m📥 Récupération des changements depuis le repository distant...[0m
[1;33m🔄 Nouveaux changements détectés. Mise à jour en cours...[0m
[1;33m⬇️  Pull des changements...[0m
Depuis https://github.com/MARKUPsoft-corp/CertiSign
 * branch              prod       -> FETCH_HEAD
Mise à jour 9c7460a5..f99205f5
Fast-forward
 frontend/src/views/SignerDashboard.vue | 125 +++++++++++++++++++++++++++++++--
 1 file changed, 120 insertions(+), 5 deletions(-)
[0;32m✅ Code mis à jour avec succès[0m
[1;33m🗃️  Application des migrations Django...[0m
[0;32m🎉 Déploiement terminé avec succès ![0m
[0;32m📍 Version déployée: f99205f5[0m
[0;32m📅 ven. 11 juil. 2025 11:00:08 WAT[0m

[0;32m✨ Doc@uthANTIC est maintenant à jour et fonctionnel ![0m
2025-07-11 11:00:08 - [0;32m✅ Déploiement automatique réussi[0m
2025-07-11 11:05:01 - [1;33m🔍 Vérification des changements distants...[0m
2025-07-11 11:05:03 - [0;32m🆕 Nouveaux changements détectés ![0m
2025-07-11 11:05:03 - [1;33mLocal:  f99205f5084a1bcf4d35a9d76278c30c034eb265[0m
2025-07-11 11:05:03 - [1;33mRemote: c3e00cb73f0f861aac0d38d50a0f3a8a76930429[0m
2025-07-11 11:05:03 - [1;33m🚀 Déclenchement du déploiement automatique...[0m
🚀 Début du déploiement automatique Doc@uthANTIC...
📅 ven. 11 juil. 2025 11:05:03 WAT
[1;33m📁 Répertoire courant: /home/ssatl/Documents/Doc@uthANTIC[0m
[1;33m💾 Sauvegarde de l'état actuel...[0m
Pas de modifications locales à sauver
[1;33m📥 Récupération des changements depuis le repository distant...[0m
[1;33m🔄 Nouveaux changements détectés. Mise à jour en cours...[0m
[1;33m⬇️  Pull des changements...[0m
Depuis https://github.com/MARKUPsoft-corp/CertiSign
 * branch              prod       -> FETCH_HEAD
Mise à jour f99205f5..c3e00cb7
Fast-forward
 frontend/src/views/SignerDashboard.vue | 5 +++++
 1 file changed, 5 insertions(+)
[0;32m✅ Code mis à jour avec succès[0m
[1;33m🗃️  Application des migrations Django...[0m
[0;32m🎉 Déploiement terminé avec succès ![0m
[0;32m📍 Version déployée: c3e00cb7[0m
[0;32m📅 ven. 11 juil. 2025 11:05:06 WAT[0m

[0;32m✨ Doc@uthANTIC est maintenant à jour et fonctionnel ![0m
2025-07-11 11:05:06 - [0;32m✅ Déploiement automatique réussi[0m
2025-07-11 11:10:01 - [1;33m🔍 Vérification des changements distants...[0m
2025-07-11 11:15:01 - [1;33m🔍 Vérification des changements distants...[0m
2025-07-11 11:15:03 - [0;32m🆕 Nouveaux changements détectés ![0m
2025-07-11 11:15:03 - [1;33mLocal:  c3e00cb73f0f861aac0d38d50a0f3a8a76930429[0m
2025-07-11 11:15:03 - [1;33mRemote: 3a6aeefa62a7107bdc867eeef9f1803542fc76d1[0m
2025-07-11 11:15:03 - [1;33m🚀 Déclenchement du déploiement automatique...[0m
🚀 Début du déploiement automatique Doc@uthANTIC...
📅 ven. 11 juil. 2025 11:15:03 WAT
[1;33m📁 Répertoire courant: /home/ssatl/Documents/Doc@uthANTIC[0m
[1;33m💾 Sauvegarde de l'état actuel...[0m
Pas de modifications locales à sauver
[1;33m📥 Récupération des changements depuis le repository distant...[0m
[1;33m🔄 Nouveaux changements détectés. Mise à jour en cours...[0m
[1;33m⬇️  Pull des changements...[0m
Depuis https://github.com/MARKUPsoft-corp/CertiSign
 * branch              prod       -> FETCH_HEAD
Mise à jour c3e00cb7..3a6aeefa
Fast-forward
 frontend/src/views/SignerDashboard.vue | 88 ++++++++++++++++++----------------
 1 file changed, 46 insertions(+), 42 deletions(-)
[0;32m✅ Code mis à jour avec succès[0m
[1;33m🗃️  Application des migrations Django...[0m
[0;32m🎉 Déploiement terminé avec succès ![0m
[0;32m📍 Version déployée: 3a6aeefa[0m
[0;32m📅 ven. 11 juil. 2025 11:15:06 WAT[0m

[0;32m✨ Doc@uthANTIC est maintenant à jour et fonctionnel ![0m
2025-07-11 11:15:06 - [0;32m✅ Déploiement automatique réussi[0m
2025-07-11 11:20:01 - [1;33m🔍 Vérification des changements distants...[0m
2025-07-11 11:25:01 - [1;33m🔍 Vérification des changements distants...[0m
2025-07-11 11:30:01 - [1;33m🔍 Vérification des changements distants...[0m
2025-07-11 11:35:01 - [1;33m🔍 Vérification des changements distants...[0m
2025-07-11 11:40:01 - [1;33m🔍 Vérification des changements distants...[0m
2025-07-11 11:40:03 - [0;32m🆕 Nouveaux changements détectés ![0m
2025-07-11 11:40:03 - [1;33mLocal:  3a6aeefa62a7107bdc867eeef9f1803542fc76d1[0m
2025-07-11 11:40:03 - [1;33mRemote: f3b95a0ec821ace48fca4fc4450f53f461b2e3ba[0m
2025-07-11 11:40:03 - [1;33m🚀 Déclenchement du déploiement automatique...[0m
🚀 Début du déploiement automatique Doc@uthANTIC...
📅 ven. 11 juil. 2025 11:40:03 WAT
[1;33m📁 Répertoire courant: /home/ssatl/Documents/Doc@uthANTIC[0m
[1;33m💾 Sauvegarde de l'état actuel...[0m
Arbre de travail et état de l'index sauvegardés dans On prod: Auto-stash avant déploiement ven. 11 juil. 2025 11:40:03 WAT
[1;33m📥 Récupération des changements depuis le repository distant...[0m
[1;33m🔄 Nouveaux changements détectés. Mise à jour en cours...[0m
[1;33m⬇️  Pull des changements...[0m
Depuis https://github.com/MARKUPsoft-corp/CertiSign
 * branch              prod       -> FETCH_HEAD
Mise à jour 3a6aeefa..f3b95a0e
Fast-forward
 frontend/src/views/SignerDashboard.vue | 40 +++++++++++++++++++++++++++++++++-
 1 file changed, 39 insertions(+), 1 deletion(-)
[0;32m✅ Code mis à jour avec succès[0m
[1;33m🗃️  Application des migrations Django...[0m
[0;32m🎉 Déploiement terminé avec succès ![0m
[0;32m📍 Version déployée: f3b95a0e[0m
[0;32m📅 ven. 11 juil. 2025 11:40:07 WAT[0m

[0;32m✨ Doc@uthANTIC est maintenant à jour et fonctionnel ![0m
2025-07-11 11:40:07 - [0;32m✅ Déploiement automatique réussi[0m
2025-07-11 11:45:01 - [1;33m🔍 Vérification des changements distants...[0m
2025-07-11 11:45:02 - [0;32m🆕 Nouveaux changements détectés ![0m
2025-07-11 11:45:02 - [1;33mLocal:  f3b95a0ec821ace48fca4fc4450f53f461b2e3ba[0m
2025-07-11 11:45:02 - [1;33mRemote: 04b71b41eadc130a06888ad3967aee0c720d1825[0m
2025-07-11 11:45:02 - [1;33m🚀 Déclenchement du déploiement automatique...[0m
🚀 Début du déploiement automatique Doc@uthANTIC...
📅 ven. 11 juil. 2025 11:45:02 WAT
[1;33m📁 Répertoire courant: /home/ssatl/Documents/Doc@uthANTIC[0m
[1;33m💾 Sauvegarde de l'état actuel...[0m
Pas de modifications locales à sauver
[1;33m📥 Récupération des changements depuis le repository distant...[0m
[1;33m🔄 Nouveaux changements détectés. Mise à jour en cours...[0m
[1;33m⬇️  Pull des changements...[0m
Depuis https://github.com/MARKUPsoft-corp/CertiSign
 * branch              prod       -> FETCH_HEAD
Mise à jour f3b95a0e..04b71b41
Fast-forward
 frontend/src/views/SignerDashboard.vue | 252 ++++++---------------------------
 1 file changed, 45 insertions(+), 207 deletions(-)
[0;32m✅ Code mis à jour avec succès[0m
[1;33m🗃️  Application des migrations Django...[0m
[0;32m🎉 Déploiement terminé avec succès ![0m
[0;32m📍 Version déployée: 04b71b41[0m
[0;32m📅 ven. 11 juil. 2025 11:45:06 WAT[0m

[0;32m✨ Doc@uthANTIC est maintenant à jour et fonctionnel ![0m
2025-07-11 11:45:06 - [0;32m✅ Déploiement automatique réussi[0m
2025-07-11 11:50:01 - [1;33m🔍 Vérification des changements distants...[0m
2025-07-11 11:55:01 - [1;33m🔍 Vérification des changements distants...[0m
2025-07-11 12:00:01 - [1;33m🔍 Vérification des changements distants...[0m
2025-07-11 12:05:01 - [1;33m🔍 Vérification des changements distants...[0m
2025-07-11 12:10:01 - [1;33m🔍 Vérification des changements distants...[0m
2025-07-11 12:10:03 - [0;32m🆕 Nouveaux changements détectés ![0m
2025-07-11 12:10:03 - [1;33mLocal:  04b71b41eadc130a06888ad3967aee0c720d1825[0m
2025-07-11 12:10:03 - [1;33mRemote: f3f6d9560dcd28917db809ea05b35535a75c070c[0m
2025-07-11 12:10:03 - [1;33m🚀 Déclenchement du déploiement automatique...[0m
🚀 Début du déploiement automatique Doc@uthANTIC...
📅 ven. 11 juil. 2025 12:10:03 WAT
[1;33m📁 Répertoire courant: /home/ssatl/Documents/Doc@uthANTIC[0m
[1;33m💾 Sauvegarde de l'état actuel...[0m
Arbre de travail et état de l'index sauvegardés dans On prod: Auto-stash avant déploiement ven. 11 juil. 2025 12:10:03 WAT
[1;33m📥 Récupération des changements depuis le repository distant...[0m
[1;33m🔄 Nouveaux changements détectés. Mise à jour en cours...[0m
[1;33m⬇️  Pull des changements...[0m
Depuis https://github.com/MARKUPsoft-corp/CertiSign
 * branch              prod       -> FETCH_HEAD
Mise à jour 04b71b41..f3f6d956
Fast-forward
 frontend/src/views/SignerDashboard.vue | 185 +++++++++++++--------------------
 1 file changed, 73 insertions(+), 112 deletions(-)
[0;32m✅ Code mis à jour avec succès[0m
[1;33m🗃️  Application des migrations Django...[0m
[0;32m🎉 Déploiement terminé avec succès ![0m
[0;32m📍 Version déployée: f3f6d956[0m
[0;32m📅 ven. 11 juil. 2025 12:10:07 WAT[0m

[0;32m✨ Doc@uthANTIC est maintenant à jour et fonctionnel ![0m
2025-07-11 12:10:07 - [0;32m✅ Déploiement automatique réussi[0m
2025-07-11 12:15:01 - [1;33m🔍 Vérification des changements distants...[0m
2025-07-11 12:20:01 - [1;33m🔍 Vérification des changements distants...[0m
2025-07-11 12:25:01 - [1;33m🔍 Vérification des changements distants...[0m
2025-07-11 12:30:01 - [1;33m🔍 Vérification des changements distants...[0m
2025-07-11 12:30:03 - [0;32m🆕 Nouveaux changements détectés ![0m
2025-07-11 12:30:03 - [1;33mLocal:  f3f6d9560dcd28917db809ea05b35535a75c070c[0m
2025-07-11 12:30:03 - [1;33mRemote: ddf161268c664ed996e556d202485011b60a5bbb[0m
2025-07-11 12:30:03 - [1;33m🚀 Déclenchement du déploiement automatique...[0m
🚀 Début du déploiement automatique Doc@uthANTIC...
📅 ven. 11 juil. 2025 12:30:03 WAT
[1;33m📁 Répertoire courant: /home/ssatl/Documents/Doc@uthANTIC[0m
[1;33m💾 Sauvegarde de l'état actuel...[0m
Pas de modifications locales à sauver
[1;33m📥 Récupération des changements depuis le repository distant...[0m
[1;33m🔄 Nouveaux changements détectés. Mise à jour en cours...[0m
[1;33m⬇️  Pull des changements...[0m
Depuis https://github.com/MARKUPsoft-corp/CertiSign
 * branch              prod       -> FETCH_HEAD
Mise à jour f3f6d956..ddf16126
Fast-forward
 frontend/src/views/SignerDashboard.vue | 35 ++++++++++++++++++++--------------
 1 file changed, 21 insertions(+), 14 deletions(-)
[0;32m✅ Code mis à jour avec succès[0m
[1;33m🗃️  Application des migrations Django...[0m
[0;32m🎉 Déploiement terminé avec succès ![0m
[0;32m📍 Version déployée: ddf16126[0m
[0;32m📅 ven. 11 juil. 2025 12:30:06 WAT[0m

[0;32m✨ Doc@uthANTIC est maintenant à jour et fonctionnel ![0m
2025-07-11 12:30:06 - [0;32m✅ Déploiement automatique réussi[0m
2025-07-11 12:35:01 - [1;33m🔍 Vérification des changements distants...[0m
2025-07-11 12:40:01 - [1;33m🔍 Vérification des changements distants...[0m
2025-07-11 12:45:01 - [1;33m🔍 Vérification des changements distants...[0m
2025-07-11 12:45:04 - [0;32m🆕 Nouveaux changements détectés ![0m
2025-07-11 12:45:04 - [1;33mLocal:  ddf161268c664ed996e556d202485011b60a5bbb[0m
2025-07-11 12:45:04 - [1;33mRemote: 4e81fedac21089d5d450fd6299945693bec167f8[0m
2025-07-11 12:45:04 - [1;33m🚀 Déclenchement du déploiement automatique...[0m
🚀 Début du déploiement automatique Doc@uthANTIC...
📅 ven. 11 juil. 2025 12:45:04 WAT
[1;33m📁 Répertoire courant: /home/ssatl/Documents/Doc@uthANTIC[0m
[1;33m💾 Sauvegarde de l'état actuel...[0m
Pas de modifications locales à sauver
[1;33m📥 Récupération des changements depuis le repository distant...[0m
[1;33m🔄 Nouveaux changements détectés. Mise à jour en cours...[0m
[1;33m⬇️  Pull des changements...[0m
Depuis https://github.com/MARKUPsoft-corp/CertiSign
 * branch              prod       -> FETCH_HEAD
Mise à jour ddf16126..4e81feda
Fast-forward
 frontend/src/views/SignerDashboard.vue | 85 ++++++++++++++++++----------------
 1 file changed, 45 insertions(+), 40 deletions(-)
[0;32m✅ Code mis à jour avec succès[0m
[1;33m🗃️  Application des migrations Django...[0m
[0;32m🎉 Déploiement terminé avec succès ![0m
[0;32m📍 Version déployée: 4e81feda[0m
[0;32m📅 ven. 11 juil. 2025 12:45:07 WAT[0m

[0;32m✨ Doc@uthANTIC est maintenant à jour et fonctionnel ![0m
2025-07-11 12:45:07 - [0;32m✅ Déploiement automatique réussi[0m
2025-07-11 12:50:01 - [1;33m🔍 Vérification des changements distants...[0m
2025-07-11 12:55:01 - [1;33m🔍 Vérification des changements distants...[0m
2025-07-11 13:00:01 - [1;33m🔍 Vérification des changements distants...[0m
2025-07-11 13:00:03 - [0;32m🆕 Nouveaux changements détectés ![0m
2025-07-11 13:00:03 - [1;33mLocal:  4e81fedac21089d5d450fd6299945693bec167f8[0m
2025-07-11 13:00:03 - [1;33mRemote: 8b628c1f76dc3ce5cb7a95ce43c2b835c05adbe7[0m
2025-07-11 13:00:03 - [1;33m🚀 Déclenchement du déploiement automatique...[0m
🚀 Début du déploiement automatique Doc@uthANTIC...
📅 ven. 11 juil. 2025 13:00:03 WAT
[1;33m📁 Répertoire courant: /home/ssatl/Documents/Doc@uthANTIC[0m
[1;33m💾 Sauvegarde de l'état actuel...[0m
Pas de modifications locales à sauver
[1;33m📥 Récupération des changements depuis le repository distant...[0m
[1;33m🔄 Nouveaux changements détectés. Mise à jour en cours...[0m
[1;33m⬇️  Pull des changements...[0m
Depuis https://github.com/MARKUPsoft-corp/CertiSign
 * branch              prod       -> FETCH_HEAD
Mise à jour 4e81feda..8b628c1f
Fast-forward
 frontend/src/views/SignSimple.vue      | 10 +++++++---
 frontend/src/views/SignerDashboard.vue |  4 +++-
 2 files changed, 10 insertions(+), 4 deletions(-)
[0;32m✅ Code mis à jour avec succès[0m
[1;33m🗃️  Application des migrations Django...[0m
[0;32m🎉 Déploiement terminé avec succès ![0m
[0;32m📍 Version déployée: 8b628c1f[0m
[0;32m📅 ven. 11 juil. 2025 13:00:06 WAT[0m

[0;32m✨ Doc@uthANTIC est maintenant à jour et fonctionnel ![0m
2025-07-11 13:00:06 - [0;32m✅ Déploiement automatique réussi[0m
2025-07-11 13:05:01 - [1;33m🔍 Vérification des changements distants...[0m
2025-07-11 13:10:01 - [1;33m🔍 Vérification des changements distants...[0m
2025-07-11 13:15:01 - [1;33m🔍 Vérification des changements distants...[0m
2025-07-11 13:20:01 - [1;33m🔍 Vérification des changements distants...[0m
2025-07-11 13:25:01 - [1;33m🔍 Vérification des changements distants...[0m
2025-07-11 13:30:01 - [1;33m🔍 Vérification des changements distants...[0m
2025-07-11 13:35:02 - [1;33m🔍 Vérification des changements distants...[0m
2025-07-11 13:40:01 - [1;33m🔍 Vérification des changements distants...[0m
2025-07-11 13:45:01 - [1;33m🔍 Vérification des changements distants...[0m
2025-07-11 13:50:01 - [1;33m🔍 Vérification des changements distants...[0m
2025-07-11 13:55:01 - [1;33m🔍 Vérification des changements distants...[0m
2025-07-11 14:00:01 - [1;33m🔍 Vérification des changements distants...[0m
2025-07-11 14:05:01 - [1;33m🔍 Vérification des changements distants...[0m
2025-07-11 14:10:01 - [1;33m🔍 Vérification des changements distants...[0m
2025-07-11 14:15:01 - [1;33m🔍 Vérification des changements distants...[0m
2025-07-11 14:15:03 - [0;32m🆕 Nouveaux changements détectés ![0m
2025-07-11 14:15:03 - [1;33mLocal:  8b628c1f76dc3ce5cb7a95ce43c2b835c05adbe7[0m
2025-07-11 14:15:03 - [1;33mRemote: cde998f2f721d60a75148b75535657e1a9037b9b[0m
2025-07-11 14:15:03 - [1;33m🚀 Déclenchement du déploiement automatique...[0m
🚀 Début du déploiement automatique Doc@uthANTIC...
📅 ven. 11 juil. 2025 14:15:03 WAT
[1;33m📁 Répertoire courant: /home/ssatl/Documents/Doc@uthANTIC[0m
[1;33m💾 Sauvegarde de l'état actuel...[0m
Pas de modifications locales à sauver
[1;33m📥 Récupération des changements depuis le repository distant...[0m
[1;33m🔄 Nouveaux changements détectés. Mise à jour en cours...[0m
[1;33m⬇️  Pull des changements...[0m
Depuis https://github.com/MARKUPsoft-corp/CertiSign
 * branch              prod       -> FETCH_HEAD
Mise à jour 8b628c1f..cde998f2
Fast-forward
 frontend/src/views/SignerDashboard.vue | 351 ++++++++++++++++++++++++++++++++-
 1 file changed, 350 insertions(+), 1 deletion(-)
[0;32m✅ Code mis à jour avec succès[0m
[1;33m🗃️  Application des migrations Django...[0m
[0;32m🎉 Déploiement terminé avec succès ![0m
[0;32m📍 Version déployée: cde998f2[0m
[0;32m📅 ven. 11 juil. 2025 14:15:06 WAT[0m

[0;32m✨ Doc@uthANTIC est maintenant à jour et fonctionnel ![0m
2025-07-11 14:15:06 - [0;32m✅ Déploiement automatique réussi[0m
2025-07-11 14:20:01 - [1;33m🔍 Vérification des changements distants...[0m
2025-07-11 14:25:01 - [1;33m🔍 Vérification des changements distants...[0m
2025-07-11 14:30:01 - [1;33m🔍 Vérification des changements distants...[0m
2025-07-11 14:35:02 - [1;33m🔍 Vérification des changements distants...[0m
2025-07-11 14:40:01 - [1;33m🔍 Vérification des changements distants...[0m
2025-07-11 14:45:01 - [1;33m🔍 Vérification des changements distants...[0m
2025-07-11 14:50:01 - [1;33m🔍 Vérification des changements distants...[0m
2025-07-11 14:55:01 - [1;33m🔍 Vérification des changements distants...[0m
2025-07-11 15:00:01 - [1;33m🔍 Vérification des changements distants...[0m
2025-07-11 15:05:01 - [1;33m🔍 Vérification des changements distants...[0m
2025-07-11 15:10:01 - [1;33m🔍 Vérification des changements distants...[0m
2025-07-11 15:10:03 - [0;32m🆕 Nouveaux changements détectés ![0m
2025-07-11 15:10:03 - [1;33mLocal:  cde998f2f721d60a75148b75535657e1a9037b9b[0m
2025-07-11 15:10:03 - [1;33mRemote: 3ff2e285c671c4b5c373e9ea8d6f015ea6d90980[0m
2025-07-11 15:10:03 - [1;33m🚀 Déclenchement du déploiement automatique...[0m
🚀 Début du déploiement automatique Doc@uthANTIC...
📅 ven. 11 juil. 2025 15:10:03 WAT
[1;33m📁 Répertoire courant: /home/ssatl/Documents/Doc@uthANTIC[0m
[1;33m💾 Sauvegarde de l'état actuel...[0m
Pas de modifications locales à sauver
[1;33m📥 Récupération des changements depuis le repository distant...[0m
[1;33m🔄 Nouveaux changements détectés. Mise à jour en cours...[0m
[1;33m⬇️  Pull des changements...[0m
Depuis https://github.com/MARKUPsoft-corp/CertiSign
 * branch              prod       -> FETCH_HEAD
Mise à jour cde998f2..3ff2e285
Fast-forward
 frontend/src/views/SignerDashboard.vue | 5 ++++-
 1 file changed, 4 insertions(+), 1 deletion(-)
[0;32m✅ Code mis à jour avec succès[0m
[1;33m🗃️  Application des migrations Django...[0m
[0;32m🎉 Déploiement terminé avec succès ![0m
[0;32m📍 Version déployée: 3ff2e285[0m
[0;32m📅 ven. 11 juil. 2025 15:10:06 WAT[0m

[0;32m✨ Doc@uthANTIC est maintenant à jour et fonctionnel ![0m
2025-07-11 15:10:06 - [0;32m✅ Déploiement automatique réussi[0m
2025-07-11 15:15:01 - [1;33m🔍 Vérification des changements distants...[0m
2025-07-11 15:20:01 - [1;33m🔍 Vérification des changements distants...[0m
2025-07-11 15:25:01 - [1;33m🔍 Vérification des changements distants...[0m
2025-07-11 15:30:01 - [1;33m🔍 Vérification des changements distants...[0m
2025-07-11 15:35:01 - [1;33m🔍 Vérification des changements distants...[0m
2025-07-11 15:40:01 - [1;33m🔍 Vérification des changements distants...[0m
2025-07-11 15:45:01 - [1;33m🔍 Vérification des changements distants...[0m
2025-07-11 15:50:01 - [1;33m🔍 Vérification des changements distants...[0m
2025-07-11 15:55:01 - [1;33m🔍 Vérification des changements distants...[0m
2025-07-11 16:00:01 - [1;33m🔍 Vérification des changements distants...[0m
2025-07-11 16:05:01 - [1;33m🔍 Vérification des changements distants...[0m
2025-07-11 16:10:01 - [1;33m🔍 Vérification des changements distants...[0m
2025-07-11 16:15:01 - [1;33m🔍 Vérification des changements distants...[0m
2025-07-11 16:20:01 - [1;33m🔍 Vérification des changements distants...[0m
2025-07-11 16:25:01 - [1;33m🔍 Vérification des changements distants...[0m
2025-07-11 16:30:01 - [1;33m🔍 Vérification des changements distants...[0m
2025-07-11 16:35:01 - [1;33m🔍 Vérification des changements distants...[0m
2025-07-11 16:40:01 - [1;33m🔍 Vérification des changements distants...[0m
2025-07-11 16:45:01 - [1;33m🔍 Vérification des changements distants...[0m
2025-07-11 16:50:01 - [1;33m🔍 Vérification des changements distants...[0m
2025-07-11 16:55:01 - [1;33m🔍 Vérification des changements distants...[0m
2025-07-11 17:00:01 - [1;33m🔍 Vérification des changements distants...[0m
2025-07-11 17:05:02 - [1;33m🔍 Vérification des changements distants...[0m
2025-07-11 17:10:01 - [1;33m🔍 Vérification des changements distants...[0m
2025-07-11 17:15:01 - [1;33m🔍 Vérification des changements distants...[0m
2025-07-11 17:20:01 - [1;33m🔍 Vérification des changements distants...[0m
2025-07-11 17:25:01 - [1;33m🔍 Vérification des changements distants...[0m
2025-07-11 17:30:01 - [1;33m🔍 Vérification des changements distants...[0m
2025-07-11 17:35:01 - [1;33m🔍 Vérification des changements distants...[0m
2025-07-11 17:40:01 - [1;33m🔍 Vérification des changements distants...[0m
2025-07-11 17:45:01 - [1;33m🔍 Vérification des changements distants...[0m
2025-07-11 17:50:01 - [1;33m🔍 Vérification des changements distants...[0m
2025-07-11 17:55:01 - [1;33m🔍 Vérification des changements distants...[0m
2025-07-11 18:00:01 - [1;33m🔍 Vérification des changements distants...[0m
2025-07-11 18:05:01 - [1;33m🔍 Vérification des changements distants...[0m
2025-07-11 18:10:01 - [1;33m🔍 Vérification des changements distants...[0m
2025-07-11 18:15:01 - [1;33m🔍 Vérification des changements distants...[0m
2025-07-11 18:20:01 - [1;33m🔍 Vérification des changements distants...[0m
2025-07-11 18:25:01 - [1;33m🔍 Vérification des changements distants...[0m
2025-07-11 18:30:01 - [1;33m🔍 Vérification des changements distants...[0m
2025-07-11 18:35:01 - [1;33m🔍 Vérification des changements distants...[0m
2025-07-11 18:40:01 - [1;33m🔍 Vérification des changements distants...[0m
2025-07-11 18:45:01 - [1;33m🔍 Vérification des changements distants...[0m
2025-07-11 18:50:01 - [1;33m🔍 Vérification des changements distants...[0m
2025-07-11 18:55:01 - [1;33m🔍 Vérification des changements distants...[0m
2025-07-11 19:00:01 - [1;33m🔍 Vérification des changements distants...[0m
2025-07-11 19:05:01 - [1;33m🔍 Vérification des changements distants...[0m
2025-07-11 19:10:01 - [1;33m🔍 Vérification des changements distants...[0m
2025-07-11 19:15:01 - [1;33m🔍 Vérification des changements distants...[0m
2025-07-11 19:20:01 - [1;33m🔍 Vérification des changements distants...[0m
2025-07-11 19:25:01 - [1;33m🔍 Vérification des changements distants...[0m
2025-07-11 19:30:01 - [1;33m🔍 Vérification des changements distants...[0m
2025-07-11 19:35:01 - [1;33m🔍 Vérification des changements distants...[0m
2025-07-11 19:40:01 - [1;33m🔍 Vérification des changements distants...[0m
2025-07-11 19:45:01 - [1;33m🔍 Vérification des changements distants...[0m
2025-07-11 19:50:01 - [1;33m🔍 Vérification des changements distants...[0m
2025-07-11 19:55:01 - [1;33m🔍 Vérification des changements distants...[0m
2025-07-11 20:00:01 - [1;33m🔍 Vérification des changements distants...[0m
2025-07-11 20:05:01 - [1;33m🔍 Vérification des changements distants...[0m
2025-07-11 20:10:01 - [1;33m🔍 Vérification des changements distants...[0m
2025-07-11 20:15:01 - [1;33m🔍 Vérification des changements distants...[0m
2025-07-11 20:20:01 - [1;33m🔍 Vérification des changements distants...[0m
2025-07-11 20:25:01 - [1;33m🔍 Vérification des changements distants...[0m
2025-07-11 20:30:01 - [1;33m🔍 Vérification des changements distants...[0m
2025-07-11 20:35:01 - [1;33m🔍 Vérification des changements distants...[0m
2025-07-11 20:40:01 - [1;33m🔍 Vérification des changements distants...[0m
2025-07-11 20:45:01 - [1;33m🔍 Vérification des changements distants...[0m
2025-07-11 20:50:01 - [1;33m🔍 Vérification des changements distants...[0m
2025-07-11 20:55:01 - [1;33m🔍 Vérification des changements distants...[0m
2025-07-11 21:00:01 - [1;33m🔍 Vérification des changements distants...[0m
2025-07-11 21:05:01 - [1;33m🔍 Vérification des changements distants...[0m
2025-07-11 21:10:01 - [1;33m🔍 Vérification des changements distants...[0m
2025-07-11 21:15:01 - [1;33m🔍 Vérification des changements distants...[0m
2025-07-11 21:20:01 - [1;33m🔍 Vérification des changements distants...[0m
2025-07-11 21:25:01 - [1;33m🔍 Vérification des changements distants...[0m
2025-07-11 21:30:01 - [1;33m🔍 Vérification des changements distants...[0m
2025-07-11 21:35:01 - [1;33m🔍 Vérification des changements distants...[0m
2025-07-11 21:40:01 - [1;33m🔍 Vérification des changements distants...[0m
2025-07-11 21:45:01 - [1;33m🔍 Vérification des changements distants...[0m
2025-07-11 21:50:01 - [1;33m🔍 Vérification des changements distants...[0m
2025-07-11 21:55:01 - [1;33m🔍 Vérification des changements distants...[0m
2025-07-11 22:00:01 - [1;33m🔍 Vérification des changements distants...[0m
2025-07-11 22:05:01 - [1;33m🔍 Vérification des changements distants...[0m
2025-07-11 22:10:01 - [1;33m🔍 Vérification des changements distants...[0m
2025-07-11 22:15:01 - [1;33m🔍 Vérification des changements distants...[0m
2025-07-11 22:20:01 - [1;33m🔍 Vérification des changements distants...[0m
2025-07-11 22:25:01 - [1;33m🔍 Vérification des changements distants...[0m
2025-07-11 22:30:01 - [1;33m🔍 Vérification des changements distants...[0m
2025-07-11 22:35:01 - [1;33m🔍 Vérification des changements distants...[0m
2025-07-11 22:40:01 - [1;33m🔍 Vérification des changements distants...[0m
2025-07-11 22:45:01 - [1;33m🔍 Vérification des changements distants...[0m
2025-07-11 22:50:01 - [1;33m🔍 Vérification des changements distants...[0m
2025-07-11 22:55:02 - [1;33m🔍 Vérification des changements distants...[0m
2025-07-11 23:00:01 - [1;33m🔍 Vérification des changements distants...[0m
2025-07-11 23:05:01 - [1;33m🔍 Vérification des changements distants...[0m
2025-07-11 23:10:01 - [1;33m🔍 Vérification des changements distants...[0m
2025-07-11 23:15:01 - [1;33m🔍 Vérification des changements distants...[0m
2025-07-11 23:20:01 - [1;33m🔍 Vérification des changements distants...[0m
2025-07-11 23:25:01 - [1;33m🔍 Vérification des changements distants...[0m
2025-07-11 23:30:01 - [1;33m🔍 Vérification des changements distants...[0m
2025-07-11 23:35:01 - [1;33m🔍 Vérification des changements distants...[0m
2025-07-11 23:40:01 - [1;33m🔍 Vérification des changements distants...[0m
2025-07-11 23:45:01 - [1;33m🔍 Vérification des changements distants...[0m
2025-07-11 23:50:01 - [1;33m🔍 Vérification des changements distants...[0m
2025-07-11 23:55:01 - [1;33m🔍 Vérification des changements distants...[0m
2025-07-12 00:00:01 - [1;33m🔍 Vérification des changements distants...[0m
2025-07-12 00:05:01 - [1;33m🔍 Vérification des changements distants...[0m
2025-07-12 00:10:01 - [1;33m🔍 Vérification des changements distants...[0m
2025-07-12 00:15:01 - [1;33m🔍 Vérification des changements distants...[0m
2025-07-12 00:20:01 - [1;33m🔍 Vérification des changements distants...[0m
2025-07-12 00:25:02 - [1;33m🔍 Vérification des changements distants...[0m
2025-07-12 00:30:01 - [1;33m🔍 Vérification des changements distants...[0m
2025-07-12 00:35:01 - [1;33m🔍 Vérification des changements distants...[0m
2025-07-12 00:40:01 - [1;33m🔍 Vérification des changements distants...[0m
2025-07-12 00:45:01 - [1;33m🔍 Vérification des changements distants...[0m
2025-07-12 00:50:01 - [1;33m🔍 Vérification des changements distants...[0m
2025-07-12 00:55:01 - [1;33m🔍 Vérification des changements distants...[0m
2025-07-12 01:00:01 - [1;33m🔍 Vérification des changements distants...[0m
2025-07-12 01:05:01 - [1;33m🔍 Vérification des changements distants...[0m
2025-07-12 01:10:01 - [1;33m🔍 Vérification des changements distants...[0m
2025-07-12 01:15:01 - [1;33m🔍 Vérification des changements distants...[0m
2025-07-12 01:20:01 - [1;33m🔍 Vérification des changements distants...[0m
2025-07-12 01:25:01 - [1;33m🔍 Vérification des changements distants...[0m
2025-07-12 01:30:01 - [1;33m🔍 Vérification des changements distants...[0m
2025-07-12 01:35:01 - [1;33m🔍 Vérification des changements distants...[0m
2025-07-12 01:40:01 - [1;33m🔍 Vérification des changements distants...[0m
2025-07-12 01:45:01 - [1;33m🔍 Vérification des changements distants...[0m
2025-07-12 01:50:01 - [1;33m🔍 Vérification des changements distants...[0m
2025-07-12 01:55:01 - [1;33m🔍 Vérification des changements distants...[0m
2025-07-12 02:00:01 - [1;33m🔍 Vérification des changements distants...[0m
2025-07-12 02:05:01 - [1;33m🔍 Vérification des changements distants...[0m
2025-07-12 02:10:01 - [1;33m🔍 Vérification des changements distants...[0m
2025-07-12 02:15:01 - [1;33m🔍 Vérification des changements distants...[0m
2025-07-12 02:20:01 - [1;33m🔍 Vérification des changements distants...[0m
2025-07-12 02:25:01 - [1;33m🔍 Vérification des changements distants...[0m
2025-07-12 02:30:01 - [1;33m🔍 Vérification des changements distants...[0m
2025-07-12 02:35:01 - [1;33m🔍 Vérification des changements distants...[0m
2025-07-12 02:40:01 - [1;33m🔍 Vérification des changements distants...[0m
2025-07-12 02:45:01 - [1;33m🔍 Vérification des changements distants...[0m
2025-07-12 02:50:01 - [1;33m🔍 Vérification des changements distants...[0m
2025-07-12 02:55:01 - [1;33m🔍 Vérification des changements distants...[0m
2025-07-12 03:00:01 - [1;33m🔍 Vérification des changements distants...[0m
2025-07-12 03:05:01 - [1;33m🔍 Vérification des changements distants...[0m
2025-07-12 03:10:01 - [1;33m🔍 Vérification des changements distants...[0m
2025-07-12 03:15:01 - [1;33m🔍 Vérification des changements distants...[0m
2025-07-12 03:20:01 - [1;33m🔍 Vérification des changements distants...[0m
2025-07-12 03:25:02 - [1;33m🔍 Vérification des changements distants...[0m
2025-07-12 03:30:01 - [1;33m🔍 Vérification des changements distants...[0m
2025-07-12 03:35:02 - [1;33m🔍 Vérification des changements distants...[0m
2025-07-12 03:40:01 - [1;33m🔍 Vérification des changements distants...[0m
2025-07-12 03:45:01 - [1;33m🔍 Vérification des changements distants...[0m
2025-07-12 03:50:01 - [1;33m🔍 Vérification des changements distants...[0m
2025-07-12 03:55:01 - [1;33m🔍 Vérification des changements distants...[0m
2025-07-12 04:00:01 - [1;33m🔍 Vérification des changements distants...[0m
2025-07-12 04:05:01 - [1;33m🔍 Vérification des changements distants...[0m
2025-07-12 04:10:01 - [1;33m🔍 Vérification des changements distants...[0m
2025-07-12 04:15:01 - [1;33m🔍 Vérification des changements distants...[0m
2025-07-12 04:20:01 - [1;33m🔍 Vérification des changements distants...[0m
2025-07-12 04:25:01 - [1;33m🔍 Vérification des changements distants...[0m
2025-07-12 04:30:01 - [1;33m🔍 Vérification des changements distants...[0m
2025-07-12 04:35:01 - [1;33m🔍 Vérification des changements distants...[0m
2025-07-12 04:40:01 - [1;33m🔍 Vérification des changements distants...[0m
2025-07-12 04:45:01 - [1;33m🔍 Vérification des changements distants...[0m
2025-07-12 04:50:01 - [1;33m🔍 Vérification des changements distants...[0m
2025-07-12 04:55:01 - [1;33m🔍 Vérification des changements distants...[0m
2025-07-12 05:00:01 - [1;33m🔍 Vérification des changements distants...[0m
2025-07-12 05:05:01 - [1;33m🔍 Vérification des changements distants...[0m
2025-07-12 05:10:01 - [1;33m🔍 Vérification des changements distants...[0m
2025-07-12 05:15:01 - [1;33m🔍 Vérification des changements distants...[0m
2025-07-12 05:20:01 - [1;33m🔍 Vérification des changements distants...[0m
2025-07-12 05:25:01 - [1;33m🔍 Vérification des changements distants...[0m
2025-07-12 05:30:01 - [1;33m🔍 Vérification des changements distants...[0m
2025-07-12 05:35:01 - [1;33m🔍 Vérification des changements distants...[0m
2025-07-12 05:40:01 - [1;33m🔍 Vérification des changements distants...[0m
2025-07-12 05:45:01 - [1;33m🔍 Vérification des changements distants...[0m
2025-07-12 05:50:01 - [1;33m🔍 Vérification des changements distants...[0m
2025-07-12 05:55:01 - [1;33m🔍 Vérification des changements distants...[0m
2025-07-12 06:00:01 - [1;33m🔍 Vérification des changements distants...[0m
2025-07-12 06:05:01 - [1;33m🔍 Vérification des changements distants...[0m
2025-07-12 06:10:01 - [1;33m🔍 Vérification des changements distants...[0m
2025-07-12 06:15:01 - [1;33m🔍 Vérification des changements distants...[0m
2025-07-12 06:20:01 - [1;33m🔍 Vérification des changements distants...[0m
2025-07-12 06:25:01 - [1;33m🔍 Vérification des changements distants...[0m
2025-07-12 06:30:01 - [1;33m🔍 Vérification des changements distants...[0m
2025-07-12 06:35:01 - [1;33m🔍 Vérification des changements distants...[0m
2025-07-12 06:40:01 - [1;33m🔍 Vérification des changements distants...[0m
2025-07-12 06:45:01 - [1;33m🔍 Vérification des changements distants...[0m
2025-07-12 06:50:01 - [1;33m🔍 Vérification des changements distants...[0m
2025-07-12 06:55:01 - [1;33m🔍 Vérification des changements distants...[0m
2025-07-12 07:00:01 - [1;33m🔍 Vérification des changements distants...[0m
2025-07-12 07:05:01 - [1;33m🔍 Vérification des changements distants...[0m
2025-07-12 07:10:01 - [1;33m🔍 Vérification des changements distants...[0m
2025-07-12 07:15:01 - [1;33m🔍 Vérification des changements distants...[0m
2025-07-12 07:20:01 - [1;33m🔍 Vérification des changements distants...[0m
2025-07-12 07:25:01 - [1;33m🔍 Vérification des changements distants...[0m
2025-07-12 07:30:01 - [1;33m🔍 Vérification des changements distants...[0m
2025-07-12 07:35:01 - [1;33m🔍 Vérification des changements distants...[0m
2025-07-12 07:40:01 - [1;33m🔍 Vérification des changements distants...[0m
2025-07-12 07:45:01 - [1;33m🔍 Vérification des changements distants...[0m
2025-07-12 07:50:01 - [1;33m🔍 Vérification des changements distants...[0m
2025-07-12 07:55:01 - [1;33m🔍 Vérification des changements distants...[0m
2025-07-12 08:00:01 - [1;33m🔍 Vérification des changements distants...[0m
2025-07-12 08:05:01 - [1;33m🔍 Vérification des changements distants...[0m
2025-07-12 08:10:01 - [1;33m🔍 Vérification des changements distants...[0m
2025-07-12 08:15:01 - [1;33m🔍 Vérification des changements distants...[0m
2025-07-12 08:20:01 - [1;33m🔍 Vérification des changements distants...[0m
2025-07-12 08:25:01 - [1;33m🔍 Vérification des changements distants...[0m
2025-07-12 08:30:01 - [1;33m🔍 Vérification des changements distants...[0m
2025-07-12 08:35:01 - [1;33m🔍 Vérification des changements distants...[0m
2025-07-12 08:40:01 - [1;33m🔍 Vérification des changements distants...[0m
2025-07-12 08:45:01 - [1;33m🔍 Vérification des changements distants...[0m
2025-07-12 08:50:01 - [1;33m🔍 Vérification des changements distants...[0m
2025-07-12 08:55:01 - [1;33m🔍 Vérification des changements distants...[0m
2025-07-12 09:00:01 - [1;33m🔍 Vérification des changements distants...[0m
2025-07-12 09:05:01 - [1;33m🔍 Vérification des changements distants...[0m
2025-07-12 09:10:01 - [1;33m🔍 Vérification des changements distants...[0m
2025-07-12 09:15:01 - [1;33m🔍 Vérification des changements distants...[0m
2025-07-12 09:20:01 - [1;33m🔍 Vérification des changements distants...[0m
2025-07-12 09:25:01 - [1;33m🔍 Vérification des changements distants...[0m
2025-07-12 09:30:01 - [1;33m🔍 Vérification des changements distants...[0m
2025-07-12 09:35:01 - [1;33m🔍 Vérification des changements distants...[0m
2025-07-12 09:40:01 - [1;33m🔍 Vérification des changements distants...[0m
2025-07-12 09:45:02 - [1;33m🔍 Vérification des changements distants...[0m
2025-07-12 09:50:01 - [1;33m🔍 Vérification des changements distants...[0m
2025-07-12 09:55:01 - [1;33m🔍 Vérification des changements distants...[0m
2025-07-12 10:00:01 - [1;33m🔍 Vérification des changements distants...[0m
2025-07-12 10:05:01 - [1;33m🔍 Vérification des changements distants...[0m
2025-07-12 10:10:01 - [1;33m🔍 Vérification des changements distants...[0m
2025-07-12 10:15:01 - [1;33m🔍 Vérification des changements distants...[0m
2025-07-12 10:20:01 - [1;33m🔍 Vérification des changements distants...[0m
2025-07-12 10:25:01 - [1;33m🔍 Vérification des changements distants...[0m
2025-07-12 10:30:02 - [1;33m🔍 Vérification des changements distants...[0m
2025-07-12 10:35:01 - [1;33m🔍 Vérification des changements distants...[0m
2025-07-12 10:40:01 - [1;33m🔍 Vérification des changements distants...[0m
2025-07-12 10:45:01 - [1;33m🔍 Vérification des changements distants...[0m
2025-07-12 10:50:01 - [1;33m🔍 Vérification des changements distants...[0m
2025-07-12 10:55:01 - [1;33m🔍 Vérification des changements distants...[0m
2025-07-12 11:00:01 - [1;33m🔍 Vérification des changements distants...[0m
2025-07-12 11:05:01 - [1;33m🔍 Vérification des changements distants...[0m
2025-07-12 11:10:01 - [1;33m🔍 Vérification des changements distants...[0m
2025-07-12 11:15:01 - [1;33m🔍 Vérification des changements distants...[0m
2025-07-12 11:20:01 - [1;33m🔍 Vérification des changements distants...[0m
2025-07-12 11:25:01 - [1;33m🔍 Vérification des changements distants...[0m
2025-07-12 11:30:01 - [1;33m🔍 Vérification des changements distants...[0m
2025-07-12 11:35:01 - [1;33m🔍 Vérification des changements distants...[0m
2025-07-12 11:40:01 - [1;33m🔍 Vérification des changements distants...[0m
2025-07-12 11:45:01 - [1;33m🔍 Vérification des changements distants...[0m
2025-07-12 11:50:01 - [1;33m🔍 Vérification des changements distants...[0m
2025-07-12 11:55:01 - [1;33m🔍 Vérification des changements distants...[0m
2025-07-12 12:00:01 - [1;33m🔍 Vérification des changements distants...[0m
2025-07-12 12:05:01 - [1;33m🔍 Vérification des changements distants...[0m
2025-07-12 12:10:01 - [1;33m🔍 Vérification des changements distants...[0m
2025-07-12 12:15:01 - [1;33m🔍 Vérification des changements distants...[0m
2025-07-12 12:20:01 - [1;33m🔍 Vérification des changements distants...[0m
2025-07-12 12:25:01 - [1;33m🔍 Vérification des changements distants...[0m
2025-07-12 12:30:01 - [1;33m🔍 Vérification des changements distants...[0m
2025-07-12 12:35:01 - [1;33m🔍 Vérification des changements distants...[0m
2025-07-12 12:40:01 - [1;33m🔍 Vérification des changements distants...[0m
2025-07-12 12:45:01 - [1;33m🔍 Vérification des changements distants...[0m
2025-07-12 12:50:01 - [1;33m🔍 Vérification des changements distants...[0m
2025-07-12 12:55:01 - [1;33m🔍 Vérification des changements distants...[0m
2025-07-12 13:00:01 - [1;33m🔍 Vérification des changements distants...[0m
2025-07-12 13:05:01 - [1;33m🔍 Vérification des changements distants...[0m
2025-07-12 13:10:01 - [1;33m🔍 Vérification des changements distants...[0m
2025-07-12 13:15:01 - [1;33m🔍 Vérification des changements distants...[0m
2025-07-12 13:20:01 - [1;33m🔍 Vérification des changements distants...[0m
2025-07-12 13:25:01 - [1;33m🔍 Vérification des changements distants...[0m
2025-07-12 13:30:01 - [1;33m🔍 Vérification des changements distants...[0m
2025-07-12 13:35:01 - [1;33m🔍 Vérification des changements distants...[0m
2025-07-12 13:40:01 - [1;33m🔍 Vérification des changements distants...[0m
2025-07-12 13:45:01 - [1;33m🔍 Vérification des changements distants...[0m
2025-07-12 13:50:01 - [1;33m🔍 Vérification des changements distants...[0m
2025-07-12 13:55:01 - [1;33m🔍 Vérification des changements distants...[0m
2025-07-12 14:00:01 - [1;33m🔍 Vérification des changements distants...[0m
2025-07-12 14:05:01 - [1;33m🔍 Vérification des changements distants...[0m
2025-07-12 14:10:01 - [1;33m🔍 Vérification des changements distants...[0m
2025-07-12 14:15:01 - [1;33m🔍 Vérification des changements distants...[0m
2025-07-12 14:20:01 - [1;33m🔍 Vérification des changements distants...[0m
2025-07-12 14:25:01 - [1;33m🔍 Vérification des changements distants...[0m
2025-07-12 14:30:01 - [1;33m🔍 Vérification des changements distants...[0m
2025-07-12 14:35:01 - [1;33m🔍 Vérification des changements distants...[0m
2025-07-12 14:40:01 - [1;33m🔍 Vérification des changements distants...[0m
2025-07-12 14:45:01 - [1;33m🔍 Vérification des changements distants...[0m
2025-07-12 14:50:01 - [1;33m🔍 Vérification des changements distants...[0m
2025-07-12 14:55:01 - [1;33m🔍 Vérification des changements distants...[0m
2025-07-12 15:00:01 - [1;33m🔍 Vérification des changements distants...[0m
2025-07-12 15:05:01 - [1;33m🔍 Vérification des changements distants...[0m
2025-07-12 15:10:01 - [1;33m🔍 Vérification des changements distants...[0m
2025-07-12 15:15:01 - [1;33m🔍 Vérification des changements distants...[0m
2025-07-12 15:20:01 - [1;33m🔍 Vérification des changements distants...[0m
2025-07-12 15:25:01 - [1;33m🔍 Vérification des changements distants...[0m
2025-07-12 15:30:01 - [1;33m🔍 Vérification des changements distants...[0m
2025-07-12 15:35:01 - [1;33m🔍 Vérification des changements distants...[0m
2025-07-12 15:40:01 - [1;33m🔍 Vérification des changements distants...[0m
2025-07-12 15:45:01 - [1;33m🔍 Vérification des changements distants...[0m
2025-07-12 15:50:01 - [1;33m🔍 Vérification des changements distants...[0m
2025-07-12 15:55:01 - [1;33m🔍 Vérification des changements distants...[0m
2025-07-12 16:00:01 - [1;33m🔍 Vérification des changements distants...[0m
2025-07-12 16:05:01 - [1;33m🔍 Vérification des changements distants...[0m
2025-07-12 16:10:01 - [1;33m🔍 Vérification des changements distants...[0m
2025-07-12 16:15:01 - [1;33m🔍 Vérification des changements distants...[0m
2025-07-12 16:20:01 - [1;33m🔍 Vérification des changements distants...[0m
2025-07-12 16:25:01 - [1;33m🔍 Vérification des changements distants...[0m
2025-07-12 16:30:01 - [1;33m🔍 Vérification des changements distants...[0m
2025-07-12 16:35:01 - [1;33m🔍 Vérification des changements distants...[0m
2025-07-12 16:40:01 - [1;33m🔍 Vérification des changements distants...[0m
2025-07-12 16:45:01 - [1;33m🔍 Vérification des changements distants...[0m
2025-07-12 16:50:01 - [1;33m🔍 Vérification des changements distants...[0m
2025-07-12 16:55:01 - [1;33m🔍 Vérification des changements distants...[0m
2025-07-12 17:00:01 - [1;33m🔍 Vérification des changements distants...[0m
2025-07-12 17:05:01 - [1;33m🔍 Vérification des changements distants...[0m
2025-07-12 17:10:01 - [1;33m🔍 Vérification des changements distants...[0m
2025-07-12 17:15:01 - [1;33m🔍 Vérification des changements distants...[0m
2025-07-12 17:20:01 - [1;33m🔍 Vérification des changements distants...[0m
2025-07-12 17:25:01 - [1;33m🔍 Vérification des changements distants...[0m
2025-07-12 17:30:01 - [1;33m🔍 Vérification des changements distants...[0m
2025-07-12 17:35:01 - [1;33m🔍 Vérification des changements distants...[0m
2025-07-12 17:40:01 - [1;33m🔍 Vérification des changements distants...[0m
2025-07-12 17:45:01 - [1;33m🔍 Vérification des changements distants...[0m
2025-07-12 17:50:01 - [1;33m🔍 Vérification des changements distants...[0m
2025-07-12 17:55:01 - [1;33m🔍 Vérification des changements distants...[0m
2025-07-12 18:00:01 - [1;33m🔍 Vérification des changements distants...[0m
2025-07-12 18:05:01 - [1;33m🔍 Vérification des changements distants...[0m
2025-07-12 18:10:01 - [1;33m🔍 Vérification des changements distants...[0m
2025-07-12 18:15:01 - [1;33m🔍 Vérification des changements distants...[0m
2025-07-12 18:20:01 - [1;33m🔍 Vérification des changements distants...[0m
2025-07-12 18:25:01 - [1;33m🔍 Vérification des changements distants...[0m
2025-07-12 18:30:01 - [1;33m🔍 Vérification des changements distants...[0m
2025-07-12 18:35:01 - [1;33m🔍 Vérification des changements distants...[0m
2025-07-12 18:40:01 - [1;33m🔍 Vérification des changements distants...[0m
2025-07-12 18:45:01 - [1;33m🔍 Vérification des changements distants...[0m
2025-07-12 18:50:01 - [1;33m🔍 Vérification des changements distants...[0m
2025-07-12 18:55:01 - [1;33m🔍 Vérification des changements distants...[0m
2025-07-12 19:00:01 - [1;33m🔍 Vérification des changements distants...[0m
2025-07-12 19:05:01 - [1;33m🔍 Vérification des changements distants...[0m
2025-07-12 19:10:01 - [1;33m🔍 Vérification des changements distants...[0m
2025-07-12 19:15:01 - [1;33m🔍 Vérification des changements distants...[0m
2025-07-12 19:20:01 - [1;33m🔍 Vérification des changements distants...[0m
2025-07-12 19:25:01 - [1;33m🔍 Vérification des changements distants...[0m
2025-07-12 19:30:01 - [1;33m🔍 Vérification des changements distants...[0m
2025-07-12 19:35:01 - [1;33m🔍 Vérification des changements distants...[0m
2025-07-12 19:40:01 - [1;33m🔍 Vérification des changements distants...[0m
2025-07-12 19:45:01 - [1;33m🔍 Vérification des changements distants...[0m
2025-07-12 19:50:01 - [1;33m🔍 Vérification des changements distants...[0m
2025-07-12 19:55:01 - [1;33m🔍 Vérification des changements distants...[0m
2025-07-12 20:00:01 - [1;33m🔍 Vérification des changements distants...[0m
2025-07-12 20:05:01 - [1;33m🔍 Vérification des changements distants...[0m
2025-07-12 20:10:01 - [1;33m🔍 Vérification des changements distants...[0m
2025-07-12 20:15:01 - [1;33m🔍 Vérification des changements distants...[0m
2025-07-12 20:20:01 - [1;33m🔍 Vérification des changements distants...[0m
2025-07-12 20:25:01 - [1;33m🔍 Vérification des changements distants...[0m
2025-07-12 20:30:01 - [1;33m🔍 Vérification des changements distants...[0m
2025-07-12 20:35:01 - [1;33m🔍 Vérification des changements distants...[0m
2025-07-12 20:40:01 - [1;33m🔍 Vérification des changements distants...[0m
2025-07-12 20:45:01 - [1;33m🔍 Vérification des changements distants...[0m
2025-07-12 20:50:01 - [1;33m🔍 Vérification des changements distants...[0m
2025-07-12 20:55:01 - [1;33m🔍 Vérification des changements distants...[0m
2025-07-12 21:00:01 - [1;33m🔍 Vérification des changements distants...[0m
2025-07-12 21:05:01 - [1;33m🔍 Vérification des changements distants...[0m
2025-07-12 21:10:01 - [1;33m🔍 Vérification des changements distants...[0m
2025-07-12 21:15:01 - [1;33m🔍 Vérification des changements distants...[0m
2025-07-12 21:20:01 - [1;33m🔍 Vérification des changements distants...[0m
2025-07-12 21:25:01 - [1;33m🔍 Vérification des changements distants...[0m
2025-07-12 21:30:01 - [1;33m🔍 Vérification des changements distants...[0m
2025-07-12 21:35:01 - [1;33m🔍 Vérification des changements distants...[0m
2025-07-12 21:40:01 - [1;33m🔍 Vérification des changements distants...[0m
2025-07-12 21:45:01 - [1;33m🔍 Vérification des changements distants...[0m
2025-07-12 21:50:01 - [1;33m🔍 Vérification des changements distants...[0m
2025-07-12 21:55:01 - [1;33m🔍 Vérification des changements distants...[0m
2025-07-12 22:00:01 - [1;33m🔍 Vérification des changements distants...[0m
2025-07-12 22:05:01 - [1;33m🔍 Vérification des changements distants...[0m
2025-07-12 22:10:01 - [1;33m🔍 Vérification des changements distants...[0m
2025-07-12 22:15:01 - [1;33m🔍 Vérification des changements distants...[0m
2025-07-12 22:20:01 - [1;33m🔍 Vérification des changements distants...[0m
2025-07-12 22:25:01 - [1;33m🔍 Vérification des changements distants...[0m
2025-07-12 22:30:01 - [1;33m🔍 Vérification des changements distants...[0m
2025-07-12 22:35:01 - [1;33m🔍 Vérification des changements distants...[0m
2025-07-12 22:40:01 - [1;33m🔍 Vérification des changements distants...[0m
2025-07-12 22:45:01 - [1;33m🔍 Vérification des changements distants...[0m
2025-07-12 22:50:01 - [1;33m🔍 Vérification des changements distants...[0m
2025-07-12 22:55:01 - [1;33m🔍 Vérification des changements distants...[0m
2025-07-12 23:00:01 - [1;33m🔍 Vérification des changements distants...[0m
2025-07-12 23:05:01 - [1;33m🔍 Vérification des changements distants...[0m
2025-07-12 23:10:01 - [1;33m🔍 Vérification des changements distants...[0m
2025-07-12 23:15:01 - [1;33m🔍 Vérification des changements distants...[0m
2025-07-12 23:20:01 - [1;33m🔍 Vérification des changements distants...[0m
2025-07-12 23:25:01 - [1;33m🔍 Vérification des changements distants...[0m
2025-07-12 23:30:01 - [1;33m🔍 Vérification des changements distants...[0m
2025-07-12 23:35:01 - [1;33m🔍 Vérification des changements distants...[0m
2025-07-12 23:40:01 - [1;33m🔍 Vérification des changements distants...[0m
2025-07-12 23:45:01 - [1;33m🔍 Vérification des changements distants...[0m
2025-07-12 23:50:01 - [1;33m🔍 Vérification des changements distants...[0m
2025-07-12 23:55:01 - [1;33m🔍 Vérification des changements distants...[0m
2025-07-13 00:00:01 - [1;33m🔍 Vérification des changements distants...[0m
2025-07-13 00:05:01 - [1;33m🔍 Vérification des changements distants...[0m
2025-07-13 00:10:01 - [1;33m🔍 Vérification des changements distants...[0m
2025-07-13 00:15:01 - [1;33m🔍 Vérification des changements distants...[0m
2025-07-13 00:20:01 - [1;33m🔍 Vérification des changements distants...[0m
2025-07-13 00:25:01 - [1;33m🔍 Vérification des changements distants...[0m
2025-07-13 00:30:01 - [1;33m🔍 Vérification des changements distants...[0m
2025-07-13 00:35:01 - [1;33m🔍 Vérification des changements distants...[0m
2025-07-13 00:40:01 - [1;33m🔍 Vérification des changements distants...[0m
2025-07-13 00:45:01 - [1;33m🔍 Vérification des changements distants...[0m
2025-07-13 00:50:01 - [1;33m🔍 Vérification des changements distants...[0m
2025-07-13 00:55:01 - [1;33m🔍 Vérification des changements distants...[0m
2025-07-13 01:00:01 - [1;33m🔍 Vérification des changements distants...[0m
2025-07-13 01:05:01 - [1;33m🔍 Vérification des changements distants...[0m
2025-07-13 01:10:01 - [1;33m🔍 Vérification des changements distants...[0m
2025-07-13 01:15:01 - [1;33m🔍 Vérification des changements distants...[0m
2025-07-13 01:20:01 - [1;33m🔍 Vérification des changements distants...[0m
2025-07-13 01:25:01 - [1;33m🔍 Vérification des changements distants...[0m
2025-07-13 01:30:01 - [1;33m🔍 Vérification des changements distants...[0m
2025-07-13 01:35:01 - [1;33m🔍 Vérification des changements distants...[0m
2025-07-13 01:40:01 - [1;33m🔍 Vérification des changements distants...[0m
2025-07-13 01:45:01 - [1;33m🔍 Vérification des changements distants...[0m
2025-07-13 01:50:01 - [1;33m🔍 Vérification des changements distants...[0m
2025-07-13 01:55:01 - [1;33m🔍 Vérification des changements distants...[0m
2025-07-13 02:00:01 - [1;33m🔍 Vérification des changements distants...[0m
2025-07-13 02:05:01 - [1;33m🔍 Vérification des changements distants...[0m
2025-07-13 02:10:01 - [1;33m🔍 Vérification des changements distants...[0m
2025-07-13 02:15:01 - [1;33m🔍 Vérification des changements distants...[0m
2025-07-13 02:20:01 - [1;33m🔍 Vérification des changements distants...[0m
2025-07-13 02:25:01 - [1;33m🔍 Vérification des changements distants...[0m
2025-07-13 02:30:01 - [1;33m🔍 Vérification des changements distants...[0m
2025-07-13 02:35:01 - [1;33m🔍 Vérification des changements distants...[0m
2025-07-13 02:40:01 - [1;33m🔍 Vérification des changements distants...[0m
2025-07-13 02:45:01 - [1;33m🔍 Vérification des changements distants...[0m
2025-07-13 02:50:01 - [1;33m🔍 Vérification des changements distants...[0m
2025-07-13 02:55:01 - [1;33m🔍 Vérification des changements distants...[0m
2025-07-13 03:00:01 - [1;33m🔍 Vérification des changements distants...[0m
2025-07-13 03:05:01 - [1;33m🔍 Vérification des changements distants...[0m
2025-07-13 03:10:01 - [1;33m🔍 Vérification des changements distants...[0m
2025-07-13 03:15:01 - [1;33m🔍 Vérification des changements distants...[0m
2025-07-13 03:20:01 - [1;33m🔍 Vérification des changements distants...[0m
2025-07-13 03:25:01 - [1;33m🔍 Vérification des changements distants...[0m
2025-07-13 03:30:01 - [1;33m🔍 Vérification des changements distants...[0m
2025-07-13 03:35:01 - [1;33m🔍 Vérification des changements distants...[0m
2025-07-13 03:40:01 - [1;33m🔍 Vérification des changements distants...[0m
2025-07-13 03:45:01 - [1;33m🔍 Vérification des changements distants...[0m
2025-07-13 03:50:01 - [1;33m🔍 Vérification des changements distants...[0m
2025-07-13 03:55:01 - [1;33m🔍 Vérification des changements distants...[0m
2025-07-13 04:00:01 - [1;33m🔍 Vérification des changements distants...[0m
2025-07-13 04:05:01 - [1;33m🔍 Vérification des changements distants...[0m
2025-07-13 04:10:01 - [1;33m🔍 Vérification des changements distants...[0m
2025-07-13 04:15:01 - [1;33m🔍 Vérification des changements distants...[0m
2025-07-13 04:20:01 - [1;33m🔍 Vérification des changements distants...[0m
2025-07-13 04:25:01 - [1;33m🔍 Vérification des changements distants...[0m
2025-07-13 04:30:01 - [1;33m🔍 Vérification des changements distants...[0m
2025-07-13 04:35:01 - [1;33m🔍 Vérification des changements distants...[0m
2025-07-13 04:40:01 - [1;33m🔍 Vérification des changements distants...[0m
2025-07-13 04:45:01 - [1;33m🔍 Vérification des changements distants...[0m
2025-07-13 04:50:01 - [1;33m🔍 Vérification des changements distants...[0m
2025-07-13 04:55:01 - [1;33m🔍 Vérification des changements distants...[0m
2025-07-13 05:00:01 - [1;33m🔍 Vérification des changements distants...[0m
2025-07-13 05:05:01 - [1;33m🔍 Vérification des changements distants...[0m
2025-07-13 05:10:01 - [1;33m🔍 Vérification des changements distants...[0m
2025-07-13 05:15:01 - [1;33m🔍 Vérification des changements distants...[0m
2025-07-13 05:20:01 - [1;33m🔍 Vérification des changements distants...[0m
2025-07-13 05:25:01 - [1;33m🔍 Vérification des changements distants...[0m
2025-07-13 05:30:01 - [1;33m🔍 Vérification des changements distants...[0m
2025-07-13 05:35:01 - [1;33m🔍 Vérification des changements distants...[0m
2025-07-13 05:40:01 - [1;33m🔍 Vérification des changements distants...[0m
2025-07-13 05:45:01 - [1;33m🔍 Vérification des changements distants...[0m
2025-07-13 05:50:01 - [1;33m🔍 Vérification des changements distants...[0m
2025-07-13 05:55:01 - [1;33m🔍 Vérification des changements distants...[0m
2025-07-13 06:00:01 - [1;33m🔍 Vérification des changements distants...[0m
2025-07-13 06:05:01 - [1;33m🔍 Vérification des changements distants...[0m
2025-07-13 06:10:01 - [1;33m🔍 Vérification des changements distants...[0m
2025-07-13 06:15:01 - [1;33m🔍 Vérification des changements distants...[0m
2025-07-13 06:20:01 - [1;33m🔍 Vérification des changements distants...[0m
2025-07-13 06:25:01 - [1;33m🔍 Vérification des changements distants...[0m
2025-07-13 06:30:01 - [1;33m🔍 Vérification des changements distants...[0m
2025-07-13 06:35:01 - [1;33m🔍 Vérification des changements distants...[0m
2025-07-13 06:40:01 - [1;33m🔍 Vérification des changements distants...[0m
2025-07-13 06:45:01 - [1;33m🔍 Vérification des changements distants...[0m
2025-07-13 06:50:01 - [1;33m🔍 Vérification des changements distants...[0m
2025-07-13 06:55:02 - [1;33m🔍 Vérification des changements distants...[0m
2025-07-13 07:00:01 - [1;33m🔍 Vérification des changements distants...[0m
2025-07-13 07:05:01 - [1;33m🔍 Vérification des changements distants...[0m
2025-07-13 07:10:01 - [1;33m🔍 Vérification des changements distants...[0m
2025-07-13 07:15:01 - [1;33m🔍 Vérification des changements distants...[0m
2025-07-13 07:20:01 - [1;33m🔍 Vérification des changements distants...[0m
2025-07-13 07:25:01 - [1;33m🔍 Vérification des changements distants...[0m
2025-07-13 07:30:01 - [1;33m🔍 Vérification des changements distants...[0m
2025-07-13 07:35:01 - [1;33m🔍 Vérification des changements distants...[0m
2025-07-13 07:40:01 - [1;33m🔍 Vérification des changements distants...[0m
2025-07-13 07:45:01 - [1;33m🔍 Vérification des changements distants...[0m
2025-07-13 07:50:01 - [1;33m🔍 Vérification des changements distants...[0m
2025-07-13 07:55:01 - [1;33m🔍 Vérification des changements distants...[0m
2025-07-13 08:00:01 - [1;33m🔍 Vérification des changements distants...[0m
2025-07-13 08:05:01 - [1;33m🔍 Vérification des changements distants...[0m
2025-07-13 08:10:01 - [1;33m🔍 Vérification des changements distants...[0m
2025-07-13 08:15:01 - [1;33m🔍 Vérification des changements distants...[0m
2025-07-13 08:20:01 - [1;33m🔍 Vérification des changements distants...[0m
2025-07-13 08:25:01 - [1;33m🔍 Vérification des changements distants...[0m
2025-07-13 08:30:01 - [1;33m🔍 Vérification des changements distants...[0m
2025-07-13 08:35:01 - [1;33m🔍 Vérification des changements distants...[0m
2025-07-13 08:40:01 - [1;33m🔍 Vérification des changements distants...[0m
2025-07-13 08:45:01 - [1;33m🔍 Vérification des changements distants...[0m
2025-07-13 08:50:01 - [1;33m🔍 Vérification des changements distants...[0m
2025-07-13 08:55:01 - [1;33m🔍 Vérification des changements distants...[0m
2025-07-13 09:00:01 - [1;33m🔍 Vérification des changements distants...[0m
2025-07-13 09:05:01 - [1;33m🔍 Vérification des changements distants...[0m
2025-07-13 09:10:01 - [1;33m🔍 Vérification des changements distants...[0m
2025-07-13 09:15:01 - [1;33m🔍 Vérification des changements distants...[0m
2025-07-13 09:20:01 - [1;33m🔍 Vérification des changements distants...[0m
2025-07-13 09:25:01 - [1;33m🔍 Vérification des changements distants...[0m
2025-07-13 09:30:01 - [1;33m🔍 Vérification des changements distants...[0m
2025-07-13 09:35:01 - [1;33m🔍 Vérification des changements distants...[0m
2025-07-13 09:40:01 - [1;33m🔍 Vérification des changements distants...[0m
2025-07-13 09:45:01 - [1;33m🔍 Vérification des changements distants...[0m
2025-07-13 09:50:01 - [1;33m🔍 Vérification des changements distants...[0m
2025-07-13 09:55:01 - [1;33m🔍 Vérification des changements distants...[0m
2025-07-13 10:00:01 - [1;33m🔍 Vérification des changements distants...[0m
2025-07-13 10:05:01 - [1;33m🔍 Vérification des changements distants...[0m
2025-07-13 10:10:01 - [1;33m🔍 Vérification des changements distants...[0m
2025-07-13 10:15:01 - [1;33m🔍 Vérification des changements distants...[0m
2025-07-13 10:20:01 - [1;33m🔍 Vérification des changements distants...[0m
2025-07-13 10:25:01 - [1;33m🔍 Vérification des changements distants...[0m
2025-07-13 10:30:01 - [1;33m🔍 Vérification des changements distants...[0m
2025-07-13 10:35:01 - [1;33m🔍 Vérification des changements distants...[0m
2025-07-13 10:40:01 - [1;33m🔍 Vérification des changements distants...[0m
2025-07-13 10:45:01 - [1;33m🔍 Vérification des changements distants...[0m
2025-07-13 10:50:01 - [1;33m🔍 Vérification des changements distants...[0m
2025-07-13 10:55:01 - [1;33m🔍 Vérification des changements distants...[0m
2025-07-13 11:00:01 - [1;33m🔍 Vérification des changements distants...[0m
2025-07-13 11:05:01 - [1;33m🔍 Vérification des changements distants...[0m
2025-07-13 11:10:01 - [1;33m🔍 Vérification des changements distants...[0m
2025-07-13 11:15:01 - [1;33m🔍 Vérification des changements distants...[0m
2025-07-13 11:20:01 - [1;33m🔍 Vérification des changements distants...[0m
2025-07-13 11:25:01 - [1;33m🔍 Vérification des changements distants...[0m
2025-07-13 11:30:01 - [1;33m🔍 Vérification des changements distants...[0m
2025-07-13 11:35:01 - [1;33m🔍 Vérification des changements distants...[0m
2025-07-13 11:40:01 - [1;33m🔍 Vérification des changements distants...[0m
2025-07-13 11:45:01 - [1;33m🔍 Vérification des changements distants...[0m
2025-07-13 11:50:01 - [1;33m🔍 Vérification des changements distants...[0m
2025-07-13 11:55:01 - [1;33m🔍 Vérification des changements distants...[0m
2025-07-13 12:00:01 - [1;33m🔍 Vérification des changements distants...[0m
2025-07-13 12:05:01 - [1;33m🔍 Vérification des changements distants...[0m
2025-07-13 12:10:01 - [1;33m🔍 Vérification des changements distants...[0m
2025-07-13 12:15:01 - [1;33m🔍 Vérification des changements distants...[0m
2025-07-13 12:20:01 - [1;33m🔍 Vérification des changements distants...[0m
2025-07-13 12:25:01 - [1;33m🔍 Vérification des changements distants...[0m
2025-07-13 12:30:01 - [1;33m🔍 Vérification des changements distants...[0m
2025-07-13 12:35:01 - [1;33m🔍 Vérification des changements distants...[0m
2025-07-13 12:40:01 - [1;33m🔍 Vérification des changements distants...[0m
2025-07-13 12:45:01 - [1;33m🔍 Vérification des changements distants...[0m
2025-07-13 12:50:01 - [1;33m🔍 Vérification des changements distants...[0m
2025-07-13 12:55:01 - [1;33m🔍 Vérification des changements distants...[0m
2025-07-13 13:00:01 - [1;33m🔍 Vérification des changements distants...[0m
2025-07-13 13:05:01 - [1;33m🔍 Vérification des changements distants...[0m
2025-07-13 13:10:01 - [1;33m🔍 Vérification des changements distants...[0m
2025-07-13 13:15:01 - [1;33m🔍 Vérification des changements distants...[0m
2025-07-13 13:20:01 - [1;33m🔍 Vérification des changements distants...[0m
2025-07-13 13:25:01 - [1;33m🔍 Vérification des changements distants...[0m
2025-07-13 13:30:01 - [1;33m🔍 Vérification des changements distants...[0m
2025-07-13 13:35:01 - [1;33m🔍 Vérification des changements distants...[0m
2025-07-13 13:40:01 - [1;33m🔍 Vérification des changements distants...[0m
2025-07-13 13:45:01 - [1;33m🔍 Vérification des changements distants...[0m
2025-07-13 13:50:01 - [1;33m🔍 Vérification des changements distants...[0m
2025-07-13 13:55:01 - [1;33m🔍 Vérification des changements distants...[0m
2025-07-13 14:00:01 - [1;33m🔍 Vérification des changements distants...[0m
2025-07-13 14:05:01 - [1;33m🔍 Vérification des changements distants...[0m
2025-07-13 14:10:01 - [1;33m🔍 Vérification des changements distants...[0m
2025-07-13 14:15:01 - [1;33m🔍 Vérification des changements distants...[0m
2025-07-13 14:20:01 - [1;33m🔍 Vérification des changements distants...[0m
2025-07-13 14:25:01 - [1;33m🔍 Vérification des changements distants...[0m
2025-07-13 14:30:01 - [1;33m🔍 Vérification des changements distants...[0m
2025-07-13 14:35:01 - [1;33m🔍 Vérification des changements distants...[0m
2025-07-13 14:40:01 - [1;33m🔍 Vérification des changements distants...[0m
2025-07-13 14:45:01 - [1;33m🔍 Vérification des changements distants...[0m
2025-07-13 14:50:01 - [1;33m🔍 Vérification des changements distants...[0m
2025-07-13 14:55:01 - [1;33m🔍 Vérification des changements distants...[0m
2025-07-13 15:00:01 - [1;33m🔍 Vérification des changements distants...[0m
2025-07-13 15:05:01 - [1;33m🔍 Vérification des changements distants...[0m
2025-07-13 15:10:01 - [1;33m🔍 Vérification des changements distants...[0m
2025-07-13 15:15:01 - [1;33m🔍 Vérification des changements distants...[0m
2025-07-13 15:20:01 - [1;33m🔍 Vérification des changements distants...[0m
2025-07-13 15:25:01 - [1;33m🔍 Vérification des changements distants...[0m
2025-07-13 15:30:01 - [1;33m🔍 Vérification des changements distants...[0m
2025-07-13 15:35:01 - [1;33m🔍 Vérification des changements distants...[0m
2025-07-13 15:40:01 - [1;33m🔍 Vérification des changements distants...[0m
2025-07-13 15:45:01 - [1;33m🔍 Vérification des changements distants...[0m
2025-07-13 15:50:01 - [1;33m🔍 Vérification des changements distants...[0m
2025-07-13 15:55:01 - [1;33m🔍 Vérification des changements distants...[0m
2025-07-13 16:00:01 - [1;33m🔍 Vérification des changements distants...[0m
2025-07-13 16:05:01 - [1;33m🔍 Vérification des changements distants...[0m
2025-07-13 16:10:01 - [1;33m🔍 Vérification des changements distants...[0m
2025-07-13 16:15:01 - [1;33m🔍 Vérification des changements distants...[0m
2025-07-13 16:20:01 - [1;33m🔍 Vérification des changements distants...[0m
2025-07-13 16:25:01 - [1;33m🔍 Vérification des changements distants...[0m
2025-07-13 16:30:01 - [1;33m🔍 Vérification des changements distants...[0m
2025-07-13 16:35:01 - [1;33m🔍 Vérification des changements distants...[0m
2025-07-13 16:40:01 - [1;33m🔍 Vérification des changements distants...[0m
2025-07-13 16:45:01 - [1;33m🔍 Vérification des changements distants...[0m
2025-07-13 16:50:01 - [1;33m🔍 Vérification des changements distants...[0m
2025-07-13 16:55:01 - [1;33m🔍 Vérification des changements distants...[0m
2025-07-13 17:00:01 - [1;33m🔍 Vérification des changements distants...[0m
2025-07-13 17:05:01 - [1;33m🔍 Vérification des changements distants...[0m
2025-07-13 17:10:01 - [1;33m🔍 Vérification des changements distants...[0m
2025-07-13 17:15:01 - [1;33m🔍 Vérification des changements distants...[0m
2025-07-13 17:20:01 - [1;33m🔍 Vérification des changements distants...[0m
2025-07-13 17:25:01 - [1;33m🔍 Vérification des changements distants...[0m
2025-07-13 17:30:01 - [1;33m🔍 Vérification des changements distants...[0m
2025-07-13 17:35:01 - [1;33m🔍 Vérification des changements distants...[0m
2025-07-13 17:40:01 - [1;33m🔍 Vérification des changements distants...[0m
2025-07-13 17:45:01 - [1;33m🔍 Vérification des changements distants...[0m
2025-07-13 17:50:01 - [1;33m🔍 Vérification des changements distants...[0m
2025-07-13 17:55:01 - [1;33m🔍 Vérification des changements distants...[0m
2025-07-13 18:00:01 - [1;33m🔍 Vérification des changements distants...[0m
2025-07-13 18:05:01 - [1;33m🔍 Vérification des changements distants...[0m
2025-07-13 18:10:01 - [1;33m🔍 Vérification des changements distants...[0m
2025-07-13 18:15:01 - [1;33m🔍 Vérification des changements distants...[0m
2025-07-13 18:20:01 - [1;33m🔍 Vérification des changements distants...[0m
2025-07-13 18:25:01 - [1;33m🔍 Vérification des changements distants...[0m
2025-07-13 18:30:01 - [1;33m🔍 Vérification des changements distants...[0m
2025-07-13 18:35:01 - [1;33m🔍 Vérification des changements distants...[0m
2025-07-13 18:40:01 - [1;33m🔍 Vérification des changements distants...[0m
2025-07-13 18:45:01 - [1;33m🔍 Vérification des changements distants...[0m
2025-07-13 18:50:01 - [1;33m🔍 Vérification des changements distants...[0m
2025-07-13 18:55:01 - [1;33m🔍 Vérification des changements distants...[0m
2025-07-13 19:00:01 - [1;33m🔍 Vérification des changements distants...[0m
2025-07-13 19:05:01 - [1;33m🔍 Vérification des changements distants...[0m
2025-07-13 19:10:01 - [1;33m🔍 Vérification des changements distants...[0m
2025-07-13 19:15:01 - [1;33m🔍 Vérification des changements distants...[0m
2025-07-13 19:20:01 - [1;33m🔍 Vérification des changements distants...[0m
2025-07-13 19:25:01 - [1;33m🔍 Vérification des changements distants...[0m
2025-07-13 19:30:01 - [1;33m🔍 Vérification des changements distants...[0m
2025-07-13 19:35:01 - [1;33m🔍 Vérification des changements distants...[0m
2025-07-13 19:40:01 - [1;33m🔍 Vérification des changements distants...[0m
2025-07-13 19:45:01 - [1;33m🔍 Vérification des changements distants...[0m
2025-07-13 19:50:01 - [1;33m🔍 Vérification des changements distants...[0m
2025-07-13 19:55:01 - [1;33m🔍 Vérification des changements distants...[0m
2025-07-13 20:00:01 - [1;33m🔍 Vérification des changements distants...[0m
2025-07-13 20:05:01 - [1;33m🔍 Vérification des changements distants...[0m
2025-07-13 20:10:01 - [1;33m🔍 Vérification des changements distants...[0m
2025-07-13 20:15:01 - [1;33m🔍 Vérification des changements distants...[0m
2025-07-13 20:20:01 - [1;33m🔍 Vérification des changements distants...[0m
2025-07-13 20:25:01 - [1;33m🔍 Vérification des changements distants...[0m
2025-07-13 20:30:01 - [1;33m🔍 Vérification des changements distants...[0m
2025-07-13 20:35:01 - [1;33m🔍 Vérification des changements distants...[0m
2025-07-13 20:40:01 - [1;33m🔍 Vérification des changements distants...[0m
2025-07-13 20:45:01 - [1;33m🔍 Vérification des changements distants...[0m
2025-07-13 20:50:01 - [1;33m🔍 Vérification des changements distants...[0m
2025-07-13 20:55:01 - [1;33m🔍 Vérification des changements distants...[0m
2025-07-13 21:00:01 - [1;33m🔍 Vérification des changements distants...[0m
2025-07-13 21:05:01 - [1;33m🔍 Vérification des changements distants...[0m
2025-07-13 21:10:01 - [1;33m🔍 Vérification des changements distants...[0m
2025-07-13 21:15:01 - [1;33m🔍 Vérification des changements distants...[0m
2025-07-13 21:20:01 - [1;33m🔍 Vérification des changements distants...[0m
2025-07-13 21:25:01 - [1;33m🔍 Vérification des changements distants...[0m
2025-07-13 21:30:01 - [1;33m🔍 Vérification des changements distants...[0m
2025-07-13 21:35:01 - [1;33m🔍 Vérification des changements distants...[0m
2025-07-13 21:40:01 - [1;33m🔍 Vérification des changements distants...[0m
2025-07-13 21:45:01 - [1;33m🔍 Vérification des changements distants...[0m
2025-07-13 21:50:01 - [1;33m🔍 Vérification des changements distants...[0m
2025-07-13 21:55:01 - [1;33m🔍 Vérification des changements distants...[0m
2025-07-13 22:00:01 - [1;33m🔍 Vérification des changements distants...[0m
2025-07-13 22:05:01 - [1;33m🔍 Vérification des changements distants...[0m
2025-07-13 22:10:01 - [1;33m🔍 Vérification des changements distants...[0m
2025-07-13 22:15:01 - [1;33m🔍 Vérification des changements distants...[0m
2025-07-13 22:20:01 - [1;33m🔍 Vérification des changements distants...[0m
2025-07-13 22:25:01 - [1;33m🔍 Vérification des changements distants...[0m
2025-07-13 22:30:01 - [1;33m🔍 Vérification des changements distants...[0m
2025-07-13 22:35:01 - [1;33m🔍 Vérification des changements distants...[0m
2025-07-13 22:40:01 - [1;33m🔍 Vérification des changements distants...[0m
2025-07-13 22:45:01 - [1;33m🔍 Vérification des changements distants...[0m
2025-07-13 22:50:01 - [1;33m🔍 Vérification des changements distants...[0m
2025-07-13 22:55:01 - [1;33m🔍 Vérification des changements distants...[0m
2025-07-13 23:00:01 - [1;33m🔍 Vérification des changements distants...[0m
2025-07-13 23:05:01 - [1;33m🔍 Vérification des changements distants...[0m
2025-07-13 23:10:02 - [1;33m🔍 Vérification des changements distants...[0m
2025-07-13 23:15:01 - [1;33m🔍 Vérification des changements distants...[0m
2025-07-13 23:20:01 - [1;33m🔍 Vérification des changements distants...[0m
2025-07-13 23:25:01 - [1;33m🔍 Vérification des changements distants...[0m
2025-07-13 23:30:01 - [1;33m🔍 Vérification des changements distants...[0m
2025-07-13 23:35:01 - [1;33m🔍 Vérification des changements distants...[0m
2025-07-13 23:40:01 - [1;33m🔍 Vérification des changements distants...[0m
2025-07-13 23:45:01 - [1;33m🔍 Vérification des changements distants...[0m
2025-07-13 23:50:01 - [1;33m🔍 Vérification des changements distants...[0m
2025-07-13 23:55:01 - [1;33m🔍 Vérification des changements distants...[0m
2025-07-14 00:00:01 - [1;33m🔍 Vérification des changements distants...[0m
2025-07-14 00:05:01 - [1;33m🔍 Vérification des changements distants...[0m
2025-07-14 00:10:01 - [1;33m🔍 Vérification des changements distants...[0m
2025-07-14 00:15:01 - [1;33m🔍 Vérification des changements distants...[0m
2025-07-14 00:20:01 - [1;33m🔍 Vérification des changements distants...[0m
2025-07-14 00:25:01 - [1;33m🔍 Vérification des changements distants...[0m
2025-07-14 00:30:01 - [1;33m🔍 Vérification des changements distants...[0m
2025-07-14 00:35:01 - [1;33m🔍 Vérification des changements distants...[0m
2025-07-14 00:40:01 - [1;33m🔍 Vérification des changements distants...[0m
2025-07-14 00:45:01 - [1;33m🔍 Vérification des changements distants...[0m
2025-07-14 00:50:01 - [1;33m🔍 Vérification des changements distants...[0m
2025-07-14 00:55:01 - [1;33m🔍 Vérification des changements distants...[0m
2025-07-14 01:00:01 - [1;33m🔍 Vérification des changements distants...[0m
2025-07-14 01:05:01 - [1;33m🔍 Vérification des changements distants...[0m
2025-07-14 01:10:01 - [1;33m🔍 Vérification des changements distants...[0m
2025-07-14 01:15:01 - [1;33m🔍 Vérification des changements distants...[0m
2025-07-14 01:20:01 - [1;33m🔍 Vérification des changements distants...[0m
2025-07-14 01:25:01 - [1;33m🔍 Vérification des changements distants...[0m
2025-07-14 01:30:01 - [1;33m🔍 Vérification des changements distants...[0m
2025-07-14 01:35:01 - [1;33m🔍 Vérification des changements distants...[0m
2025-07-14 01:40:01 - [1;33m🔍 Vérification des changements distants...[0m
2025-07-14 01:45:01 - [1;33m🔍 Vérification des changements distants...[0m
2025-07-14 01:50:01 - [1;33m🔍 Vérification des changements distants...[0m
2025-07-14 01:55:01 - [1;33m🔍 Vérification des changements distants...[0m
2025-07-14 02:00:01 - [1;33m🔍 Vérification des changements distants...[0m
2025-07-14 02:05:01 - [1;33m🔍 Vérification des changements distants...[0m
2025-07-14 02:10:01 - [1;33m🔍 Vérification des changements distants...[0m
2025-07-14 02:15:02 - [1;33m🔍 Vérification des changements distants...[0m
2025-07-14 02:20:01 - [1;33m🔍 Vérification des changements distants...[0m
2025-07-14 02:25:01 - [1;33m🔍 Vérification des changements distants...[0m
2025-07-14 02:30:01 - [1;33m🔍 Vérification des changements distants...[0m
2025-07-14 02:35:01 - [1;33m🔍 Vérification des changements distants...[0m
2025-07-14 02:40:01 - [1;33m🔍 Vérification des changements distants...[0m
2025-07-14 02:45:01 - [1;33m🔍 Vérification des changements distants...[0m
2025-07-14 02:50:01 - [1;33m🔍 Vérification des changements distants...[0m
2025-07-14 02:55:01 - [1;33m🔍 Vérification des changements distants...[0m
2025-07-14 03:00:01 - [1;33m🔍 Vérification des changements distants...[0m
2025-07-14 03:05:01 - [1;33m🔍 Vérification des changements distants...[0m
2025-07-14 03:10:01 - [1;33m🔍 Vérification des changements distants...[0m
2025-07-14 03:15:01 - [1;33m🔍 Vérification des changements distants...[0m
2025-07-14 03:20:01 - [1;33m🔍 Vérification des changements distants...[0m
2025-07-14 03:25:01 - [1;33m🔍 Vérification des changements distants...[0m
2025-07-14 03:30:01 - [1;33m🔍 Vérification des changements distants...[0m
2025-07-14 03:35:01 - [1;33m🔍 Vérification des changements distants...[0m
2025-07-14 03:40:01 - [1;33m🔍 Vérification des changements distants...[0m
2025-07-14 03:45:01 - [1;33m🔍 Vérification des changements distants...[0m
2025-07-14 03:50:01 - [1;33m🔍 Vérification des changements distants...[0m
2025-07-14 03:55:01 - [1;33m🔍 Vérification des changements distants...[0m
2025-07-14 04:00:01 - [1;33m🔍 Vérification des changements distants...[0m
2025-07-14 04:05:01 - [1;33m🔍 Vérification des changements distants...[0m
2025-07-14 04:10:01 - [1;33m🔍 Vérification des changements distants...[0m
2025-07-14 04:15:01 - [1;33m🔍 Vérification des changements distants...[0m
2025-07-14 04:20:01 - [1;33m🔍 Vérification des changements distants...[0m
2025-07-14 04:25:01 - [1;33m🔍 Vérification des changements distants...[0m
2025-07-14 04:30:01 - [1;33m🔍 Vérification des changements distants...[0m
2025-07-14 04:35:01 - [1;33m🔍 Vérification des changements distants...[0m
2025-07-14 04:40:01 - [1;33m🔍 Vérification des changements distants...[0m
2025-07-14 04:45:01 - [1;33m🔍 Vérification des changements distants...[0m
2025-07-14 04:50:01 - [1;33m🔍 Vérification des changements distants...[0m
2025-07-14 04:55:01 - [1;33m🔍 Vérification des changements distants...[0m
2025-07-14 05:00:01 - [1;33m🔍 Vérification des changements distants...[0m
2025-07-14 05:05:01 - [1;33m🔍 Vérification des changements distants...[0m
2025-07-14 05:10:01 - [1;33m🔍 Vérification des changements distants...[0m
2025-07-14 05:15:01 - [1;33m🔍 Vérification des changements distants...[0m
2025-07-14 05:20:01 - [1;33m🔍 Vérification des changements distants...[0m
2025-07-14 05:25:01 - [1;33m🔍 Vérification des changements distants...[0m
2025-07-14 05:30:01 - [1;33m🔍 Vérification des changements distants...[0m
2025-07-14 05:35:01 - [1;33m🔍 Vérification des changements distants...[0m
2025-07-14 05:40:01 - [1;33m🔍 Vérification des changements distants...[0m
2025-07-14 05:45:01 - [1;33m🔍 Vérification des changements distants...[0m
2025-07-14 05:50:01 - [1;33m🔍 Vérification des changements distants...[0m
2025-07-14 05:55:01 - [1;33m🔍 Vérification des changements distants...[0m
2025-07-14 06:00:01 - [1;33m🔍 Vérification des changements distants...[0m
2025-07-14 06:05:01 - [1;33m🔍 Vérification des changements distants...[0m
2025-07-14 06:10:01 - [1;33m🔍 Vérification des changements distants...[0m
2025-07-14 06:15:01 - [1;33m🔍 Vérification des changements distants...[0m
2025-07-14 06:20:01 - [1;33m🔍 Vérification des changements distants...[0m
2025-07-14 06:25:02 - [1;33m🔍 Vérification des changements distants...[0m
2025-07-14 06:30:01 - [1;33m🔍 Vérification des changements distants...[0m
2025-07-14 06:35:01 - [1;33m🔍 Vérification des changements distants...[0m
2025-07-14 06:40:01 - [1;33m🔍 Vérification des changements distants...[0m
2025-07-14 06:45:01 - [1;33m🔍 Vérification des changements distants...[0m
2025-07-14 06:50:01 - [1;33m🔍 Vérification des changements distants...[0m
2025-07-14 06:55:01 - [1;33m🔍 Vérification des changements distants...[0m
2025-07-14 07:00:01 - [1;33m🔍 Vérification des changements distants...[0m
2025-07-14 07:05:01 - [1;33m🔍 Vérification des changements distants...[0m
2025-07-14 07:10:01 - [1;33m🔍 Vérification des changements distants...[0m
2025-07-14 07:15:01 - [1;33m🔍 Vérification des changements distants...[0m
2025-07-14 07:20:02 - [1;33m🔍 Vérification des changements distants...[0m
2025-07-14 07:25:01 - [1;33m🔍 Vérification des changements distants...[0m
2025-07-14 07:30:01 - [1;33m🔍 Vérification des changements distants...[0m
2025-07-14 07:35:01 - [1;33m🔍 Vérification des changements distants...[0m
2025-07-14 07:40:01 - [1;33m🔍 Vérification des changements distants...[0m
2025-07-14 07:45:01 - [1;33m🔍 Vérification des changements distants...[0m
2025-07-14 07:50:01 - [1;33m🔍 Vérification des changements distants...[0m
2025-07-14 07:55:01 - [1;33m🔍 Vérification des changements distants...[0m
2025-07-14 08:00:01 - [1;33m🔍 Vérification des changements distants...[0m
2025-07-14 08:05:02 - [1;33m🔍 Vérification des changements distants...[0m
2025-07-14 08:10:01 - [1;33m🔍 Vérification des changements distants...[0m
2025-07-14 08:15:01 - [1;33m🔍 Vérification des changements distants...[0m
2025-07-14 08:20:01 - [1;33m🔍 Vérification des changements distants...[0m
2025-07-14 08:25:01 - [1;33m🔍 Vérification des changements distants...[0m
2025-07-14 08:30:01 - [1;33m🔍 Vérification des changements distants...[0m
2025-07-14 08:35:01 - [1;33m🔍 Vérification des changements distants...[0m
2025-07-14 08:40:01 - [1;33m🔍 Vérification des changements distants...[0m
2025-07-14 08:45:01 - [1;33m🔍 Vérification des changements distants...[0m
2025-07-14 08:50:01 - [1;33m🔍 Vérification des changements distants...[0m
2025-07-14 08:55:01 - [1;33m🔍 Vérification des changements distants...[0m
2025-07-14 09:00:01 - [1;33m🔍 Vérification des changements distants...[0m
2025-07-14 09:05:01 - [1;33m🔍 Vérification des changements distants...[0m
2025-07-14 09:10:01 - [1;33m🔍 Vérification des changements distants...[0m
2025-07-14 09:15:01 - [1;33m🔍 Vérification des changements distants...[0m
2025-07-14 09:20:01 - [1;33m🔍 Vérification des changements distants...[0m
2025-07-14 09:25:01 - [1;33m🔍 Vérification des changements distants...[0m
2025-07-14 09:30:01 - [1;33m🔍 Vérification des changements distants...[0m
2025-07-14 09:35:01 - [1;33m🔍 Vérification des changements distants...[0m
2025-07-14 09:40:01 - [1;33m🔍 Vérification des changements distants...[0m
2025-07-14 09:45:01 - [1;33m🔍 Vérification des changements distants...[0m
2025-07-14 09:50:01 - [1;33m🔍 Vérification des changements distants...[0m
2025-07-14 09:55:01 - [1;33m🔍 Vérification des changements distants...[0m
2025-07-14 10:00:01 - [1;33m🔍 Vérification des changements distants...[0m
2025-07-14 10:05:01 - [1;33m🔍 Vérification des changements distants...[0m
2025-07-14 10:10:01 - [1;33m🔍 Vérification des changements distants...[0m
2025-07-14 10:15:01 - [1;33m🔍 Vérification des changements distants...[0m
2025-07-14 10:20:02 - [1;33m🔍 Vérification des changements distants...[0m
2025-07-14 10:25:01 - [1;33m🔍 Vérification des changements distants...[0m
2025-07-14 10:30:01 - [1;33m🔍 Vérification des changements distants...[0m
2025-07-14 10:35:01 - [1;33m🔍 Vérification des changements distants...[0m
2025-07-14 10:40:01 - [1;33m🔍 Vérification des changements distants...[0m
2025-07-14 10:45:01 - [1;33m🔍 Vérification des changements distants...[0m
2025-07-14 10:50:01 - [1;33m🔍 Vérification des changements distants...[0m
2025-07-14 10:55:01 - [1;33m🔍 Vérification des changements distants...[0m
2025-07-14 11:00:01 - [1;33m🔍 Vérification des changements distants...[0m
2025-07-14 11:05:01 - [1;33m🔍 Vérification des changements distants...[0m
2025-07-14 11:10:01 - [1;33m🔍 Vérification des changements distants...[0m
2025-07-14 11:15:01 - [1;33m🔍 Vérification des changements distants...[0m
2025-07-14 11:20:01 - [1;33m🔍 Vérification des changements distants...[0m
2025-07-14 11:25:01 - [1;33m🔍 Vérification des changements distants...[0m
2025-07-14 11:30:01 - [1;33m🔍 Vérification des changements distants...[0m
2025-07-14 11:35:01 - [1;33m🔍 Vérification des changements distants...[0m
2025-07-14 11:40:01 - [1;33m🔍 Vérification des changements distants...[0m
2025-07-14 11:45:01 - [1;33m🔍 Vérification des changements distants...[0m
2025-07-14 11:50:01 - [1;33m🔍 Vérification des changements distants...[0m
2025-07-14 11:55:01 - [1;33m🔍 Vérification des changements distants...[0m
2025-07-14 12:00:01 - [1;33m🔍 Vérification des changements distants...[0m
2025-07-14 12:05:01 - [1;33m🔍 Vérification des changements distants...[0m
2025-07-14 12:10:01 - [1;33m🔍 Vérification des changements distants...[0m
2025-07-14 12:15:01 - [1;33m🔍 Vérification des changements distants...[0m
2025-07-14 12:20:01 - [1;33m🔍 Vérification des changements distants...[0m
2025-07-14 12:25:01 - [1;33m🔍 Vérification des changements distants...[0m
2025-07-14 12:30:01 - [1;33m🔍 Vérification des changements distants...[0m
2025-07-14 12:35:01 - [1;33m🔍 Vérification des changements distants...[0m
2025-07-14 12:40:01 - [1;33m🔍 Vérification des changements distants...[0m
2025-07-14 12:45:01 - [1;33m🔍 Vérification des changements distants...[0m
2025-07-14 12:50:01 - [1;33m🔍 Vérification des changements distants...[0m
2025-07-14 12:55:01 - [1;33m🔍 Vérification des changements distants...[0m
2025-07-14 13:00:01 - [1;33m🔍 Vérification des changements distants...[0m
2025-07-14 13:05:01 - [1;33m🔍 Vérification des changements distants...[0m
2025-07-14 13:10:01 - [1;33m🔍 Vérification des changements distants...[0m
2025-07-14 13:15:01 - [1;33m🔍 Vérification des changements distants...[0m
2025-07-14 13:20:01 - [1;33m🔍 Vérification des changements distants...[0m
2025-07-14 13:25:01 - [1;33m🔍 Vérification des changements distants...[0m
2025-07-14 13:30:01 - [1;33m🔍 Vérification des changements distants...[0m
2025-07-14 13:35:01 - [1;33m🔍 Vérification des changements distants...[0m
2025-07-14 13:40:01 - [1;33m🔍 Vérification des changements distants...[0m
2025-07-14 13:45:01 - [1;33m🔍 Vérification des changements distants...[0m
2025-07-14 13:50:01 - [1;33m🔍 Vérification des changements distants...[0m
2025-07-14 13:55:01 - [1;33m🔍 Vérification des changements distants...[0m
2025-07-14 14:00:01 - [1;33m🔍 Vérification des changements distants...[0m
2025-07-14 14:05:01 - [1;33m🔍 Vérification des changements distants...[0m
2025-07-14 14:10:01 - [1;33m🔍 Vérification des changements distants...[0m
2025-07-14 14:15:01 - [1;33m🔍 Vérification des changements distants...[0m
2025-07-14 14:20:01 - [1;33m🔍 Vérification des changements distants...[0m
2025-07-14 14:25:01 - [1;33m🔍 Vérification des changements distants...[0m
2025-07-14 14:30:01 - [1;33m🔍 Vérification des changements distants...[0m
2025-07-14 14:35:01 - [1;33m🔍 Vérification des changements distants...[0m
2025-07-14 14:40:01 - [1;33m🔍 Vérification des changements distants...[0m
2025-07-14 14:45:01 - [1;33m🔍 Vérification des changements distants...[0m
2025-07-14 14:50:01 - [1;33m🔍 Vérification des changements distants...[0m
2025-07-14 14:55:01 - [1;33m🔍 Vérification des changements distants...[0m
2025-07-14 15:00:01 - [1;33m🔍 Vérification des changements distants...[0m
2025-07-14 15:05:01 - [1;33m🔍 Vérification des changements distants...[0m
2025-07-14 15:10:01 - [1;33m🔍 Vérification des changements distants...[0m
2025-07-14 15:15:01 - [1;33m🔍 Vérification des changements distants...[0m
2025-07-14 15:20:01 - [1;33m🔍 Vérification des changements distants...[0m
2025-07-14 15:25:01 - [1;33m🔍 Vérification des changements distants...[0m
2025-07-14 15:30:01 - [1;33m🔍 Vérification des changements distants...[0m
2025-07-14 15:35:01 - [1;33m🔍 Vérification des changements distants...[0m
2025-07-14 15:40:01 - [1;33m🔍 Vérification des changements distants...[0m
2025-07-14 15:45:01 - [1;33m🔍 Vérification des changements distants...[0m
2025-07-14 15:50:01 - [1;33m🔍 Vérification des changements distants...[0m
2025-07-14 15:55:01 - [1;33m🔍 Vérification des changements distants...[0m
2025-07-14 16:00:01 - [1;33m🔍 Vérification des changements distants...[0m
2025-07-14 16:05:01 - [1;33m🔍 Vérification des changements distants...[0m
2025-07-14 16:10:01 - [1;33m🔍 Vérification des changements distants...[0m
2025-07-14 16:15:01 - [1;33m🔍 Vérification des changements distants...[0m
2025-07-14 16:20:01 - [1;33m🔍 Vérification des changements distants...[0m
2025-07-14 16:25:01 - [1;33m🔍 Vérification des changements distants...[0m
2025-07-14 16:30:01 - [1;33m🔍 Vérification des changements distants...[0m
2025-07-14 16:35:01 - [1;33m🔍 Vérification des changements distants...[0m
2025-07-14 16:40:01 - [1;33m🔍 Vérification des changements distants...[0m
2025-07-14 16:45:01 - [1;33m🔍 Vérification des changements distants...[0m
2025-07-14 16:50:01 - [1;33m🔍 Vérification des changements distants...[0m
2025-07-14 16:55:01 - [1;33m🔍 Vérification des changements distants...[0m
2025-07-14 17:00:01 - [1;33m🔍 Vérification des changements distants...[0m
2025-07-14 17:05:01 - [1;33m🔍 Vérification des changements distants...[0m
2025-07-14 17:10:01 - [1;33m🔍 Vérification des changements distants...[0m
2025-07-14 17:15:01 - [1;33m🔍 Vérification des changements distants...[0m
2025-07-14 17:20:01 - [1;33m🔍 Vérification des changements distants...[0m
2025-07-14 17:25:01 - [1;33m🔍 Vérification des changements distants...[0m
2025-07-14 17:30:01 - [1;33m🔍 Vérification des changements distants...[0m
2025-07-14 17:35:01 - [1;33m🔍 Vérification des changements distants...[0m
2025-07-14 17:40:01 - [1;33m🔍 Vérification des changements distants...[0m
2025-07-14 17:45:01 - [1;33m🔍 Vérification des changements distants...[0m
2025-07-14 17:50:01 - [1;33m🔍 Vérification des changements distants...[0m
2025-07-14 17:55:01 - [1;33m🔍 Vérification des changements distants...[0m
2025-07-14 18:00:01 - [1;33m🔍 Vérification des changements distants...[0m
2025-07-14 18:05:01 - [1;33m🔍 Vérification des changements distants...[0m
2025-07-14 18:10:01 - [1;33m🔍 Vérification des changements distants...[0m
2025-07-14 18:15:01 - [1;33m🔍 Vérification des changements distants...[0m
2025-07-14 18:20:01 - [1;33m🔍 Vérification des changements distants...[0m
2025-07-14 18:25:01 - [1;33m🔍 Vérification des changements distants...[0m
2025-07-14 18:30:01 - [1;33m🔍 Vérification des changements distants...[0m
2025-07-14 18:35:01 - [1;33m🔍 Vérification des changements distants...[0m
2025-07-14 18:40:01 - [1;33m🔍 Vérification des changements distants...[0m
2025-07-14 18:45:01 - [1;33m🔍 Vérification des changements distants...[0m
2025-07-14 18:50:01 - [1;33m🔍 Vérification des changements distants...[0m
2025-07-14 18:55:01 - [1;33m🔍 Vérification des changements distants...[0m
2025-07-14 19:00:01 - [1;33m🔍 Vérification des changements distants...[0m
2025-07-14 19:05:01 - [1;33m🔍 Vérification des changements distants...[0m
2025-07-14 19:10:02 - [1;33m🔍 Vérification des changements distants...[0m
2025-07-14 19:15:01 - [1;33m🔍 Vérification des changements distants...[0m
2025-07-14 19:20:02 - [1;33m🔍 Vérification des changements distants...[0m
2025-07-14 19:25:01 - [1;33m🔍 Vérification des changements distants...[0m
2025-07-14 19:30:01 - [1;33m🔍 Vérification des changements distants...[0m
2025-07-14 19:35:01 - [1;33m🔍 Vérification des changements distants...[0m
2025-07-14 19:40:01 - [1;33m🔍 Vérification des changements distants...[0m
2025-07-14 19:45:01 - [1;33m🔍 Vérification des changements distants...[0m
2025-07-14 19:50:01 - [1;33m🔍 Vérification des changements distants...[0m
2025-07-14 19:55:01 - [1;33m🔍 Vérification des changements distants...[0m
2025-07-14 20:00:01 - [1;33m🔍 Vérification des changements distants...[0m
2025-07-14 20:05:01 - [1;33m🔍 Vérification des changements distants...[0m
2025-07-14 20:10:01 - [1;33m🔍 Vérification des changements distants...[0m
2025-07-14 20:15:01 - [1;33m🔍 Vérification des changements distants...[0m
2025-07-14 20:20:01 - [1;33m🔍 Vérification des changements distants...[0m
2025-07-14 20:25:01 - [1;33m🔍 Vérification des changements distants...[0m
2025-07-14 20:30:01 - [1;33m🔍 Vérification des changements distants...[0m
2025-07-14 20:35:01 - [1;33m🔍 Vérification des changements distants...[0m
2025-07-14 20:40:01 - [1;33m🔍 Vérification des changements distants...[0m
2025-07-14 20:45:01 - [1;33m🔍 Vérification des changements distants...[0m
2025-07-14 20:50:01 - [1;33m🔍 Vérification des changements distants...[0m
2025-07-14 20:55:01 - [1;33m🔍 Vérification des changements distants...[0m
2025-07-14 21:00:01 - [1;33m🔍 Vérification des changements distants...[0m
2025-07-14 21:05:01 - [1;33m🔍 Vérification des changements distants...[0m
2025-07-14 21:10:01 - [1;33m🔍 Vérification des changements distants...[0m
2025-07-14 21:15:01 - [1;33m🔍 Vérification des changements distants...[0m
2025-07-14 21:20:01 - [1;33m🔍 Vérification des changements distants...[0m
2025-07-14 21:25:01 - [1;33m🔍 Vérification des changements distants...[0m
2025-07-14 21:30:01 - [1;33m🔍 Vérification des changements distants...[0m
2025-07-14 21:35:01 - [1;33m🔍 Vérification des changements distants...[0m
2025-07-14 21:40:01 - [1;33m🔍 Vérification des changements distants...[0m
2025-07-14 21:45:01 - [1;33m🔍 Vérification des changements distants...[0m
2025-07-14 21:50:01 - [1;33m🔍 Vérification des changements distants...[0m
2025-07-14 21:55:01 - [1;33m🔍 Vérification des changements distants...[0m
2025-07-14 22:00:01 - [1;33m🔍 Vérification des changements distants...[0m
2025-07-14 22:05:01 - [1;33m🔍 Vérification des changements distants...[0m
2025-07-14 22:10:01 - [1;33m🔍 Vérification des changements distants...[0m
2025-07-14 22:15:01 - [1;33m🔍 Vérification des changements distants...[0m
2025-07-14 22:20:01 - [1;33m🔍 Vérification des changements distants...[0m
2025-07-14 22:25:01 - [1;33m🔍 Vérification des changements distants...[0m
2025-07-14 22:30:01 - [1;33m🔍 Vérification des changements distants...[0m
2025-07-14 22:35:01 - [1;33m🔍 Vérification des changements distants...[0m
2025-07-14 22:40:01 - [1;33m🔍 Vérification des changements distants...[0m
2025-07-14 22:45:01 - [1;33m🔍 Vérification des changements distants...[0m
2025-07-14 22:50:01 - [1;33m🔍 Vérification des changements distants...[0m
2025-07-14 22:55:01 - [1;33m🔍 Vérification des changements distants...[0m
2025-07-14 23:00:01 - [1;33m🔍 Vérification des changements distants...[0m
2025-07-14 23:05:01 - [1;33m🔍 Vérification des changements distants...[0m
2025-07-14 23:10:01 - [1;33m🔍 Vérification des changements distants...[0m
2025-07-14 23:15:01 - [1;33m🔍 Vérification des changements distants...[0m
2025-07-14 23:20:01 - [1;33m🔍 Vérification des changements distants...[0m
2025-07-14 23:25:01 - [1;33m🔍 Vérification des changements distants...[0m
2025-07-14 23:30:01 - [1;33m🔍 Vérification des changements distants...[0m
2025-07-14 23:35:01 - [1;33m🔍 Vérification des changements distants...[0m
2025-07-14 23:40:01 - [1;33m🔍 Vérification des changements distants...[0m
2025-07-14 23:45:01 - [1;33m🔍 Vérification des changements distants...[0m
2025-07-14 23:50:01 - [1;33m🔍 Vérification des changements distants...[0m
2025-07-14 23:55:01 - [1;33m🔍 Vérification des changements distants...[0m
2025-07-15 00:00:01 - [1;33m🔍 Vérification des changements distants...[0m
2025-07-15 00:05:01 - [1;33m🔍 Vérification des changements distants...[0m
2025-07-15 00:10:01 - [1;33m🔍 Vérification des changements distants...[0m
2025-07-15 00:15:01 - [1;33m🔍 Vérification des changements distants...[0m
2025-07-15 00:20:01 - [1;33m🔍 Vérification des changements distants...[0m
2025-07-15 00:25:01 - [1;33m🔍 Vérification des changements distants...[0m
2025-07-15 00:30:01 - [1;33m🔍 Vérification des changements distants...[0m
2025-07-15 00:35:01 - [1;33m🔍 Vérification des changements distants...[0m
2025-07-15 00:40:01 - [1;33m🔍 Vérification des changements distants...[0m
2025-07-15 00:45:01 - [1;33m🔍 Vérification des changements distants...[0m
2025-07-15 00:50:01 - [1;33m🔍 Vérification des changements distants...[0m
2025-07-15 00:55:01 - [1;33m🔍 Vérification des changements distants...[0m
2025-07-15 01:00:01 - [1;33m🔍 Vérification des changements distants...[0m
2025-07-15 01:05:01 - [1;33m🔍 Vérification des changements distants...[0m
2025-07-15 01:10:01 - [1;33m🔍 Vérification des changements distants...[0m
2025-07-15 01:15:01 - [1;33m🔍 Vérification des changements distants...[0m
2025-07-15 01:20:01 - [1;33m🔍 Vérification des changements distants...[0m
2025-07-15 01:25:01 - [1;33m🔍 Vérification des changements distants...[0m
2025-07-15 01:30:01 - [1;33m🔍 Vérification des changements distants...[0m
2025-07-15 01:35:01 - [1;33m🔍 Vérification des changements distants...[0m
2025-07-15 01:40:01 - [1;33m🔍 Vérification des changements distants...[0m
2025-07-15 01:45:01 - [1;33m🔍 Vérification des changements distants...[0m
2025-07-15 01:50:01 - [1;33m🔍 Vérification des changements distants...[0m
2025-07-15 01:55:01 - [1;33m🔍 Vérification des changements distants...[0m
2025-07-15 02:00:01 - [1;33m🔍 Vérification des changements distants...[0m
2025-07-15 02:05:01 - [1;33m🔍 Vérification des changements distants...[0m
2025-07-15 02:10:01 - [1;33m🔍 Vérification des changements distants...[0m
2025-07-15 02:15:01 - [1;33m🔍 Vérification des changements distants...[0m
2025-07-15 02:20:01 - [1;33m🔍 Vérification des changements distants...[0m
2025-07-15 02:25:01 - [1;33m🔍 Vérification des changements distants...[0m
2025-07-15 02:30:01 - [1;33m🔍 Vérification des changements distants...[0m
2025-07-15 02:35:01 - [1;33m🔍 Vérification des changements distants...[0m
2025-07-15 02:40:02 - [1;33m🔍 Vérification des changements distants...[0m
2025-07-15 02:45:01 - [1;33m🔍 Vérification des changements distants...[0m
2025-07-15 02:50:02 - [1;33m🔍 Vérification des changements distants...[0m
2025-07-15 02:55:01 - [1;33m🔍 Vérification des changements distants...[0m
2025-07-15 03:00:01 - [1;33m🔍 Vérification des changements distants...[0m
2025-07-15 03:05:01 - [1;33m🔍 Vérification des changements distants...[0m
2025-07-15 03:10:01 - [1;33m🔍 Vérification des changements distants...[0m
2025-07-15 03:15:01 - [1;33m🔍 Vérification des changements distants...[0m
2025-07-15 03:20:01 - [1;33m🔍 Vérification des changements distants...[0m
2025-07-15 03:25:01 - [1;33m🔍 Vérification des changements distants...[0m
2025-07-15 03:30:01 - [1;33m🔍 Vérification des changements distants...[0m
2025-07-15 03:35:01 - [1;33m🔍 Vérification des changements distants...[0m
2025-07-15 03:40:01 - [1;33m🔍 Vérification des changements distants...[0m
2025-07-15 03:45:01 - [1;33m🔍 Vérification des changements distants...[0m
2025-07-15 03:50:01 - [1;33m🔍 Vérification des changements distants...[0m
2025-07-15 03:55:01 - [1;33m🔍 Vérification des changements distants...[0m
2025-07-15 04:00:01 - [1;33m🔍 Vérification des changements distants...[0m
2025-07-15 04:05:01 - [1;33m🔍 Vérification des changements distants...[0m
2025-07-15 04:10:01 - [1;33m🔍 Vérification des changements distants...[0m
2025-07-15 04:15:01 - [1;33m🔍 Vérification des changements distants...[0m
2025-07-15 04:20:01 - [1;33m🔍 Vérification des changements distants...[0m
2025-07-15 04:25:01 - [1;33m🔍 Vérification des changements distants...[0m
2025-07-15 04:30:01 - [1;33m🔍 Vérification des changements distants...[0m
2025-07-15 04:35:01 - [1;33m🔍 Vérification des changements distants...[0m
2025-07-15 04:40:01 - [1;33m🔍 Vérification des changements distants...[0m
2025-07-15 04:45:01 - [1;33m🔍 Vérification des changements distants...[0m
2025-07-15 04:50:01 - [1;33m🔍 Vérification des changements distants...[0m
2025-07-15 04:55:01 - [1;33m🔍 Vérification des changements distants...[0m
2025-07-15 05:00:01 - [1;33m🔍 Vérification des changements distants...[0m
2025-07-15 05:05:01 - [1;33m🔍 Vérification des changements distants...[0m
2025-07-15 05:10:01 - [1;33m🔍 Vérification des changements distants...[0m
2025-07-15 05:15:01 - [1;33m🔍 Vérification des changements distants...[0m
2025-07-15 05:20:01 - [1;33m🔍 Vérification des changements distants...[0m
2025-07-15 05:25:01 - [1;33m🔍 Vérification des changements distants...[0m
2025-07-15 05:30:01 - [1;33m🔍 Vérification des changements distants...[0m
2025-07-15 05:35:01 - [1;33m🔍 Vérification des changements distants...[0m
2025-07-15 05:40:01 - [1;33m🔍 Vérification des changements distants...[0m
2025-07-15 05:45:01 - [1;33m🔍 Vérification des changements distants...[0m
2025-07-15 05:50:01 - [1;33m🔍 Vérification des changements distants...[0m
2025-07-15 05:55:01 - [1;33m🔍 Vérification des changements distants...[0m
2025-07-15 06:00:01 - [1;33m🔍 Vérification des changements distants...[0m
2025-07-15 06:05:01 - [1;33m🔍 Vérification des changements distants...[0m
2025-07-15 06:10:01 - [1;33m🔍 Vérification des changements distants...[0m
2025-07-15 06:15:01 - [1;33m🔍 Vérification des changements distants...[0m
2025-07-15 06:20:01 - [1;33m🔍 Vérification des changements distants...[0m
2025-07-15 06:25:01 - [1;33m🔍 Vérification des changements distants...[0m
2025-07-15 06:30:01 - [1;33m🔍 Vérification des changements distants...[0m
2025-07-15 06:35:01 - [1;33m🔍 Vérification des changements distants...[0m
2025-07-15 06:40:01 - [1;33m🔍 Vérification des changements distants...[0m
2025-07-15 06:45:01 - [1;33m🔍 Vérification des changements distants...[0m
2025-07-15 06:50:01 - [1;33m🔍 Vérification des changements distants...[0m
2025-07-15 06:55:01 - [1;33m🔍 Vérification des changements distants...[0m
2025-07-15 07:00:01 - [1;33m🔍 Vérification des changements distants...[0m
2025-07-15 07:05:01 - [1;33m🔍 Vérification des changements distants...[0m
2025-07-15 07:10:01 - [1;33m🔍 Vérification des changements distants...[0m
2025-07-15 07:15:01 - [1;33m🔍 Vérification des changements distants...[0m
2025-07-15 07:20:01 - [1;33m🔍 Vérification des changements distants...[0m
2025-07-15 07:25:01 - [1;33m🔍 Vérification des changements distants...[0m
2025-07-15 07:30:01 - [1;33m🔍 Vérification des changements distants...[0m
2025-07-15 07:35:01 - [1;33m🔍 Vérification des changements distants...[0m
2025-07-15 07:40:01 - [1;33m🔍 Vérification des changements distants...[0m
2025-07-15 07:45:01 - [1;33m🔍 Vérification des changements distants...[0m
2025-07-15 07:50:01 - [1;33m🔍 Vérification des changements distants...[0m
2025-07-15 07:55:01 - [1;33m🔍 Vérification des changements distants...[0m
2025-07-15 08:00:01 - [1;33m🔍 Vérification des changements distants...[0m
2025-07-15 08:05:01 - [1;33m🔍 Vérification des changements distants...[0m
2025-07-15 08:10:01 - [1;33m🔍 Vérification des changements distants...[0m
2025-07-15 08:15:01 - [1;33m🔍 Vérification des changements distants...[0m
2025-07-15 08:20:01 - [1;33m🔍 Vérification des changements distants...[0m
2025-07-15 08:25:01 - [1;33m🔍 Vérification des changements distants...[0m
2025-07-15 08:30:01 - [1;33m🔍 Vérification des changements distants...[0m
2025-07-15 08:35:01 - [1;33m🔍 Vérification des changements distants...[0m
2025-07-15 08:40:01 - [1;33m🔍 Vérification des changements distants...[0m
2025-07-15 08:45:01 - [1;33m🔍 Vérification des changements distants...[0m
2025-07-15 08:50:01 - [1;33m🔍 Vérification des changements distants...[0m
2025-07-15 08:55:01 - [1;33m🔍 Vérification des changements distants...[0m
2025-07-15 09:00:01 - [1;33m🔍 Vérification des changements distants...[0m
2025-07-15 09:05:01 - [1;33m🔍 Vérification des changements distants...[0m
2025-07-15 09:10:01 - [1;33m🔍 Vérification des changements distants...[0m
2025-07-15 09:15:01 - [1;33m🔍 Vérification des changements distants...[0m
2025-07-15 09:20:01 - [1;33m🔍 Vérification des changements distants...[0m
2025-07-15 09:25:01 - [1;33m🔍 Vérification des changements distants...[0m
2025-07-15 09:30:01 - [1;33m🔍 Vérification des changements distants...[0m
2025-07-15 09:35:01 - [1;33m🔍 Vérification des changements distants...[0m
2025-07-15 09:40:01 - [1;33m🔍 Vérification des changements distants...[0m
2025-07-15 09:45:01 - [1;33m🔍 Vérification des changements distants...[0m
2025-07-15 09:50:01 - [1;33m🔍 Vérification des changements distants...[0m
2025-07-15 09:55:01 - [1;33m🔍 Vérification des changements distants...[0m
2025-07-15 10:00:01 - [1;33m🔍 Vérification des changements distants...[0m
2025-07-15 10:05:01 - [1;33m🔍 Vérification des changements distants...[0m
2025-07-15 10:10:01 - [1;33m🔍 Vérification des changements distants...[0m
2025-07-15 10:15:01 - [1;33m🔍 Vérification des changements distants...[0m
2025-07-15 10:20:01 - [1;33m🔍 Vérification des changements distants...[0m
2025-07-15 10:25:01 - [1;33m🔍 Vérification des changements distants...[0m
2025-07-15 10:30:01 - [1;33m🔍 Vérification des changements distants...[0m
2025-07-15 10:35:01 - [1;33m🔍 Vérification des changements distants...[0m
2025-07-15 10:40:01 - [1;33m🔍 Vérification des changements distants...[0m
2025-07-15 10:45:01 - [1;33m🔍 Vérification des changements distants...[0m
2025-07-15 10:50:01 - [1;33m🔍 Vérification des changements distants...[0m
2025-07-15 10:55:01 - [1;33m🔍 Vérification des changements distants...[0m
2025-07-15 11:00:01 - [1;33m🔍 Vérification des changements distants...[0m
2025-07-15 11:05:01 - [1;33m🔍 Vérification des changements distants...[0m
2025-07-15 11:10:01 - [1;33m🔍 Vérification des changements distants...[0m
2025-07-15 11:15:01 - [1;33m🔍 Vérification des changements distants...[0m
2025-07-15 11:20:01 - [1;33m🔍 Vérification des changements distants...[0m
2025-07-15 11:25:01 - [1;33m🔍 Vérification des changements distants...[0m
2025-07-15 11:30:01 - [1;33m🔍 Vérification des changements distants...[0m
2025-07-15 11:35:01 - [1;33m🔍 Vérification des changements distants...[0m
2025-07-15 11:40:01 - [1;33m🔍 Vérification des changements distants...[0m
2025-07-15 11:45:01 - [1;33m🔍 Vérification des changements distants...[0m
2025-07-15 11:50:01 - [1;33m🔍 Vérification des changements distants...[0m
2025-07-15 11:55:01 - [1;33m🔍 Vérification des changements distants...[0m
2025-07-15 12:00:02 - [1;33m🔍 Vérification des changements distants...[0m
2025-07-15 12:05:01 - [1;33m🔍 Vérification des changements distants...[0m
2025-07-15 12:10:01 - [1;33m🔍 Vérification des changements distants...[0m
2025-07-15 12:15:01 - [1;33m🔍 Vérification des changements distants...[0m
2025-07-15 12:20:01 - [1;33m🔍 Vérification des changements distants...[0m
2025-07-15 12:25:01 - [1;33m🔍 Vérification des changements distants...[0m
2025-07-15 12:30:01 - [1;33m🔍 Vérification des changements distants...[0m
2025-07-15 12:35:01 - [1;33m🔍 Vérification des changements distants...[0m
2025-07-15 12:40:01 - [1;33m🔍 Vérification des changements distants...[0m
2025-07-15 12:45:01 - [1;33m🔍 Vérification des changements distants...[0m
2025-07-15 12:50:01 - [1;33m🔍 Vérification des changements distants...[0m
2025-07-15 12:55:01 - [1;33m🔍 Vérification des changements distants...[0m
2025-07-15 13:00:01 - [1;33m🔍 Vérification des changements distants...[0m
2025-07-15 13:05:01 - [1;33m🔍 Vérification des changements distants...[0m
2025-07-15 13:10:01 - [1;33m🔍 Vérification des changements distants...[0m
2025-07-15 13:15:01 - [1;33m🔍 Vérification des changements distants...[0m
2025-07-15 13:20:01 - [1;33m🔍 Vérification des changements distants...[0m
2025-07-15 13:25:01 - [1;33m🔍 Vérification des changements distants...[0m
2025-07-15 13:30:01 - [1;33m🔍 Vérification des changements distants...[0m
2025-07-15 13:35:01 - [1;33m🔍 Vérification des changements distants...[0m
2025-07-15 13:40:01 - [1;33m🔍 Vérification des changements distants...[0m
2025-07-15 13:45:02 - [1;33m🔍 Vérification des changements distants...[0m
2025-07-15 13:50:01 - [1;33m🔍 Vérification des changements distants...[0m
2025-07-15 13:55:02 - [1;33m🔍 Vérification des changements distants...[0m
2025-07-15 14:00:01 - [1;33m🔍 Vérification des changements distants...[0m
2025-07-15 14:05:01 - [1;33m🔍 Vérification des changements distants...[0m
2025-07-15 14:10:01 - [1;33m🔍 Vérification des changements distants...[0m
2025-07-15 14:15:01 - [1;33m🔍 Vérification des changements distants...[0m
2025-07-15 14:20:01 - [1;33m🔍 Vérification des changements distants...[0m
2025-07-15 14:25:01 - [1;33m🔍 Vérification des changements distants...[0m
2025-07-15 14:30:01 - [1;33m🔍 Vérification des changements distants...[0m
2025-07-15 14:35:01 - [1;33m🔍 Vérification des changements distants...[0m
2025-07-15 14:40:01 - [1;33m🔍 Vérification des changements distants...[0m
2025-07-15 14:45:01 - [1;33m🔍 Vérification des changements distants...[0m
2025-07-15 14:50:01 - [1;33m🔍 Vérification des changements distants...[0m
2025-07-15 14:55:01 - [1;33m🔍 Vérification des changements distants...[0m
2025-07-15 15:00:01 - [1;33m🔍 Vérification des changements distants...[0m
2025-07-15 15:05:01 - [1;33m🔍 Vérification des changements distants...[0m
2025-07-15 15:10:01 - [1;33m🔍 Vérification des changements distants...[0m
2025-07-15 15:15:01 - [1;33m🔍 Vérification des changements distants...[0m
2025-07-15 15:20:01 - [1;33m🔍 Vérification des changements distants...[0m
2025-07-15 15:25:01 - [1;33m🔍 Vérification des changements distants...[0m
2025-07-15 15:30:01 - [1;33m🔍 Vérification des changements distants...[0m
2025-07-15 15:35:01 - [1;33m🔍 Vérification des changements distants...[0m
2025-07-15 15:40:01 - [1;33m🔍 Vérification des changements distants...[0m
2025-07-15 15:45:01 - [1;33m🔍 Vérification des changements distants...[0m
2025-07-15 15:50:01 - [1;33m🔍 Vérification des changements distants...[0m
2025-07-15 15:55:01 - [1;33m🔍 Vérification des changements distants...[0m
2025-07-15 16:00:01 - [1;33m🔍 Vérification des changements distants...[0m
2025-07-15 16:05:01 - [1;33m🔍 Vérification des changements distants...[0m
2025-07-15 16:10:01 - [1;33m🔍 Vérification des changements distants...[0m
2025-07-15 16:15:01 - [1;33m🔍 Vérification des changements distants...[0m
2025-07-15 16:20:01 - [1;33m🔍 Vérification des changements distants...[0m
2025-07-15 16:25:01 - [1;33m🔍 Vérification des changements distants...[0m
2025-07-15 16:30:01 - [1;33m🔍 Vérification des changements distants...[0m
2025-07-15 16:35:01 - [1;33m🔍 Vérification des changements distants...[0m
2025-07-15 16:40:01 - [1;33m🔍 Vérification des changements distants...[0m
2025-07-15 16:45:02 - [1;33m🔍 Vérification des changements distants...[0m
2025-07-15 16:50:01 - [1;33m🔍 Vérification des changements distants...[0m
2025-07-15 16:55:01 - [1;33m🔍 Vérification des changements distants...[0m
2025-07-15 17:00:01 - [1;33m🔍 Vérification des changements distants...[0m
2025-07-15 17:05:01 - [1;33m🔍 Vérification des changements distants...[0m
2025-07-15 17:10:01 - [1;33m🔍 Vérification des changements distants...[0m
2025-07-15 17:15:01 - [1;33m🔍 Vérification des changements distants...[0m
2025-07-15 17:20:01 - [1;33m🔍 Vérification des changements distants...[0m
2025-07-15 17:25:01 - [1;33m🔍 Vérification des changements distants...[0m
2025-07-15 17:30:01 - [1;33m🔍 Vérification des changements distants...[0m
2025-07-15 17:35:01 - [1;33m🔍 Vérification des changements distants...[0m
2025-07-15 17:40:01 - [1;33m🔍 Vérification des changements distants...[0m
2025-07-15 17:45:01 - [1;33m🔍 Vérification des changements distants...[0m
2025-07-15 17:50:01 - [1;33m🔍 Vérification des changements distants...[0m
2025-07-15 17:55:01 - [1;33m🔍 Vérification des changements distants...[0m
2025-07-15 18:00:01 - [1;33m🔍 Vérification des changements distants...[0m
2025-07-15 18:05:01 - [1;33m🔍 Vérification des changements distants...[0m
2025-07-15 18:10:01 - [1;33m🔍 Vérification des changements distants...[0m
2025-07-15 18:15:01 - [1;33m🔍 Vérification des changements distants...[0m
2025-07-15 18:20:01 - [1;33m🔍 Vérification des changements distants...[0m
2025-07-15 18:25:01 - [1;33m🔍 Vérification des changements distants...[0m
2025-07-15 18:30:01 - [1;33m🔍 Vérification des changements distants...[0m
2025-07-15 18:35:01 - [1;33m🔍 Vérification des changements distants...[0m
2025-07-15 18:40:01 - [1;33m🔍 Vérification des changements distants...[0m
2025-07-15 18:45:01 - [1;33m🔍 Vérification des changements distants...[0m
2025-07-15 18:50:01 - [1;33m🔍 Vérification des changements distants...[0m
2025-07-15 18:55:01 - [1;33m🔍 Vérification des changements distants...[0m
2025-07-15 19:00:01 - [1;33m🔍 Vérification des changements distants...[0m
2025-07-15 19:05:01 - [1;33m🔍 Vérification des changements distants...[0m
2025-07-15 19:10:01 - [1;33m🔍 Vérification des changements distants...[0m
2025-07-15 19:15:01 - [1;33m🔍 Vérification des changements distants...[0m
2025-07-15 19:20:01 - [1;33m🔍 Vérification des changements distants...[0m
2025-07-15 19:25:01 - [1;33m🔍 Vérification des changements distants...[0m
2025-07-15 19:30:01 - [1;33m🔍 Vérification des changements distants...[0m
2025-07-15 19:35:01 - [1;33m🔍 Vérification des changements distants...[0m
2025-07-15 19:40:01 - [1;33m🔍 Vérification des changements distants...[0m
2025-07-15 19:45:01 - [1;33m🔍 Vérification des changements distants...[0m
2025-07-15 19:50:01 - [1;33m🔍 Vérification des changements distants...[0m
2025-07-15 19:55:01 - [1;33m🔍 Vérification des changements distants...[0m
2025-07-15 20:00:01 - [1;33m🔍 Vérification des changements distants...[0m
2025-07-15 20:05:02 - [1;33m🔍 Vérification des changements distants...[0m
2025-07-15 20:10:01 - [1;33m🔍 Vérification des changements distants...[0m
2025-07-15 20:15:01 - [1;33m🔍 Vérification des changements distants...[0m
2025-07-15 20:20:01 - [1;33m🔍 Vérification des changements distants...[0m
2025-07-15 20:25:01 - [1;33m🔍 Vérification des changements distants...[0m
2025-07-15 20:30:01 - [1;33m🔍 Vérification des changements distants...[0m
2025-07-15 20:35:01 - [1;33m🔍 Vérification des changements distants...[0m
2025-07-15 20:40:01 - [1;33m🔍 Vérification des changements distants...[0m
2025-07-15 20:45:01 - [1;33m🔍 Vérification des changements distants...[0m
2025-07-15 20:50:01 - [1;33m🔍 Vérification des changements distants...[0m
2025-07-15 20:55:01 - [1;33m🔍 Vérification des changements distants...[0m
2025-07-15 21:00:01 - [1;33m🔍 Vérification des changements distants...[0m
2025-07-15 21:05:01 - [1;33m🔍 Vérification des changements distants...[0m
2025-07-15 21:10:01 - [1;33m🔍 Vérification des changements distants...[0m
2025-07-15 21:15:01 - [1;33m🔍 Vérification des changements distants...[0m
2025-07-15 21:20:01 - [1;33m🔍 Vérification des changements distants...[0m
2025-07-15 21:25:01 - [1;33m🔍 Vérification des changements distants...[0m
2025-07-15 21:30:01 - [1;33m🔍 Vérification des changements distants...[0m
2025-07-15 21:35:01 - [1;33m🔍 Vérification des changements distants...[0m
2025-07-15 21:40:01 - [1;33m🔍 Vérification des changements distants...[0m
2025-07-15 21:45:01 - [1;33m🔍 Vérification des changements distants...[0m
2025-07-15 21:50:01 - [1;33m🔍 Vérification des changements distants...[0m
2025-07-15 21:55:01 - [1;33m🔍 Vérification des changements distants...[0m
2025-07-15 22:00:01 - [1;33m🔍 Vérification des changements distants...[0m
2025-07-15 22:05:01 - [1;33m🔍 Vérification des changements distants...[0m
2025-07-15 22:10:01 - [1;33m🔍 Vérification des changements distants...[0m
2025-07-15 22:15:01 - [1;33m🔍 Vérification des changements distants...[0m
2025-07-15 22:20:01 - [1;33m🔍 Vérification des changements distants...[0m
2025-07-15 22:25:01 - [1;33m🔍 Vérification des changements distants...[0m
2025-07-15 22:30:01 - [1;33m🔍 Vérification des changements distants...[0m
2025-07-15 22:35:01 - [1;33m🔍 Vérification des changements distants...[0m
2025-07-15 22:40:01 - [1;33m🔍 Vérification des changements distants...[0m
2025-07-15 22:45:01 - [1;33m🔍 Vérification des changements distants...[0m
2025-07-15 22:50:01 - [1;33m🔍 Vérification des changements distants...[0m
2025-07-15 22:55:01 - [1;33m🔍 Vérification des changements distants...[0m
2025-07-15 23:00:01 - [1;33m🔍 Vérification des changements distants...[0m
2025-07-15 23:05:02 - [1;33m🔍 Vérification des changements distants...[0m
2025-07-15 23:10:01 - [1;33m🔍 Vérification des changements distants...[0m
2025-07-15 23:15:01 - [1;33m🔍 Vérification des changements distants...[0m
2025-07-15 23:20:01 - [1;33m🔍 Vérification des changements distants...[0m
2025-07-15 23:25:01 - [1;33m🔍 Vérification des changements distants...[0m
2025-07-15 23:30:01 - [1;33m🔍 Vérification des changements distants...[0m
2025-07-15 23:35:01 - [1;33m🔍 Vérification des changements distants...[0m
2025-07-15 23:40:01 - [1;33m🔍 Vérification des changements distants...[0m
2025-07-15 23:45:01 - [1;33m🔍 Vérification des changements distants...[0m
2025-07-15 23:50:01 - [1;33m🔍 Vérification des changements distants...[0m
2025-07-15 23:55:01 - [1;33m🔍 Vérification des changements distants...[0m
2025-07-16 00:00:01 - [1;33m🔍 Vérification des changements distants...[0m
2025-07-16 00:05:01 - [1;33m🔍 Vérification des changements distants...[0m
2025-07-16 00:10:01 - [1;33m🔍 Vérification des changements distants...[0m
2025-07-16 00:15:02 - [1;33m🔍 Vérification des changements distants...[0m
2025-07-16 00:20:01 - [1;33m🔍 Vérification des changements distants...[0m
2025-07-16 00:25:01 - [1;33m🔍 Vérification des changements distants...[0m
2025-07-16 00:30:01 - [1;33m🔍 Vérification des changements distants...[0m
2025-07-16 00:35:01 - [1;33m🔍 Vérification des changements distants...[0m
2025-07-16 00:40:01 - [1;33m🔍 Vérification des changements distants...[0m
2025-07-16 00:45:01 - [1;33m🔍 Vérification des changements distants...[0m
2025-07-16 00:50:01 - [1;33m🔍 Vérification des changements distants...[0m
2025-07-16 00:55:01 - [1;33m🔍 Vérification des changements distants...[0m
2025-07-16 01:00:01 - [1;33m🔍 Vérification des changements distants...[0m
2025-07-16 01:05:01 - [1;33m🔍 Vérification des changements distants...[0m
2025-07-16 01:10:01 - [1;33m🔍 Vérification des changements distants...[0m
2025-07-16 01:15:01 - [1;33m🔍 Vérification des changements distants...[0m
2025-07-16 01:20:01 - [1;33m🔍 Vérification des changements distants...[0m
2025-07-16 01:25:01 - [1;33m🔍 Vérification des changements distants...[0m
2025-07-16 01:30:01 - [1;33m🔍 Vérification des changements distants...[0m
2025-07-16 01:35:01 - [1;33m🔍 Vérification des changements distants...[0m
2025-07-16 01:40:01 - [1;33m🔍 Vérification des changements distants...[0m
2025-07-16 01:45:01 - [1;33m🔍 Vérification des changements distants...[0m
2025-07-16 01:50:01 - [1;33m🔍 Vérification des changements distants...[0m
2025-07-16 01:55:01 - [1;33m🔍 Vérification des changements distants...[0m
2025-07-16 02:00:01 - [1;33m🔍 Vérification des changements distants...[0m
2025-07-16 02:05:01 - [1;33m🔍 Vérification des changements distants...[0m
2025-07-16 02:10:01 - [1;33m🔍 Vérification des changements distants...[0m
2025-07-16 02:15:01 - [1;33m🔍 Vérification des changements distants...[0m
2025-07-16 02:20:01 - [1;33m🔍 Vérification des changements distants...[0m
2025-07-16 02:25:01 - [1;33m🔍 Vérification des changements distants...[0m
2025-07-16 02:30:01 - [1;33m🔍 Vérification des changements distants...[0m
2025-07-16 02:35:01 - [1;33m🔍 Vérification des changements distants...[0m
2025-07-16 02:40:01 - [1;33m🔍 Vérification des changements distants...[0m
2025-07-16 02:45:01 - [1;33m🔍 Vérification des changements distants...[0m
2025-07-16 02:50:02 - [1;33m🔍 Vérification des changements distants...[0m
2025-07-16 02:55:01 - [1;33m🔍 Vérification des changements distants...[0m
2025-07-16 03:00:01 - [1;33m🔍 Vérification des changements distants...[0m
2025-07-16 03:05:01 - [1;33m🔍 Vérification des changements distants...[0m
2025-07-16 03:10:01 - [1;33m🔍 Vérification des changements distants...[0m
2025-07-16 03:15:01 - [1;33m🔍 Vérification des changements distants...[0m
2025-07-16 03:20:01 - [1;33m🔍 Vérification des changements distants...[0m
2025-07-16 03:25:01 - [1;33m🔍 Vérification des changements distants...[0m
2025-07-16 03:30:01 - [1;33m🔍 Vérification des changements distants...[0m
2025-07-16 03:35:01 - [1;33m🔍 Vérification des changements distants...[0m
2025-07-16 03:40:01 - [1;33m🔍 Vérification des changements distants...[0m
2025-07-16 03:45:01 - [1;33m🔍 Vérification des changements distants...[0m
2025-07-16 03:50:01 - [1;33m🔍 Vérification des changements distants...[0m
2025-07-16 03:55:01 - [1;33m🔍 Vérification des changements distants...[0m
2025-07-16 04:00:01 - [1;33m🔍 Vérification des changements distants...[0m
2025-07-16 04:05:01 - [1;33m🔍 Vérification des changements distants...[0m
2025-07-16 04:10:01 - [1;33m🔍 Vérification des changements distants...[0m
2025-07-16 04:15:01 - [1;33m🔍 Vérification des changements distants...[0m
2025-07-16 04:20:01 - [1;33m🔍 Vérification des changements distants...[0m
2025-07-16 04:25:01 - [1;33m🔍 Vérification des changements distants...[0m
2025-07-16 04:30:02 - [1;33m🔍 Vérification des changements distants...[0m
2025-07-16 04:35:01 - [1;33m🔍 Vérification des changements distants...[0m
2025-07-16 04:40:01 - [1;33m🔍 Vérification des changements distants...[0m
2025-07-16 04:45:01 - [1;33m🔍 Vérification des changements distants...[0m
2025-07-16 04:50:01 - [1;33m🔍 Vérification des changements distants...[0m
2025-07-16 04:55:01 - [1;33m🔍 Vérification des changements distants...[0m
2025-07-16 05:00:01 - [1;33m🔍 Vérification des changements distants...[0m
2025-07-16 05:05:01 - [1;33m🔍 Vérification des changements distants...[0m
2025-07-16 05:10:01 - [1;33m🔍 Vérification des changements distants...[0m
2025-07-16 05:15:01 - [1;33m🔍 Vérification des changements distants...[0m
2025-07-16 05:20:01 - [1;33m🔍 Vérification des changements distants...[0m
2025-07-16 05:25:01 - [1;33m🔍 Vérification des changements distants...[0m
2025-07-16 05:30:01 - [1;33m🔍 Vérification des changements distants...[0m
2025-07-16 05:35:01 - [1;33m🔍 Vérification des changements distants...[0m
2025-07-16 05:40:01 - [1;33m🔍 Vérification des changements distants...[0m
2025-07-16 05:45:01 - [1;33m🔍 Vérification des changements distants...[0m
2025-07-16 05:50:01 - [1;33m🔍 Vérification des changements distants...[0m
2025-07-16 05:55:01 - [1;33m🔍 Vérification des changements distants...[0m
2025-07-16 06:00:01 - [1;33m🔍 Vérification des changements distants...[0m
2025-07-16 06:05:01 - [1;33m🔍 Vérification des changements distants...[0m
2025-07-16 06:10:01 - [1;33m🔍 Vérification des changements distants...[0m
2025-07-16 06:15:01 - [1;33m🔍 Vérification des changements distants...[0m
2025-07-16 06:20:01 - [1;33m🔍 Vérification des changements distants...[0m
2025-07-16 06:25:01 - [1;33m🔍 Vérification des changements distants...[0m
2025-07-16 06:30:01 - [1;33m🔍 Vérification des changements distants...[0m
2025-07-16 06:35:01 - [1;33m🔍 Vérification des changements distants...[0m
2025-07-16 06:40:01 - [1;33m🔍 Vérification des changements distants...[0m
2025-07-16 06:45:01 - [1;33m🔍 Vérification des changements distants...[0m
2025-07-16 06:50:01 - [1;33m🔍 Vérification des changements distants...[0m
2025-07-16 06:55:01 - [1;33m🔍 Vérification des changements distants...[0m
2025-07-16 07:00:01 - [1;33m🔍 Vérification des changements distants...[0m
2025-07-16 07:05:02 - [1;33m🔍 Vérification des changements distants...[0m
2025-07-16 07:10:01 - [1;33m🔍 Vérification des changements distants...[0m
2025-07-16 07:15:01 - [1;33m🔍 Vérification des changements distants...[0m
2025-07-16 07:20:01 - [1;33m🔍 Vérification des changements distants...[0m
2025-07-16 07:25:01 - [1;33m🔍 Vérification des changements distants...[0m
2025-07-16 07:30:02 - [1;33m🔍 Vérification des changements distants...[0m
2025-07-16 07:35:01 - [1;33m🔍 Vérification des changements distants...[0m
2025-07-16 07:40:01 - [1;33m🔍 Vérification des changements distants...[0m
2025-07-16 07:45:01 - [1;33m🔍 Vérification des changements distants...[0m
2025-07-16 07:50:01 - [1;33m🔍 Vérification des changements distants...[0m
2025-07-16 07:55:01 - [1;33m🔍 Vérification des changements distants...[0m
2025-07-16 08:00:01 - [1;33m🔍 Vérification des changements distants...[0m
2025-07-16 08:05:01 - [1;33m🔍 Vérification des changements distants...[0m
2025-07-16 08:10:01 - [1;33m🔍 Vérification des changements distants...[0m
2025-07-16 08:15:01 - [1;33m🔍 Vérification des changements distants...[0m
2025-07-16 08:20:01 - [1;33m🔍 Vérification des changements distants...[0m
2025-07-16 08:25:01 - [1;33m🔍 Vérification des changements distants...[0m
2025-07-16 08:30:01 - [1;33m🔍 Vérification des changements distants...[0m
2025-07-16 08:35:01 - [1;33m🔍 Vérification des changements distants...[0m
2025-07-16 08:40:01 - [1;33m🔍 Vérification des changements distants...[0m
2025-07-16 08:45:01 - [1;33m🔍 Vérification des changements distants...[0m
2025-07-16 08:50:01 - [1;33m🔍 Vérification des changements distants...[0m
2025-07-16 08:55:01 - [1;33m🔍 Vérification des changements distants...[0m
2025-07-16 09:00:01 - [1;33m🔍 Vérification des changements distants...[0m
2025-07-16 09:05:01 - [1;33m🔍 Vérification des changements distants...[0m
2025-07-16 09:10:01 - [1;33m🔍 Vérification des changements distants...[0m
2025-07-16 09:15:01 - [1;33m🔍 Vérification des changements distants...[0m
2025-07-16 09:20:02 - [1;33m🔍 Vérification des changements distants...[0m
2025-07-16 09:25:01 - [1;33m🔍 Vérification des changements distants...[0m
2025-07-16 09:30:01 - [1;33m🔍 Vérification des changements distants...[0m
2025-07-16 09:35:01 - [1;33m🔍 Vérification des changements distants...[0m
2025-07-16 09:40:01 - [1;33m🔍 Vérification des changements distants...[0m
2025-07-16 09:45:01 - [1;33m🔍 Vérification des changements distants...[0m
2025-07-16 09:50:01 - [1;33m🔍 Vérification des changements distants...[0m
2025-07-16 09:55:01 - [1;33m🔍 Vérification des changements distants...[0m
2025-07-16 10:00:01 - [1;33m🔍 Vérification des changements distants...[0m
2025-07-16 10:05:01 - [1;33m🔍 Vérification des changements distants...[0m
2025-07-16 10:10:01 - [1;33m🔍 Vérification des changements distants...[0m
2025-07-16 10:15:01 - [1;33m🔍 Vérification des changements distants...[0m
2025-07-16 10:20:01 - [1;33m🔍 Vérification des changements distants...[0m
2025-07-16 10:25:01 - [1;33m🔍 Vérification des changements distants...[0m
2025-07-16 10:30:01 - [1;33m🔍 Vérification des changements distants...[0m
2025-07-16 10:35:01 - [1;33m🔍 Vérification des changements distants...[0m
2025-07-16 10:40:01 - [1;33m🔍 Vérification des changements distants...[0m
2025-07-16 10:45:01 - [1;33m🔍 Vérification des changements distants...[0m
2025-07-16 10:50:01 - [1;33m🔍 Vérification des changements distants...[0m
2025-07-16 10:55:01 - [1;33m🔍 Vérification des changements distants...[0m
2025-07-16 11:00:01 - [1;33m🔍 Vérification des changements distants...[0m
2025-07-16 11:05:01 - [1;33m🔍 Vérification des changements distants...[0m
2025-07-16 11:10:01 - [1;33m🔍 Vérification des changements distants...[0m
2025-07-16 11:15:01 - [1;33m🔍 Vérification des changements distants...[0m
2025-07-16 11:20:01 - [1;33m🔍 Vérification des changements distants...[0m
2025-07-16 11:25:01 - [1;33m🔍 Vérification des changements distants...[0m
2025-07-16 11:30:01 - [1;33m🔍 Vérification des changements distants...[0m
2025-07-16 11:35:01 - [1;33m🔍 Vérification des changements distants...[0m
2025-07-16 11:40:01 - [1;33m🔍 Vérification des changements distants...[0m
2025-07-16 11:45:01 - [1;33m🔍 Vérification des changements distants...[0m
2025-07-16 11:50:01 - [1;33m🔍 Vérification des changements distants...[0m
2025-07-16 11:55:01 - [1;33m🔍 Vérification des changements distants...[0m
2025-07-16 12:00:01 - [1;33m🔍 Vérification des changements distants...[0m
2025-07-16 12:05:01 - [1;33m🔍 Vérification des changements distants...[0m
2025-07-16 12:10:01 - [1;33m🔍 Vérification des changements distants...[0m
2025-07-16 12:15:01 - [1;33m🔍 Vérification des changements distants...[0m
2025-07-16 12:20:01 - [1;33m🔍 Vérification des changements distants...[0m
2025-07-16 12:25:01 - [1;33m🔍 Vérification des changements distants...[0m
2025-07-16 12:30:01 - [1;33m🔍 Vérification des changements distants...[0m
2025-07-16 12:35:01 - [1;33m🔍 Vérification des changements distants...[0m
2025-07-16 12:40:01 - [1;33m🔍 Vérification des changements distants...[0m
2025-07-16 12:45:01 - [1;33m🔍 Vérification des changements distants...[0m
2025-07-16 12:50:01 - [1;33m🔍 Vérification des changements distants...[0m
2025-07-16 12:55:01 - [1;33m🔍 Vérification des changements distants...[0m
2025-07-16 13:00:01 - [1;33m🔍 Vérification des changements distants...[0m
2025-07-16 13:05:02 - [1;33m🔍 Vérification des changements distants...[0m
2025-07-16 13:10:01 - [1;33m🔍 Vérification des changements distants...[0m
2025-07-16 13:15:01 - [1;33m🔍 Vérification des changements distants...[0m
2025-07-16 13:20:01 - [1;33m🔍 Vérification des changements distants...[0m
2025-07-16 13:25:01 - [1;33m🔍 Vérification des changements distants...[0m
2025-07-16 13:30:01 - [1;33m🔍 Vérification des changements distants...[0m
2025-07-16 13:35:01 - [1;33m🔍 Vérification des changements distants...[0m
2025-07-16 13:40:01 - [1;33m🔍 Vérification des changements distants...[0m
2025-07-16 13:45:01 - [1;33m🔍 Vérification des changements distants...[0m
2025-07-16 13:50:01 - [1;33m🔍 Vérification des changements distants...[0m
2025-07-16 13:55:01 - [1;33m🔍 Vérification des changements distants...[0m
2025-07-16 14:00:01 - [1;33m🔍 Vérification des changements distants...[0m
2025-07-16 14:05:01 - [1;33m🔍 Vérification des changements distants...[0m
2025-07-16 14:10:01 - [1;33m🔍 Vérification des changements distants...[0m
2025-07-16 14:15:01 - [1;33m🔍 Vérification des changements distants...[0m
2025-07-16 14:20:01 - [1;33m🔍 Vérification des changements distants...[0m
2025-07-16 14:25:01 - [1;33m🔍 Vérification des changements distants...[0m
2025-07-16 14:30:01 - [1;33m🔍 Vérification des changements distants...[0m
2025-07-16 14:35:01 - [1;33m🔍 Vérification des changements distants...[0m
2025-07-16 14:40:01 - [1;33m🔍 Vérification des changements distants...[0m
2025-07-16 14:45:01 - [1;33m🔍 Vérification des changements distants...[0m
2025-07-16 14:50:01 - [1;33m🔍 Vérification des changements distants...[0m
2025-07-16 14:55:01 - [1;33m🔍 Vérification des changements distants...[0m
2025-07-16 15:00:01 - [1;33m🔍 Vérification des changements distants...[0m
2025-07-16 15:05:01 - [1;33m🔍 Vérification des changements distants...[0m
2025-07-16 15:10:01 - [1;33m🔍 Vérification des changements distants...[0m
2025-07-16 15:15:01 - [1;33m🔍 Vérification des changements distants...[0m
2025-07-16 15:20:01 - [1;33m🔍 Vérification des changements distants...[0m
2025-07-16 15:25:01 - [1;33m🔍 Vérification des changements distants...[0m
2025-07-16 15:30:01 - [1;33m🔍 Vérification des changements distants...[0m
2025-07-16 15:35:01 - [1;33m🔍 Vérification des changements distants...[0m
2025-07-16 15:40:01 - [1;33m🔍 Vérification des changements distants...[0m
2025-07-16 15:45:01 - [1;33m🔍 Vérification des changements distants...[0m
2025-07-16 15:50:01 - [1;33m🔍 Vérification des changements distants...[0m
2025-07-16 15:55:01 - [1;33m🔍 Vérification des changements distants...[0m
2025-07-16 16:00:01 - [1;33m🔍 Vérification des changements distants...[0m
2025-07-16 16:05:01 - [1;33m🔍 Vérification des changements distants...[0m
2025-07-16 16:10:01 - [1;33m🔍 Vérification des changements distants...[0m
2025-07-16 16:15:01 - [1;33m🔍 Vérification des changements distants...[0m
2025-07-16 16:20:01 - [1;33m🔍 Vérification des changements distants...[0m
2025-07-16 16:25:01 - [1;33m🔍 Vérification des changements distants...[0m
2025-07-16 16:30:01 - [1;33m🔍 Vérification des changements distants...[0m
2025-07-16 16:35:01 - [1;33m🔍 Vérification des changements distants...[0m
2025-07-16 16:40:01 - [1;33m🔍 Vérification des changements distants...[0m
2025-07-16 16:45:01 - [1;33m🔍 Vérification des changements distants...[0m
2025-07-16 16:50:01 - [1;33m🔍 Vérification des changements distants...[0m
2025-07-16 16:55:01 - [1;33m🔍 Vérification des changements distants...[0m
2025-07-16 17:00:01 - [1;33m🔍 Vérification des changements distants...[0m
2025-07-16 17:05:01 - [1;33m🔍 Vérification des changements distants...[0m
2025-07-16 17:10:01 - [1;33m🔍 Vérification des changements distants...[0m
2025-07-16 17:15:01 - [1;33m🔍 Vérification des changements distants...[0m
2025-07-16 17:20:01 - [1;33m🔍 Vérification des changements distants...[0m
2025-07-16 17:25:01 - [1;33m🔍 Vérification des changements distants...[0m
2025-07-16 17:30:01 - [1;33m🔍 Vérification des changements distants...[0m
2025-07-16 17:35:01 - [1;33m🔍 Vérification des changements distants...[0m
2025-07-16 17:40:01 - [1;33m🔍 Vérification des changements distants...[0m
2025-07-16 17:45:01 - [1;33m🔍 Vérification des changements distants...[0m
2025-07-16 17:50:02 - [1;33m🔍 Vérification des changements distants...[0m
2025-07-16 17:55:01 - [1;33m🔍 Vérification des changements distants...[0m
2025-07-16 18:00:01 - [1;33m🔍 Vérification des changements distants...[0m
2025-07-16 18:05:01 - [1;33m🔍 Vérification des changements distants...[0m
2025-07-16 18:10:01 - [1;33m🔍 Vérification des changements distants...[0m
2025-07-16 18:15:01 - [1;33m🔍 Vérification des changements distants...[0m
2025-07-16 18:20:01 - [1;33m🔍 Vérification des changements distants...[0m
2025-07-16 18:25:01 - [1;33m🔍 Vérification des changements distants...[0m
2025-07-16 18:30:01 - [1;33m🔍 Vérification des changements distants...[0m
2025-07-16 18:35:01 - [1;33m🔍 Vérification des changements distants...[0m
2025-07-16 18:40:01 - [1;33m🔍 Vérification des changements distants...[0m
2025-07-16 18:45:01 - [1;33m🔍 Vérification des changements distants...[0m
2025-07-16 18:50:01 - [1;33m🔍 Vérification des changements distants...[0m
2025-07-16 18:55:01 - [1;33m🔍 Vérification des changements distants...[0m
2025-07-16 19:00:01 - [1;33m🔍 Vérification des changements distants...[0m
2025-07-16 19:05:01 - [1;33m🔍 Vérification des changements distants...[0m
2025-07-16 19:10:01 - [1;33m🔍 Vérification des changements distants...[0m
2025-07-16 19:15:01 - [1;33m🔍 Vérification des changements distants...[0m
2025-07-16 19:20:01 - [1;33m🔍 Vérification des changements distants...[0m
2025-07-16 19:25:01 - [1;33m🔍 Vérification des changements distants...[0m
2025-07-16 19:30:01 - [1;33m🔍 Vérification des changements distants...[0m
2025-07-16 19:35:01 - [1;33m🔍 Vérification des changements distants...[0m
2025-07-16 19:40:01 - [1;33m🔍 Vérification des changements distants...[0m
2025-07-16 19:45:01 - [1;33m🔍 Vérification des changements distants...[0m
2025-07-16 19:50:01 - [1;33m🔍 Vérification des changements distants...[0m
2025-07-16 19:55:01 - [1;33m🔍 Vérification des changements distants...[0m
2025-07-16 20:00:01 - [1;33m🔍 Vérification des changements distants...[0m
2025-07-16 20:05:01 - [1;33m🔍 Vérification des changements distants...[0m
2025-07-16 20:10:01 - [1;33m🔍 Vérification des changements distants...[0m
2025-07-16 20:15:01 - [1;33m🔍 Vérification des changements distants...[0m
2025-07-16 20:20:01 - [1;33m🔍 Vérification des changements distants...[0m
2025-07-16 20:25:01 - [1;33m🔍 Vérification des changements distants...[0m
2025-07-16 20:30:01 - [1;33m🔍 Vérification des changements distants...[0m
2025-07-16 20:35:01 - [1;33m🔍 Vérification des changements distants...[0m
2025-07-16 20:40:01 - [1;33m🔍 Vérification des changements distants...[0m
2025-07-16 20:45:01 - [1;33m🔍 Vérification des changements distants...[0m
2025-07-16 20:50:01 - [1;33m🔍 Vérification des changements distants...[0m
2025-07-16 20:55:01 - [1;33m🔍 Vérification des changements distants...[0m
2025-07-16 21:00:01 - [1;33m🔍 Vérification des changements distants...[0m
2025-07-16 21:05:01 - [1;33m🔍 Vérification des changements distants...[0m
2025-07-16 21:10:01 - [1;33m🔍 Vérification des changements distants...[0m
2025-07-16 21:15:01 - [1;33m🔍 Vérification des changements distants...[0m
2025-07-16 21:20:01 - [1;33m🔍 Vérification des changements distants...[0m
2025-07-16 21:25:01 - [1;33m🔍 Vérification des changements distants...[0m
2025-07-16 21:30:01 - [1;33m🔍 Vérification des changements distants...[0m
2025-07-16 21:35:01 - [1;33m🔍 Vérification des changements distants...[0m
2025-07-16 21:40:01 - [1;33m🔍 Vérification des changements distants...[0m
2025-07-16 21:45:01 - [1;33m🔍 Vérification des changements distants...[0m
2025-07-16 21:50:01 - [1;33m🔍 Vérification des changements distants...[0m
2025-07-16 21:55:01 - [1;33m🔍 Vérification des changements distants...[0m
2025-07-16 22:00:01 - [1;33m🔍 Vérification des changements distants...[0m
2025-07-16 22:05:01 - [1;33m🔍 Vérification des changements distants...[0m
2025-07-16 22:10:01 - [1;33m🔍 Vérification des changements distants...[0m
2025-07-16 22:15:01 - [1;33m🔍 Vérification des changements distants...[0m
2025-07-16 22:20:01 - [1;33m🔍 Vérification des changements distants...[0m
2025-07-16 22:25:01 - [1;33m🔍 Vérification des changements distants...[0m
2025-07-16 22:30:01 - [1;33m🔍 Vérification des changements distants...[0m
2025-07-16 22:35:01 - [1;33m🔍 Vérification des changements distants...[0m
2025-07-16 22:40:01 - [1;33m🔍 Vérification des changements distants...[0m
2025-07-16 22:45:01 - [1;33m🔍 Vérification des changements distants...[0m
2025-07-16 22:50:01 - [1;33m🔍 Vérification des changements distants...[0m
2025-07-16 22:55:01 - [1;33m🔍 Vérification des changements distants...[0m
2025-07-16 23:00:01 - [1;33m🔍 Vérification des changements distants...[0m
2025-07-16 23:05:01 - [1;33m🔍 Vérification des changements distants...[0m
2025-07-16 23:10:01 - [1;33m🔍 Vérification des changements distants...[0m
2025-07-16 23:15:01 - [1;33m🔍 Vérification des changements distants...[0m
2025-07-16 23:20:01 - [1;33m🔍 Vérification des changements distants...[0m
2025-07-16 23:25:01 - [1;33m🔍 Vérification des changements distants...[0m
2025-07-16 23:30:01 - [1;33m🔍 Vérification des changements distants...[0m
2025-07-16 23:35:01 - [1;33m🔍 Vérification des changements distants...[0m
2025-07-16 23:40:01 - [1;33m🔍 Vérification des changements distants...[0m
2025-07-16 23:45:01 - [1;33m🔍 Vérification des changements distants...[0m
2025-07-16 23:50:02 - [1;33m🔍 Vérification des changements distants...[0m
2025-07-16 23:55:01 - [1;33m🔍 Vérification des changements distants...[0m
2025-07-17 00:00:01 - [1;33m🔍 Vérification des changements distants...[0m
2025-07-17 00:05:01 - [1;33m🔍 Vérification des changements distants...[0m
2025-07-17 00:10:01 - [1;33m🔍 Vérification des changements distants...[0m
2025-07-17 00:15:01 - [1;33m🔍 Vérification des changements distants...[0m
2025-07-17 00:20:02 - [1;33m🔍 Vérification des changements distants...[0m
2025-07-17 00:25:01 - [1;33m🔍 Vérification des changements distants...[0m
2025-07-17 00:30:01 - [1;33m🔍 Vérification des changements distants...[0m
2025-07-17 00:35:01 - [1;33m🔍 Vérification des changements distants...[0m
2025-07-17 00:40:01 - [1;33m🔍 Vérification des changements distants...[0m
2025-07-17 00:45:01 - [1;33m🔍 Vérification des changements distants...[0m
2025-07-17 00:50:01 - [1;33m🔍 Vérification des changements distants...[0m
2025-07-17 00:55:01 - [1;33m🔍 Vérification des changements distants...[0m
2025-07-17 01:00:01 - [1;33m🔍 Vérification des changements distants...[0m
2025-07-17 01:05:01 - [1;33m🔍 Vérification des changements distants...[0m
2025-07-17 01:10:01 - [1;33m🔍 Vérification des changements distants...[0m
2025-07-17 01:15:01 - [1;33m🔍 Vérification des changements distants...[0m
2025-07-17 01:20:01 - [1;33m🔍 Vérification des changements distants...[0m
2025-07-17 01:25:01 - [1;33m🔍 Vérification des changements distants...[0m
2025-07-17 01:30:01 - [1;33m🔍 Vérification des changements distants...[0m
2025-07-17 01:35:01 - [1;33m🔍 Vérification des changements distants...[0m
2025-07-17 01:40:01 - [1;33m🔍 Vérification des changements distants...[0m
2025-07-17 01:45:01 - [1;33m🔍 Vérification des changements distants...[0m
2025-07-17 01:50:01 - [1;33m🔍 Vérification des changements distants...[0m
2025-07-17 01:55:01 - [1;33m🔍 Vérification des changements distants...[0m
2025-07-17 02:00:01 - [1;33m🔍 Vérification des changements distants...[0m
2025-07-17 02:05:01 - [1;33m🔍 Vérification des changements distants...[0m
2025-07-17 02:10:01 - [1;33m🔍 Vérification des changements distants...[0m
2025-07-17 02:15:01 - [1;33m🔍 Vérification des changements distants...[0m
2025-07-17 02:20:01 - [1;33m🔍 Vérification des changements distants...[0m
2025-07-17 02:25:01 - [1;33m🔍 Vérification des changements distants...[0m
2025-07-17 02:30:01 - [1;33m🔍 Vérification des changements distants...[0m
2025-07-17 02:35:01 - [1;33m🔍 Vérification des changements distants...[0m
2025-07-17 02:40:01 - [1;33m🔍 Vérification des changements distants...[0m
2025-07-17 02:45:01 - [1;33m🔍 Vérification des changements distants...[0m
2025-07-17 02:50:01 - [1;33m🔍 Vérification des changements distants...[0m
2025-07-17 02:55:01 - [1;33m🔍 Vérification des changements distants...[0m
2025-07-17 03:00:01 - [1;33m🔍 Vérification des changements distants...[0m
2025-07-17 03:05:01 - [1;33m🔍 Vérification des changements distants...[0m
2025-07-17 03:10:01 - [1;33m🔍 Vérification des changements distants...[0m
2025-07-17 03:15:01 - [1;33m🔍 Vérification des changements distants...[0m
2025-07-17 03:20:01 - [1;33m🔍 Vérification des changements distants...[0m
2025-07-17 03:25:01 - [1;33m🔍 Vérification des changements distants...[0m
2025-07-17 03:30:01 - [1;33m🔍 Vérification des changements distants...[0m
2025-07-17 03:35:01 - [1;33m🔍 Vérification des changements distants...[0m
2025-07-17 03:40:01 - [1;33m🔍 Vérification des changements distants...[0m
2025-07-17 03:45:01 - [1;33m🔍 Vérification des changements distants...[0m
2025-07-17 03:50:01 - [1;33m🔍 Vérification des changements distants...[0m
2025-07-17 03:55:01 - [1;33m🔍 Vérification des changements distants...[0m
2025-07-17 04:00:01 - [1;33m🔍 Vérification des changements distants...[0m
2025-07-17 04:05:01 - [1;33m🔍 Vérification des changements distants...[0m
2025-07-17 04:10:01 - [1;33m🔍 Vérification des changements distants...[0m
2025-07-17 04:15:01 - [1;33m🔍 Vérification des changements distants...[0m
2025-07-17 04:20:01 - [1;33m🔍 Vérification des changements distants...[0m
2025-07-17 04:25:02 - [1;33m🔍 Vérification des changements distants...[0m
2025-07-17 04:30:01 - [1;33m🔍 Vérification des changements distants...[0m
2025-07-17 04:35:01 - [1;33m🔍 Vérification des changements distants...[0m
2025-07-17 04:40:01 - [1;33m🔍 Vérification des changements distants...[0m
2025-07-17 04:45:01 - [1;33m🔍 Vérification des changements distants...[0m
2025-07-17 04:50:01 - [1;33m🔍 Vérification des changements distants...[0m
2025-07-17 04:55:01 - [1;33m🔍 Vérification des changements distants...[0m
2025-07-17 05:00:01 - [1;33m🔍 Vérification des changements distants...[0m
2025-07-17 05:05:01 - [1;33m🔍 Vérification des changements distants...[0m
2025-07-17 05:10:01 - [1;33m🔍 Vérification des changements distants...[0m
2025-07-17 05:15:01 - [1;33m🔍 Vérification des changements distants...[0m
2025-07-17 05:20:01 - [1;33m🔍 Vérification des changements distants...[0m
2025-07-17 05:25:01 - [1;33m🔍 Vérification des changements distants...[0m
2025-07-17 05:30:01 - [1;33m🔍 Vérification des changements distants...[0m
2025-07-17 05:35:01 - [1;33m🔍 Vérification des changements distants...[0m
2025-07-17 05:40:01 - [1;33m🔍 Vérification des changements distants...[0m
2025-07-17 05:45:01 - [1;33m🔍 Vérification des changements distants...[0m
2025-07-17 05:50:01 - [1;33m🔍 Vérification des changements distants...[0m
2025-07-17 05:55:01 - [1;33m🔍 Vérification des changements distants...[0m
2025-07-17 06:00:01 - [1;33m🔍 Vérification des changements distants...[0m
2025-07-17 06:05:01 - [1;33m🔍 Vérification des changements distants...[0m
2025-07-17 06:10:01 - [1;33m🔍 Vérification des changements distants...[0m
2025-07-17 06:15:01 - [1;33m🔍 Vérification des changements distants...[0m
2025-07-17 06:20:01 - [1;33m🔍 Vérification des changements distants...[0m
2025-07-17 06:25:01 - [1;33m🔍 Vérification des changements distants...[0m
2025-07-17 06:30:01 - [1;33m🔍 Vérification des changements distants...[0m
2025-07-17 06:35:01 - [1;33m🔍 Vérification des changements distants...[0m
2025-07-17 06:40:01 - [1;33m🔍 Vérification des changements distants...[0m
2025-07-17 06:45:01 - [1;33m🔍 Vérification des changements distants...[0m
2025-07-17 06:50:01 - [1;33m🔍 Vérification des changements distants...[0m
2025-07-17 06:55:01 - [1;33m🔍 Vérification des changements distants...[0m
2025-07-17 07:00:01 - [1;33m🔍 Vérification des changements distants...[0m
2025-07-17 07:05:01 - [1;33m🔍 Vérification des changements distants...[0m
2025-07-17 07:10:01 - [1;33m🔍 Vérification des changements distants...[0m
2025-07-17 07:15:01 - [1;33m🔍 Vérification des changements distants...[0m
2025-07-17 07:20:01 - [1;33m🔍 Vérification des changements distants...[0m
2025-07-17 07:25:01 - [1;33m🔍 Vérification des changements distants...[0m
2025-07-17 07:30:01 - [1;33m🔍 Vérification des changements distants...[0m
2025-07-17 07:35:01 - [1;33m🔍 Vérification des changements distants...[0m
2025-07-17 07:40:01 - [1;33m🔍 Vérification des changements distants...[0m
2025-07-17 07:45:01 - [1;33m🔍 Vérification des changements distants...[0m
2025-07-17 07:50:01 - [1;33m🔍 Vérification des changements distants...[0m
2025-07-17 07:55:01 - [1;33m🔍 Vérification des changements distants...[0m
2025-07-17 08:00:01 - [1;33m🔍 Vérification des changements distants...[0m
2025-07-17 08:05:01 - [1;33m🔍 Vérification des changements distants...[0m
2025-07-17 08:10:01 - [1;33m🔍 Vérification des changements distants...[0m
2025-07-17 08:15:01 - [1;33m🔍 Vérification des changements distants...[0m
2025-07-17 08:20:01 - [1;33m🔍 Vérification des changements distants...[0m
2025-07-17 08:25:01 - [1;33m🔍 Vérification des changements distants...[0m
2025-07-17 08:30:01 - [1;33m🔍 Vérification des changements distants...[0m
2025-07-17 08:35:01 - [1;33m🔍 Vérification des changements distants...[0m
2025-07-17 08:40:01 - [1;33m🔍 Vérification des changements distants...[0m
2025-07-17 08:45:01 - [1;33m🔍 Vérification des changements distants...[0m
2025-07-17 08:50:01 - [1;33m🔍 Vérification des changements distants...[0m
2025-07-17 08:55:01 - [1;33m🔍 Vérification des changements distants...[0m
2025-07-17 09:00:01 - [1;33m🔍 Vérification des changements distants...[0m
2025-07-17 09:05:01 - [1;33m🔍 Vérification des changements distants...[0m
2025-07-17 09:10:01 - [1;33m🔍 Vérification des changements distants...[0m
2025-07-17 09:15:01 - [1;33m🔍 Vérification des changements distants...[0m
2025-07-17 09:20:01 - [1;33m🔍 Vérification des changements distants...[0m
2025-07-17 09:25:01 - [1;33m🔍 Vérification des changements distants...[0m
2025-07-17 09:30:01 - [1;33m🔍 Vérification des changements distants...[0m
2025-07-17 09:35:01 - [1;33m🔍 Vérification des changements distants...[0m
2025-07-17 09:40:01 - [1;33m🔍 Vérification des changements distants...[0m
2025-07-17 09:45:01 - [1;33m🔍 Vérification des changements distants...[0m
2025-07-17 09:50:01 - [1;33m🔍 Vérification des changements distants...[0m
2025-07-17 09:55:01 - [1;33m🔍 Vérification des changements distants...[0m
2025-07-17 10:00:01 - [1;33m🔍 Vérification des changements distants...[0m
2025-07-17 10:05:01 - [1;33m🔍 Vérification des changements distants...[0m
2025-07-17 10:10:01 - [1;33m🔍 Vérification des changements distants...[0m
2025-07-17 10:15:01 - [1;33m🔍 Vérification des changements distants...[0m
2025-07-17 10:20:01 - [1;33m🔍 Vérification des changements distants...[0m
2025-07-17 10:25:01 - [1;33m🔍 Vérification des changements distants...[0m
2025-07-17 10:30:01 - [1;33m🔍 Vérification des changements distants...[0m
2025-07-17 10:35:01 - [1;33m🔍 Vérification des changements distants...[0m
2025-07-17 10:40:01 - [1;33m🔍 Vérification des changements distants...[0m
2025-07-17 10:45:01 - [1;33m🔍 Vérification des changements distants...[0m
2025-07-17 10:50:01 - [1;33m🔍 Vérification des changements distants...[0m
2025-07-17 10:55:01 - [1;33m🔍 Vérification des changements distants...[0m
2025-07-17 11:00:01 - [1;33m🔍 Vérification des changements distants...[0m
2025-07-17 11:05:01 - [1;33m🔍 Vérification des changements distants...[0m
2025-07-17 11:10:01 - [1;33m🔍 Vérification des changements distants...[0m
2025-07-17 11:15:01 - [1;33m🔍 Vérification des changements distants...[0m
2025-07-17 11:20:01 - [1;33m🔍 Vérification des changements distants...[0m
2025-07-17 11:25:01 - [1;33m🔍 Vérification des changements distants...[0m
2025-07-17 11:30:01 - [1;33m🔍 Vérification des changements distants...[0m
2025-07-17 11:35:01 - [1;33m🔍 Vérification des changements distants...[0m
2025-07-17 11:40:01 - [1;33m🔍 Vérification des changements distants...[0m
2025-07-17 11:45:01 - [1;33m🔍 Vérification des changements distants...[0m
2025-07-17 11:50:01 - [1;33m🔍 Vérification des changements distants...[0m
2025-07-17 11:55:01 - [1;33m🔍 Vérification des changements distants...[0m
2025-07-17 12:00:01 - [1;33m🔍 Vérification des changements distants...[0m
2025-07-17 12:05:01 - [1;33m🔍 Vérification des changements distants...[0m
2025-07-17 12:10:01 - [1;33m🔍 Vérification des changements distants...[0m
2025-07-17 12:15:01 - [1;33m🔍 Vérification des changements distants...[0m
2025-07-17 12:20:01 - [1;33m🔍 Vérification des changements distants...[0m
2025-07-17 12:25:01 - [1;33m🔍 Vérification des changements distants...[0m
2025-07-17 12:30:01 - [1;33m🔍 Vérification des changements distants...[0m
2025-07-17 12:35:01 - [1;33m🔍 Vérification des changements distants...[0m
2025-07-17 12:40:01 - [1;33m🔍 Vérification des changements distants...[0m
2025-07-17 12:45:01 - [1;33m🔍 Vérification des changements distants...[0m
2025-07-17 12:50:01 - [1;33m🔍 Vérification des changements distants...[0m
2025-07-17 12:55:01 - [1;33m🔍 Vérification des changements distants...[0m
2025-07-17 13:00:01 - [1;33m🔍 Vérification des changements distants...[0m
2025-07-17 13:05:01 - [1;33m🔍 Vérification des changements distants...[0m
2025-07-17 13:10:01 - [1;33m🔍 Vérification des changements distants...[0m
2025-07-17 13:15:01 - [1;33m🔍 Vérification des changements distants...[0m
2025-07-17 13:20:02 - [1;33m🔍 Vérification des changements distants...[0m
2025-07-17 13:25:01 - [1;33m🔍 Vérification des changements distants...[0m
2025-07-17 13:30:01 - [1;33m🔍 Vérification des changements distants...[0m
2025-07-17 13:35:01 - [1;33m🔍 Vérification des changements distants...[0m
2025-07-17 13:40:01 - [1;33m🔍 Vérification des changements distants...[0m
2025-07-17 13:45:01 - [1;33m🔍 Vérification des changements distants...[0m
2025-07-17 13:50:01 - [1;33m🔍 Vérification des changements distants...[0m
2025-07-17 13:55:01 - [1;33m🔍 Vérification des changements distants...[0m
2025-07-17 14:00:01 - [1;33m🔍 Vérification des changements distants...[0m
2025-07-17 14:05:01 - [1;33m🔍 Vérification des changements distants...[0m
2025-07-17 14:10:01 - [1;33m🔍 Vérification des changements distants...[0m
2025-07-17 14:15:01 - [1;33m🔍 Vérification des changements distants...[0m
2025-07-17 14:20:02 - [1;33m🔍 Vérification des changements distants...[0m
2025-07-17 14:25:01 - [1;33m🔍 Vérification des changements distants...[0m
2025-07-17 14:30:01 - [1;33m🔍 Vérification des changements distants...[0m
2025-07-17 14:35:01 - [1;33m🔍 Vérification des changements distants...[0m
2025-07-17 14:40:01 - [1;33m🔍 Vérification des changements distants...[0m
2025-07-17 14:45:01 - [1;33m🔍 Vérification des changements distants...[0m
2025-07-17 14:50:01 - [1;33m🔍 Vérification des changements distants...[0m
2025-07-17 14:55:01 - [1;33m🔍 Vérification des changements distants...[0m
2025-07-17 15:00:01 - [1;33m🔍 Vérification des changements distants...[0m
2025-07-17 15:05:01 - [1;33m🔍 Vérification des changements distants...[0m
2025-07-17 15:10:01 - [1;33m🔍 Vérification des changements distants...[0m
2025-07-17 15:15:01 - [1;33m🔍 Vérification des changements distants...[0m
2025-07-17 15:20:01 - [1;33m🔍 Vérification des changements distants...[0m
2025-07-17 15:25:01 - [1;33m🔍 Vérification des changements distants...[0m
2025-07-17 15:30:01 - [1;33m🔍 Vérification des changements distants...[0m
2025-07-17 15:35:01 - [1;33m🔍 Vérification des changements distants...[0m
2025-07-17 15:40:01 - [1;33m🔍 Vérification des changements distants...[0m
2025-07-17 15:45:01 - [1;33m🔍 Vérification des changements distants...[0m
2025-07-17 15:50:01 - [1;33m🔍 Vérification des changements distants...[0m
2025-07-17 15:55:01 - [1;33m🔍 Vérification des changements distants...[0m
2025-07-17 16:00:01 - [1;33m🔍 Vérification des changements distants...[0m
2025-07-17 16:05:01 - [1;33m🔍 Vérification des changements distants...[0m
2025-07-17 16:10:01 - [1;33m🔍 Vérification des changements distants...[0m
2025-07-17 16:15:01 - [1;33m🔍 Vérification des changements distants...[0m
2025-07-17 16:20:01 - [1;33m🔍 Vérification des changements distants...[0m
2025-07-17 16:25:01 - [1;33m🔍 Vérification des changements distants...[0m
2025-07-17 16:30:01 - [1;33m🔍 Vérification des changements distants...[0m
2025-07-17 16:35:01 - [1;33m🔍 Vérification des changements distants...[0m
2025-07-17 16:40:01 - [1;33m🔍 Vérification des changements distants...[0m
2025-07-17 16:45:01 - [1;33m🔍 Vérification des changements distants...[0m
2025-07-17 16:50:01 - [1;33m🔍 Vérification des changements distants...[0m
2025-07-17 16:55:01 - [1;33m🔍 Vérification des changements distants...[0m
2025-07-17 17:00:01 - [1;33m🔍 Vérification des changements distants...[0m
2025-07-17 17:05:01 - [1;33m🔍 Vérification des changements distants...[0m
2025-07-17 17:10:01 - [1;33m🔍 Vérification des changements distants...[0m
2025-07-17 17:15:01 - [1;33m🔍 Vérification des changements distants...[0m
2025-07-17 17:20:01 - [1;33m🔍 Vérification des changements distants...[0m
2025-07-17 17:25:01 - [1;33m🔍 Vérification des changements distants...[0m
2025-07-17 17:30:01 - [1;33m🔍 Vérification des changements distants...[0m
2025-07-17 17:35:01 - [1;33m🔍 Vérification des changements distants...[0m
2025-07-17 17:40:01 - [1;33m🔍 Vérification des changements distants...[0m
2025-07-17 17:45:02 - [1;33m🔍 Vérification des changements distants...[0m
2025-07-17 17:50:01 - [1;33m🔍 Vérification des changements distants...[0m
2025-07-17 17:55:01 - [1;33m🔍 Vérification des changements distants...[0m
2025-07-17 18:00:01 - [1;33m🔍 Vérification des changements distants...[0m
2025-07-17 18:05:01 - [1;33m🔍 Vérification des changements distants...[0m
2025-07-17 18:10:01 - [1;33m🔍 Vérification des changements distants...[0m
2025-07-17 18:15:01 - [1;33m🔍 Vérification des changements distants...[0m
2025-07-17 18:20:01 - [1;33m🔍 Vérification des changements distants...[0m
2025-07-17 18:25:01 - [1;33m🔍 Vérification des changements distants...[0m
2025-07-17 18:30:01 - [1;33m🔍 Vérification des changements distants...[0m
2025-07-17 18:35:01 - [1;33m🔍 Vérification des changements distants...[0m
2025-07-17 18:40:01 - [1;33m🔍 Vérification des changements distants...[0m
2025-07-17 18:45:01 - [1;33m🔍 Vérification des changements distants...[0m
2025-07-17 18:50:01 - [1;33m🔍 Vérification des changements distants...[0m
2025-07-17 18:55:01 - [1;33m🔍 Vérification des changements distants...[0m
2025-07-17 19:00:01 - [1;33m🔍 Vérification des changements distants...[0m
2025-07-17 19:05:01 - [1;33m🔍 Vérification des changements distants...[0m
2025-07-17 19:10:01 - [1;33m🔍 Vérification des changements distants...[0m
2025-07-17 19:15:01 - [1;33m🔍 Vérification des changements distants...[0m
2025-07-17 19:20:01 - [1;33m🔍 Vérification des changements distants...[0m
2025-07-17 19:25:01 - [1;33m🔍 Vérification des changements distants...[0m
2025-07-17 19:30:01 - [1;33m🔍 Vérification des changements distants...[0m
2025-07-17 19:35:01 - [1;33m🔍 Vérification des changements distants...[0m
2025-07-17 19:40:01 - [1;33m🔍 Vérification des changements distants...[0m
2025-07-17 19:45:01 - [1;33m🔍 Vérification des changements distants...[0m
2025-07-17 19:50:01 - [1;33m🔍 Vérification des changements distants...[0m
2025-07-17 19:55:01 - [1;33m🔍 Vérification des changements distants...[0m
2025-07-17 20:00:01 - [1;33m🔍 Vérification des changements distants...[0m
2025-07-17 20:05:01 - [1;33m🔍 Vérification des changements distants...[0m
2025-07-17 20:10:01 - [1;33m🔍 Vérification des changements distants...[0m
2025-07-17 20:15:01 - [1;33m🔍 Vérification des changements distants...[0m
2025-07-17 20:20:01 - [1;33m🔍 Vérification des changements distants...[0m
2025-07-17 20:25:01 - [1;33m🔍 Vérification des changements distants...[0m
2025-07-17 20:30:01 - [1;33m🔍 Vérification des changements distants...[0m
2025-07-17 20:35:01 - [1;33m🔍 Vérification des changements distants...[0m
2025-07-17 20:40:01 - [1;33m🔍 Vérification des changements distants...[0m
2025-07-17 20:45:01 - [1;33m🔍 Vérification des changements distants...[0m
2025-07-17 20:50:01 - [1;33m🔍 Vérification des changements distants...[0m
2025-07-17 20:55:01 - [1;33m🔍 Vérification des changements distants...[0m
2025-07-17 21:00:01 - [1;33m🔍 Vérification des changements distants...[0m
2025-07-17 21:05:01 - [1;33m🔍 Vérification des changements distants...[0m
2025-07-17 21:10:01 - [1;33m🔍 Vérification des changements distants...[0m
2025-07-17 21:15:01 - [1;33m🔍 Vérification des changements distants...[0m
2025-07-17 21:20:01 - [1;33m🔍 Vérification des changements distants...[0m
2025-07-17 21:25:01 - [1;33m🔍 Vérification des changements distants...[0m
2025-07-17 21:30:01 - [1;33m🔍 Vérification des changements distants...[0m
2025-07-17 21:35:01 - [1;33m🔍 Vérification des changements distants...[0m
2025-07-17 21:40:01 - [1;33m🔍 Vérification des changements distants...[0m
2025-07-17 21:45:01 - [1;33m🔍 Vérification des changements distants...[0m
2025-07-17 21:50:01 - [1;33m🔍 Vérification des changements distants...[0m
2025-07-17 21:55:01 - [1;33m🔍 Vérification des changements distants...[0m
2025-07-17 22:00:01 - [1;33m🔍 Vérification des changements distants...[0m
2025-07-17 22:05:01 - [1;33m🔍 Vérification des changements distants...[0m
2025-07-17 22:10:01 - [1;33m🔍 Vérification des changements distants...[0m
2025-07-17 22:15:01 - [1;33m🔍 Vérification des changements distants...[0m
2025-07-17 22:20:01 - [1;33m🔍 Vérification des changements distants...[0m
2025-07-17 22:25:01 - [1;33m🔍 Vérification des changements distants...[0m
2025-07-17 22:30:01 - [1;33m🔍 Vérification des changements distants...[0m
2025-07-17 22:35:01 - [1;33m🔍 Vérification des changements distants...[0m
2025-07-17 22:40:01 - [1;33m🔍 Vérification des changements distants...[0m
2025-07-17 22:45:01 - [1;33m🔍 Vérification des changements distants...[0m
2025-07-17 22:50:01 - [1;33m🔍 Vérification des changements distants...[0m
2025-07-17 22:55:01 - [1;33m🔍 Vérification des changements distants...[0m
2025-07-17 23:00:01 - [1;33m🔍 Vérification des changements distants...[0m
2025-07-17 23:05:01 - [1;33m🔍 Vérification des changements distants...[0m
2025-07-17 23:10:01 - [1;33m🔍 Vérification des changements distants...[0m
2025-07-17 23:15:01 - [1;33m🔍 Vérification des changements distants...[0m
2025-07-17 23:20:01 - [1;33m🔍 Vérification des changements distants...[0m
2025-07-17 23:25:01 - [1;33m🔍 Vérification des changements distants...[0m
2025-07-17 23:30:01 - [1;33m🔍 Vérification des changements distants...[0m
2025-07-17 23:35:01 - [1;33m🔍 Vérification des changements distants...[0m
2025-07-17 23:40:01 - [1;33m🔍 Vérification des changements distants...[0m
2025-07-17 23:45:01 - [1;33m🔍 Vérification des changements distants...[0m
2025-07-17 23:50:01 - [1;33m🔍 Vérification des changements distants...[0m
2025-07-17 23:55:01 - [1;33m🔍 Vérification des changements distants...[0m
2025-07-18 00:00:01 - [1;33m🔍 Vérification des changements distants...[0m
2025-07-18 00:05:01 - [1;33m🔍 Vérification des changements distants...[0m
2025-07-18 00:10:01 - [1;33m🔍 Vérification des changements distants...[0m
2025-07-18 00:15:01 - [1;33m🔍 Vérification des changements distants...[0m
2025-07-18 00:20:01 - [1;33m🔍 Vérification des changements distants...[0m
2025-07-18 00:25:01 - [1;33m🔍 Vérification des changements distants...[0m
2025-07-18 00:30:01 - [1;33m🔍 Vérification des changements distants...[0m
2025-07-18 00:35:01 - [1;33m🔍 Vérification des changements distants...[0m
2025-07-18 00:40:01 - [1;33m🔍 Vérification des changements distants...[0m
2025-07-18 00:45:01 - [1;33m🔍 Vérification des changements distants...[0m
2025-07-18 00:50:01 - [1;33m🔍 Vérification des changements distants...[0m
2025-07-18 00:55:01 - [1;33m🔍 Vérification des changements distants...[0m
2025-07-18 01:00:01 - [1;33m🔍 Vérification des changements distants...[0m
2025-07-18 01:05:01 - [1;33m🔍 Vérification des changements distants...[0m
2025-07-18 01:10:01 - [1;33m🔍 Vérification des changements distants...[0m
2025-07-18 01:15:01 - [1;33m🔍 Vérification des changements distants...[0m
2025-07-18 01:20:01 - [1;33m🔍 Vérification des changements distants...[0m
2025-07-18 01:25:01 - [1;33m🔍 Vérification des changements distants...[0m
2025-07-18 01:30:01 - [1;33m🔍 Vérification des changements distants...[0m
2025-07-18 01:35:01 - [1;33m🔍 Vérification des changements distants...[0m
2025-07-18 01:40:01 - [1;33m🔍 Vérification des changements distants...[0m
2025-07-18 01:45:01 - [1;33m🔍 Vérification des changements distants...[0m
2025-07-18 01:50:01 - [1;33m🔍 Vérification des changements distants...[0m
2025-07-18 01:55:01 - [1;33m🔍 Vérification des changements distants...[0m
2025-07-18 02:00:01 - [1;33m🔍 Vérification des changements distants...[0m
2025-07-18 02:05:02 - [1;33m🔍 Vérification des changements distants...[0m
2025-07-18 02:10:01 - [1;33m🔍 Vérification des changements distants...[0m
2025-07-18 02:15:01 - [1;33m🔍 Vérification des changements distants...[0m
2025-07-18 02:20:01 - [1;33m🔍 Vérification des changements distants...[0m
2025-07-18 02:25:01 - [1;33m🔍 Vérification des changements distants...[0m
2025-07-18 02:30:01 - [1;33m🔍 Vérification des changements distants...[0m
2025-07-18 02:35:01 - [1;33m🔍 Vérification des changements distants...[0m
2025-07-18 02:40:01 - [1;33m🔍 Vérification des changements distants...[0m
2025-07-18 02:45:02 - [1;33m🔍 Vérification des changements distants...[0m
2025-07-18 02:50:01 - [1;33m🔍 Vérification des changements distants...[0m
2025-07-18 02:55:01 - [1;33m🔍 Vérification des changements distants...[0m
2025-07-18 03:00:01 - [1;33m🔍 Vérification des changements distants...[0m
2025-07-18 03:05:01 - [1;33m🔍 Vérification des changements distants...[0m
2025-07-18 03:10:01 - [1;33m🔍 Vérification des changements distants...[0m
2025-07-18 03:15:01 - [1;33m🔍 Vérification des changements distants...[0m
2025-07-18 03:20:02 - [1;33m🔍 Vérification des changements distants...[0m
2025-07-18 03:25:01 - [1;33m🔍 Vérification des changements distants...[0m
2025-07-18 03:30:01 - [1;33m🔍 Vérification des changements distants...[0m
2025-07-18 03:35:01 - [1;33m🔍 Vérification des changements distants...[0m
2025-07-18 03:40:01 - [1;33m🔍 Vérification des changements distants...[0m
2025-07-18 03:45:01 - [1;33m🔍 Vérification des changements distants...[0m
2025-07-18 03:50:01 - [1;33m🔍 Vérification des changements distants...[0m
2025-07-18 03:55:01 - [1;33m🔍 Vérification des changements distants...[0m
2025-07-18 04:00:01 - [1;33m🔍 Vérification des changements distants...[0m
2025-07-18 04:05:01 - [1;33m🔍 Vérification des changements distants...[0m
2025-07-18 04:10:01 - [1;33m🔍 Vérification des changements distants...[0m
2025-07-18 04:15:01 - [1;33m🔍 Vérification des changements distants...[0m
2025-07-18 04:20:01 - [1;33m🔍 Vérification des changements distants...[0m
2025-07-18 04:25:01 - [1;33m🔍 Vérification des changements distants...[0m
2025-07-18 04:30:01 - [1;33m🔍 Vérification des changements distants...[0m
2025-07-18 04:35:01 - [1;33m🔍 Vérification des changements distants...[0m
2025-07-18 04:40:01 - [1;33m🔍 Vérification des changements distants...[0m
2025-07-18 04:45:01 - [1;33m🔍 Vérification des changements distants...[0m
2025-07-18 04:50:01 - [1;33m🔍 Vérification des changements distants...[0m
2025-07-18 04:55:01 - [1;33m🔍 Vérification des changements distants...[0m
2025-07-18 05:00:01 - [1;33m🔍 Vérification des changements distants...[0m
2025-07-18 05:05:01 - [1;33m🔍 Vérification des changements distants...[0m
2025-07-18 05:10:01 - [1;33m🔍 Vérification des changements distants...[0m
2025-07-18 05:15:01 - [1;33m🔍 Vérification des changements distants...[0m
2025-07-18 05:20:01 - [1;33m🔍 Vérification des changements distants...[0m
2025-07-18 05:25:01 - [1;33m🔍 Vérification des changements distants...[0m
2025-07-18 05:30:01 - [1;33m🔍 Vérification des changements distants...[0m
2025-07-18 05:35:01 - [1;33m🔍 Vérification des changements distants...[0m
2025-07-18 05:40:02 - [1;33m🔍 Vérification des changements distants...[0m
2025-07-18 05:45:01 - [1;33m🔍 Vérification des changements distants...[0m
2025-07-18 05:50:01 - [1;33m🔍 Vérification des changements distants...[0m
2025-07-18 05:55:01 - [1;33m🔍 Vérification des changements distants...[0m
2025-07-18 06:00:01 - [1;33m🔍 Vérification des changements distants...[0m
2025-07-18 06:05:01 - [1;33m🔍 Vérification des changements distants...[0m
2025-07-18 06:10:01 - [1;33m🔍 Vérification des changements distants...[0m
2025-07-18 06:15:01 - [1;33m🔍 Vérification des changements distants...[0m
2025-07-18 06:20:01 - [1;33m🔍 Vérification des changements distants...[0m
2025-07-18 06:25:01 - [1;33m🔍 Vérification des changements distants...[0m
2025-07-18 06:30:01 - [1;33m🔍 Vérification des changements distants...[0m
2025-07-18 06:35:01 - [1;33m🔍 Vérification des changements distants...[0m
2025-07-18 06:40:01 - [1;33m🔍 Vérification des changements distants...[0m
2025-07-18 06:45:01 - [1;33m🔍 Vérification des changements distants...[0m
2025-07-18 06:50:01 - [1;33m🔍 Vérification des changements distants...[0m
2025-07-18 06:55:01 - [1;33m🔍 Vérification des changements distants...[0m
2025-07-18 07:00:01 - [1;33m🔍 Vérification des changements distants...[0m
2025-07-18 07:05:01 - [1;33m🔍 Vérification des changements distants...[0m
2025-07-18 07:10:01 - [1;33m🔍 Vérification des changements distants...[0m
2025-07-18 07:15:01 - [1;33m🔍 Vérification des changements distants...[0m
2025-07-18 07:20:01 - [1;33m🔍 Vérification des changements distants...[0m
2025-07-18 07:25:01 - [1;33m🔍 Vérification des changements distants...[0m
2025-07-18 07:30:01 - [1;33m🔍 Vérification des changements distants...[0m
2025-07-18 07:35:01 - [1;33m🔍 Vérification des changements distants...[0m
2025-07-18 07:40:01 - [1;33m🔍 Vérification des changements distants...[0m
2025-07-18 07:45:01 - [1;33m🔍 Vérification des changements distants...[0m
2025-07-18 07:50:01 - [1;33m🔍 Vérification des changements distants...[0m
2025-07-18 07:55:01 - [1;33m🔍 Vérification des changements distants...[0m
2025-07-18 08:00:01 - [1;33m🔍 Vérification des changements distants...[0m
2025-07-18 08:05:01 - [1;33m🔍 Vérification des changements distants...[0m
2025-07-18 08:10:01 - [1;33m🔍 Vérification des changements distants...[0m
2025-07-18 08:15:01 - [1;33m🔍 Vérification des changements distants...[0m
2025-07-18 08:20:01 - [1;33m🔍 Vérification des changements distants...[0m
2025-07-18 08:25:01 - [1;33m🔍 Vérification des changements distants...[0m
2025-07-18 08:30:01 - [1;33m🔍 Vérification des changements distants...[0m
2025-07-18 08:35:01 - [1;33m🔍 Vérification des changements distants...[0m
2025-07-18 08:40:01 - [1;33m🔍 Vérification des changements distants...[0m
2025-07-18 08:45:01 - [1;33m🔍 Vérification des changements distants...[0m
2025-07-18 08:50:01 - [1;33m🔍 Vérification des changements distants...[0m
2025-07-18 08:55:01 - [1;33m🔍 Vérification des changements distants...[0m
2025-07-18 09:00:01 - [1;33m🔍 Vérification des changements distants...[0m
2025-07-18 09:05:01 - [1;33m🔍 Vérification des changements distants...[0m
2025-07-18 09:10:01 - [1;33m🔍 Vérification des changements distants...[0m
2025-07-18 09:15:01 - [1;33m🔍 Vérification des changements distants...[0m
2025-07-18 09:20:01 - [1;33m🔍 Vérification des changements distants...[0m
2025-07-18 09:25:01 - [1;33m🔍 Vérification des changements distants...[0m
2025-07-18 09:30:01 - [1;33m🔍 Vérification des changements distants...[0m
2025-07-18 09:35:01 - [1;33m🔍 Vérification des changements distants...[0m
2025-07-18 09:40:01 - [1;33m🔍 Vérification des changements distants...[0m
2025-07-18 09:45:01 - [1;33m🔍 Vérification des changements distants...[0m
2025-07-18 09:50:01 - [1;33m🔍 Vérification des changements distants...[0m
2025-07-18 09:55:01 - [1;33m🔍 Vérification des changements distants...[0m
2025-07-18 10:00:01 - [1;33m🔍 Vérification des changements distants...[0m
2025-07-18 10:05:01 - [1;33m🔍 Vérification des changements distants...[0m
2025-07-18 10:10:01 - [1;33m🔍 Vérification des changements distants...[0m
2025-07-18 10:15:01 - [1;33m🔍 Vérification des changements distants...[0m
2025-07-18 10:20:01 - [1;33m🔍 Vérification des changements distants...[0m
2025-07-18 10:25:01 - [1;33m🔍 Vérification des changements distants...[0m
2025-07-18 10:30:01 - [1;33m🔍 Vérification des changements distants...[0m
2025-07-18 10:35:01 - [1;33m🔍 Vérification des changements distants...[0m
2025-07-18 10:40:01 - [1;33m🔍 Vérification des changements distants...[0m
2025-07-18 10:45:01 - [1;33m🔍 Vérification des changements distants...[0m
2025-07-18 10:50:01 - [1;33m🔍 Vérification des changements distants...[0m
2025-07-18 10:55:01 - [1;33m🔍 Vérification des changements distants...[0m
2025-07-18 11:00:01 - [1;33m🔍 Vérification des changements distants...[0m
2025-07-18 11:05:01 - [1;33m🔍 Vérification des changements distants...[0m
2025-07-18 11:10:01 - [1;33m🔍 Vérification des changements distants...[0m
2025-07-18 11:15:01 - [1;33m🔍 Vérification des changements distants...[0m
2025-07-18 11:20:01 - [1;33m🔍 Vérification des changements distants...[0m
2025-07-18 11:25:01 - [1;33m🔍 Vérification des changements distants...[0m
2025-07-18 11:30:01 - [1;33m🔍 Vérification des changements distants...[0m
2025-07-18 11:35:01 - [1;33m🔍 Vérification des changements distants...[0m
2025-07-18 11:40:01 - [1;33m🔍 Vérification des changements distants...[0m
2025-07-18 11:45:01 - [1;33m🔍 Vérification des changements distants...[0m
2025-07-18 11:50:01 - [1;33m🔍 Vérification des changements distants...[0m
2025-07-18 11:55:01 - [1;33m🔍 Vérification des changements distants...[0m
2025-07-18 12:00:01 - [1;33m🔍 Vérification des changements distants...[0m
2025-07-18 12:05:01 - [1;33m🔍 Vérification des changements distants...[0m
2025-07-18 12:10:01 - [1;33m🔍 Vérification des changements distants...[0m
2025-07-18 12:15:01 - [1;33m🔍 Vérification des changements distants...[0m
2025-07-18 12:20:01 - [1;33m🔍 Vérification des changements distants...[0m
2025-07-18 12:25:01 - [1;33m🔍 Vérification des changements distants...[0m
2025-07-18 12:30:01 - [1;33m🔍 Vérification des changements distants...[0m
2025-07-18 12:35:01 - [1;33m🔍 Vérification des changements distants...[0m
2025-07-18 12:40:01 - [1;33m🔍 Vérification des changements distants...[0m
2025-07-18 12:45:01 - [1;33m🔍 Vérification des changements distants...[0m
2025-07-18 12:50:01 - [1;33m🔍 Vérification des changements distants...[0m
2025-07-18 12:55:01 - [1;33m🔍 Vérification des changements distants...[0m
2025-07-18 13:00:01 - [1;33m🔍 Vérification des changements distants...[0m
2025-07-18 13:05:01 - [1;33m🔍 Vérification des changements distants...[0m
2025-07-18 13:10:01 - [1;33m🔍 Vérification des changements distants...[0m
2025-07-18 13:15:01 - [1;33m🔍 Vérification des changements distants...[0m
2025-07-18 13:20:01 - [1;33m🔍 Vérification des changements distants...[0m
2025-07-18 13:25:01 - [1;33m🔍 Vérification des changements distants...[0m
2025-07-18 13:30:01 - [1;33m🔍 Vérification des changements distants...[0m
2025-07-18 13:35:01 - [1;33m🔍 Vérification des changements distants...[0m
2025-07-18 13:40:01 - [1;33m🔍 Vérification des changements distants...[0m
2025-07-18 13:45:01 - [1;33m🔍 Vérification des changements distants...[0m
2025-07-18 13:50:01 - [1;33m🔍 Vérification des changements distants...[0m
2025-07-18 13:55:01 - [1;33m🔍 Vérification des changements distants...[0m
2025-07-18 14:00:01 - [1;33m🔍 Vérification des changements distants...[0m
2025-07-18 14:05:01 - [1;33m🔍 Vérification des changements distants...[0m
2025-07-18 14:10:01 - [1;33m🔍 Vérification des changements distants...[0m
2025-07-18 14:15:01 - [1;33m🔍 Vérification des changements distants...[0m
2025-07-18 14:20:01 - [1;33m🔍 Vérification des changements distants...[0m
2025-07-18 14:25:01 - [1;33m🔍 Vérification des changements distants...[0m
2025-07-18 14:30:01 - [1;33m🔍 Vérification des changements distants...[0m
2025-07-18 14:35:01 - [1;33m🔍 Vérification des changements distants...[0m
2025-07-18 14:40:01 - [1;33m🔍 Vérification des changements distants...[0m
2025-07-18 14:45:01 - [1;33m🔍 Vérification des changements distants...[0m
2025-07-18 14:50:01 - [1;33m🔍 Vérification des changements distants...[0m
2025-07-18 14:55:01 - [1;33m🔍 Vérification des changements distants...[0m
2025-07-18 15:00:01 - [1;33m🔍 Vérification des changements distants...[0m
2025-07-18 15:05:01 - [1;33m🔍 Vérification des changements distants...[0m
2025-07-18 15:10:01 - [1;33m🔍 Vérification des changements distants...[0m
2025-07-18 15:15:01 - [1;33m🔍 Vérification des changements distants...[0m
2025-07-18 15:20:01 - [1;33m🔍 Vérification des changements distants...[0m
2025-07-18 15:25:01 - [1;33m🔍 Vérification des changements distants...[0m
2025-07-18 15:30:01 - [1;33m🔍 Vérification des changements distants...[0m
2025-07-18 15:35:01 - [1;33m🔍 Vérification des changements distants...[0m
2025-07-18 15:40:01 - [1;33m🔍 Vérification des changements distants...[0m
2025-07-18 15:45:01 - [1;33m🔍 Vérification des changements distants...[0m
2025-07-18 15:50:01 - [1;33m🔍 Vérification des changements distants...[0m
2025-07-18 15:55:01 - [1;33m🔍 Vérification des changements distants...[0m
2025-07-18 16:00:01 - [1;33m🔍 Vérification des changements distants...[0m
2025-07-18 16:05:01 - [1;33m🔍 Vérification des changements distants...[0m
2025-07-18 16:10:01 - [1;33m🔍 Vérification des changements distants...[0m
2025-07-18 16:15:01 - [1;33m🔍 Vérification des changements distants...[0m
2025-07-18 16:20:01 - [1;33m🔍 Vérification des changements distants...[0m
2025-07-18 16:25:01 - [1;33m🔍 Vérification des changements distants...[0m
2025-07-18 16:30:01 - [1;33m🔍 Vérification des changements distants...[0m
2025-07-18 16:35:01 - [1;33m🔍 Vérification des changements distants...[0m
2025-07-18 16:40:01 - [1;33m🔍 Vérification des changements distants...[0m
2025-07-18 16:45:01 - [1;33m🔍 Vérification des changements distants...[0m
2025-07-18 16:50:01 - [1;33m🔍 Vérification des changements distants...[0m
2025-07-18 16:55:01 - [1;33m🔍 Vérification des changements distants...[0m
2025-07-18 17:00:01 - [1;33m🔍 Vérification des changements distants...[0m
2025-07-18 17:05:01 - [1;33m🔍 Vérification des changements distants...[0m
2025-07-18 17:10:01 - [1;33m🔍 Vérification des changements distants...[0m
2025-07-18 17:15:01 - [1;33m🔍 Vérification des changements distants...[0m
2025-07-18 17:20:01 - [1;33m🔍 Vérification des changements distants...[0m
2025-07-18 17:25:01 - [1;33m🔍 Vérification des changements distants...[0m
2025-07-18 17:30:01 - [1;33m🔍 Vérification des changements distants...[0m
2025-07-18 17:35:01 - [1;33m🔍 Vérification des changements distants...[0m
2025-07-18 17:40:02 - [1;33m🔍 Vérification des changements distants...[0m
2025-07-18 17:45:01 - [1;33m🔍 Vérification des changements distants...[0m
2025-07-18 17:50:01 - [1;33m🔍 Vérification des changements distants...[0m
2025-07-18 17:55:01 - [1;33m🔍 Vérification des changements distants...[0m
2025-07-18 18:00:01 - [1;33m🔍 Vérification des changements distants...[0m
2025-07-18 18:05:01 - [1;33m🔍 Vérification des changements distants...[0m
2025-07-18 18:10:01 - [1;33m🔍 Vérification des changements distants...[0m
2025-07-18 18:15:01 - [1;33m🔍 Vérification des changements distants...[0m
2025-07-18 18:20:01 - [1;33m🔍 Vérification des changements distants...[0m
2025-07-18 18:25:01 - [1;33m🔍 Vérification des changements distants...[0m
2025-07-18 18:30:01 - [1;33m🔍 Vérification des changements distants...[0m
2025-07-18 18:35:01 - [1;33m🔍 Vérification des changements distants...[0m
2025-07-18 18:40:01 - [1;33m🔍 Vérification des changements distants...[0m
2025-07-18 18:45:01 - [1;33m🔍 Vérification des changements distants...[0m
2025-07-18 18:50:01 - [1;33m🔍 Vérification des changements distants...[0m
2025-07-18 18:55:01 - [1;33m🔍 Vérification des changements distants...[0m
2025-07-18 19:00:01 - [1;33m🔍 Vérification des changements distants...[0m
2025-07-18 19:05:01 - [1;33m🔍 Vérification des changements distants...[0m
2025-07-18 19:10:01 - [1;33m🔍 Vérification des changements distants...[0m
2025-07-18 19:15:01 - [1;33m🔍 Vérification des changements distants...[0m
2025-07-18 19:20:01 - [1;33m🔍 Vérification des changements distants...[0m
2025-07-18 19:25:01 - [1;33m🔍 Vérification des changements distants...[0m
2025-07-18 19:30:01 - [1;33m🔍 Vérification des changements distants...[0m
2025-07-18 19:35:01 - [1;33m🔍 Vérification des changements distants...[0m
2025-07-18 19:40:01 - [1;33m🔍 Vérification des changements distants...[0m
2025-07-18 19:45:01 - [1;33m🔍 Vérification des changements distants...[0m
2025-07-18 19:50:01 - [1;33m🔍 Vérification des changements distants...[0m
2025-07-18 19:55:01 - [1;33m🔍 Vérification des changements distants...[0m
2025-07-18 20:00:01 - [1;33m🔍 Vérification des changements distants...[0m
2025-07-18 20:05:01 - [1;33m🔍 Vérification des changements distants...[0m
2025-07-18 20:10:01 - [1;33m🔍 Vérification des changements distants...[0m
2025-07-18 20:15:01 - [1;33m🔍 Vérification des changements distants...[0m
2025-07-18 20:20:01 - [1;33m🔍 Vérification des changements distants...[0m
2025-07-18 20:25:01 - [1;33m🔍 Vérification des changements distants...[0m
2025-07-18 20:30:01 - [1;33m🔍 Vérification des changements distants...[0m
2025-07-18 20:35:01 - [1;33m🔍 Vérification des changements distants...[0m
2025-07-18 20:40:01 - [1;33m🔍 Vérification des changements distants...[0m
2025-07-18 20:45:01 - [1;33m🔍 Vérification des changements distants...[0m
2025-07-18 20:50:01 - [1;33m🔍 Vérification des changements distants...[0m
2025-07-18 20:55:01 - [1;33m🔍 Vérification des changements distants...[0m
2025-07-18 21:00:01 - [1;33m🔍 Vérification des changements distants...[0m
2025-07-18 21:05:01 - [1;33m🔍 Vérification des changements distants...[0m
2025-07-18 21:10:01 - [1;33m🔍 Vérification des changements distants...[0m
2025-07-18 21:15:02 - [1;33m🔍 Vérification des changements distants...[0m
2025-07-18 21:20:01 - [1;33m🔍 Vérification des changements distants...[0m
2025-07-18 21:25:01 - [1;33m🔍 Vérification des changements distants...[0m
2025-07-18 21:30:01 - [1;33m🔍 Vérification des changements distants...[0m
2025-07-18 21:35:01 - [1;33m🔍 Vérification des changements distants...[0m
2025-07-18 21:40:01 - [1;33m🔍 Vérification des changements distants...[0m
2025-07-18 21:45:01 - [1;33m🔍 Vérification des changements distants...[0m
2025-07-18 21:50:01 - [1;33m🔍 Vérification des changements distants...[0m
2025-07-18 21:55:01 - [1;33m🔍 Vérification des changements distants...[0m
2025-07-18 22:00:01 - [1;33m🔍 Vérification des changements distants...[0m
2025-07-18 22:05:01 - [1;33m🔍 Vérification des changements distants...[0m
2025-07-18 22:10:01 - [1;33m🔍 Vérification des changements distants...[0m
2025-07-18 22:15:01 - [1;33m🔍 Vérification des changements distants...[0m
2025-07-18 22:20:01 - [1;33m🔍 Vérification des changements distants...[0m
2025-07-18 22:25:01 - [1;33m🔍 Vérification des changements distants...[0m
2025-07-18 22:30:01 - [1;33m🔍 Vérification des changements distants...[0m
2025-07-18 22:35:01 - [1;33m🔍 Vérification des changements distants...[0m
2025-07-18 22:40:01 - [1;33m🔍 Vérification des changements distants...[0m
2025-07-18 22:45:01 - [1;33m🔍 Vérification des changements distants...[0m
2025-07-18 22:50:01 - [1;33m🔍 Vérification des changements distants...[0m
2025-07-18 22:55:01 - [1;33m🔍 Vérification des changements distants...[0m
2025-07-18 23:00:01 - [1;33m🔍 Vérification des changements distants...[0m
2025-07-18 23:05:01 - [1;33m🔍 Vérification des changements distants...[0m
2025-07-18 23:10:01 - [1;33m🔍 Vérification des changements distants...[0m
2025-07-18 23:15:01 - [1;33m🔍 Vérification des changements distants...[0m
2025-07-18 23:20:01 - [1;33m🔍 Vérification des changements distants...[0m
2025-07-18 23:25:01 - [1;33m🔍 Vérification des changements distants...[0m
2025-07-18 23:30:01 - [1;33m🔍 Vérification des changements distants...[0m
2025-07-18 23:35:01 - [1;33m🔍 Vérification des changements distants...[0m
2025-07-18 23:40:01 - [1;33m🔍 Vérification des changements distants...[0m
2025-07-18 23:45:01 - [1;33m🔍 Vérification des changements distants...[0m
2025-07-18 23:50:01 - [1;33m🔍 Vérification des changements distants...[0m
2025-07-18 23:55:01 - [1;33m🔍 Vérification des changements distants...[0m
2025-07-19 00:00:01 - [1;33m🔍 Vérification des changements distants...[0m
2025-07-19 00:05:01 - [1;33m🔍 Vérification des changements distants...[0m
2025-07-19 00:10:01 - [1;33m🔍 Vérification des changements distants...[0m
2025-07-19 00:15:01 - [1;33m🔍 Vérification des changements distants...[0m
2025-07-19 00:20:01 - [1;33m🔍 Vérification des changements distants...[0m
2025-07-19 00:25:01 - [1;33m🔍 Vérification des changements distants...[0m
2025-07-19 00:30:01 - [1;33m🔍 Vérification des changements distants...[0m
2025-07-19 00:35:01 - [1;33m🔍 Vérification des changements distants...[0m
2025-07-19 00:40:01 - [1;33m🔍 Vérification des changements distants...[0m
2025-07-19 00:45:01 - [1;33m🔍 Vérification des changements distants...[0m
2025-07-19 00:50:01 - [1;33m🔍 Vérification des changements distants...[0m
2025-07-19 00:55:01 - [1;33m🔍 Vérification des changements distants...[0m
2025-07-19 01:00:01 - [1;33m🔍 Vérification des changements distants...[0m
2025-07-19 01:05:01 - [1;33m🔍 Vérification des changements distants...[0m
2025-07-19 01:10:01 - [1;33m🔍 Vérification des changements distants...[0m
2025-07-19 01:15:01 - [1;33m🔍 Vérification des changements distants...[0m
2025-07-19 01:20:01 - [1;33m🔍 Vérification des changements distants...[0m
2025-07-19 01:25:01 - [1;33m🔍 Vérification des changements distants...[0m
2025-07-19 01:30:01 - [1;33m🔍 Vérification des changements distants...[0m
2025-07-19 01:35:01 - [1;33m🔍 Vérification des changements distants...[0m
2025-07-19 01:40:01 - [1;33m🔍 Vérification des changements distants...[0m
2025-07-19 01:45:01 - [1;33m🔍 Vérification des changements distants...[0m
2025-07-19 01:50:01 - [1;33m🔍 Vérification des changements distants...[0m
2025-07-19 01:55:01 - [1;33m🔍 Vérification des changements distants...[0m
2025-07-19 02:00:01 - [1;33m🔍 Vérification des changements distants...[0m
2025-07-19 02:05:01 - [1;33m🔍 Vérification des changements distants...[0m
2025-07-19 02:10:01 - [1;33m🔍 Vérification des changements distants...[0m
2025-07-19 02:15:01 - [1;33m🔍 Vérification des changements distants...[0m
2025-07-19 02:20:01 - [1;33m🔍 Vérification des changements distants...[0m
2025-07-19 02:25:01 - [1;33m🔍 Vérification des changements distants...[0m
2025-07-19 02:30:01 - [1;33m🔍 Vérification des changements distants...[0m
2025-07-19 02:35:01 - [1;33m🔍 Vérification des changements distants...[0m
2025-07-19 02:40:02 - [1;33m🔍 Vérification des changements distants...[0m
2025-07-19 02:45:01 - [1;33m🔍 Vérification des changements distants...[0m
2025-07-19 02:50:01 - [1;33m🔍 Vérification des changements distants...[0m
2025-07-19 02:55:01 - [1;33m🔍 Vérification des changements distants...[0m
2025-07-19 03:00:01 - [1;33m🔍 Vérification des changements distants...[0m
2025-07-19 03:05:01 - [1;33m🔍 Vérification des changements distants...[0m
2025-07-19 03:10:01 - [1;33m🔍 Vérification des changements distants...[0m
2025-07-19 03:15:01 - [1;33m🔍 Vérification des changements distants...[0m
2025-07-19 03:20:01 - [1;33m🔍 Vérification des changements distants...[0m
2025-07-19 03:25:01 - [1;33m🔍 Vérification des changements distants...[0m
2025-07-19 03:30:01 - [1;33m🔍 Vérification des changements distants...[0m
2025-07-19 03:35:01 - [1;33m🔍 Vérification des changements distants...[0m
2025-07-19 03:40:01 - [1;33m🔍 Vérification des changements distants...[0m
2025-07-19 03:45:01 - [1;33m🔍 Vérification des changements distants...[0m
2025-07-19 03:50:01 - [1;33m🔍 Vérification des changements distants...[0m
2025-07-19 03:55:01 - [1;33m🔍 Vérification des changements distants...[0m
2025-07-19 04:00:01 - [1;33m🔍 Vérification des changements distants...[0m
2025-07-19 04:05:01 - [1;33m🔍 Vérification des changements distants...[0m
2025-07-19 04:10:01 - [1;33m🔍 Vérification des changements distants...[0m
2025-07-19 04:15:01 - [1;33m🔍 Vérification des changements distants...[0m
2025-07-19 04:20:01 - [1;33m🔍 Vérification des changements distants...[0m
2025-07-19 04:25:01 - [1;33m🔍 Vérification des changements distants...[0m
2025-07-19 04:30:01 - [1;33m🔍 Vérification des changements distants...[0m
2025-07-19 04:35:01 - [1;33m🔍 Vérification des changements distants...[0m
2025-07-19 04:40:01 - [1;33m🔍 Vérification des changements distants...[0m
2025-07-19 04:45:01 - [1;33m🔍 Vérification des changements distants...[0m
2025-07-19 04:50:01 - [1;33m🔍 Vérification des changements distants...[0m
2025-07-19 04:55:01 - [1;33m🔍 Vérification des changements distants...[0m
2025-07-19 05:00:01 - [1;33m🔍 Vérification des changements distants...[0m
2025-07-19 05:05:01 - [1;33m🔍 Vérification des changements distants...[0m
2025-07-19 05:10:01 - [1;33m🔍 Vérification des changements distants...[0m
2025-07-19 05:15:01 - [1;33m🔍 Vérification des changements distants...[0m
2025-07-19 05:20:01 - [1;33m🔍 Vérification des changements distants...[0m
2025-07-19 05:25:01 - [1;33m🔍 Vérification des changements distants...[0m
2025-07-19 05:30:01 - [1;33m🔍 Vérification des changements distants...[0m
2025-07-19 05:35:01 - [1;33m🔍 Vérification des changements distants...[0m
2025-07-19 05:40:01 - [1;33m🔍 Vérification des changements distants...[0m
2025-07-19 05:45:01 - [1;33m🔍 Vérification des changements distants...[0m
2025-07-19 05:50:01 - [1;33m🔍 Vérification des changements distants...[0m
2025-07-19 05:55:01 - [1;33m🔍 Vérification des changements distants...[0m
2025-07-19 06:00:01 - [1;33m🔍 Vérification des changements distants...[0m
2025-07-19 06:05:01 - [1;33m🔍 Vérification des changements distants...[0m
2025-07-19 06:10:01 - [1;33m🔍 Vérification des changements distants...[0m
2025-07-19 06:15:01 - [1;33m🔍 Vérification des changements distants...[0m
2025-07-19 06:20:01 - [1;33m🔍 Vérification des changements distants...[0m
2025-07-19 06:25:01 - [1;33m🔍 Vérification des changements distants...[0m
2025-07-19 06:30:01 - [1;33m🔍 Vérification des changements distants...[0m
2025-07-19 06:35:01 - [1;33m🔍 Vérification des changements distants...[0m
2025-07-19 06:40:01 - [1;33m🔍 Vérification des changements distants...[0m
2025-07-19 06:45:01 - [1;33m🔍 Vérification des changements distants...[0m
2025-07-19 06:50:01 - [1;33m🔍 Vérification des changements distants...[0m
2025-07-19 06:55:02 - [1;33m🔍 Vérification des changements distants...[0m
2025-07-19 07:00:01 - [1;33m🔍 Vérification des changements distants...[0m
2025-07-19 07:05:01 - [1;33m🔍 Vérification des changements distants...[0m
2025-07-19 07:10:01 - [1;33m🔍 Vérification des changements distants...[0m
2025-07-19 07:15:01 - [1;33m🔍 Vérification des changements distants...[0m
2025-07-19 07:20:01 - [1;33m🔍 Vérification des changements distants...[0m
2025-07-19 07:25:01 - [1;33m🔍 Vérification des changements distants...[0m
2025-07-19 07:30:01 - [1;33m🔍 Vérification des changements distants...[0m
2025-07-19 07:35:01 - [1;33m🔍 Vérification des changements distants...[0m
2025-07-19 07:40:01 - [1;33m🔍 Vérification des changements distants...[0m
2025-07-19 07:45:01 - [1;33m🔍 Vérification des changements distants...[0m
2025-07-19 07:50:01 - [1;33m🔍 Vérification des changements distants...[0m
2025-07-19 07:55:01 - [1;33m🔍 Vérification des changements distants...[0m
2025-07-19 08:00:01 - [1;33m🔍 Vérification des changements distants...[0m
2025-07-19 08:05:01 - [1;33m🔍 Vérification des changements distants...[0m
2025-07-19 08:10:01 - [1;33m🔍 Vérification des changements distants...[0m
2025-07-19 08:15:01 - [1;33m🔍 Vérification des changements distants...[0m
2025-07-19 08:20:01 - [1;33m🔍 Vérification des changements distants...[0m
2025-07-19 08:25:01 - [1;33m🔍 Vérification des changements distants...[0m
2025-07-19 08:30:01 - [1;33m🔍 Vérification des changements distants...[0m
2025-07-19 08:35:01 - [1;33m🔍 Vérification des changements distants...[0m
2025-07-19 08:40:01 - [1;33m🔍 Vérification des changements distants...[0m
2025-07-19 08:45:01 - [1;33m🔍 Vérification des changements distants...[0m
2025-07-19 08:50:01 - [1;33m🔍 Vérification des changements distants...[0m
2025-07-19 08:55:01 - [1;33m🔍 Vérification des changements distants...[0m
2025-07-19 09:00:01 - [1;33m🔍 Vérification des changements distants...[0m
2025-07-19 09:05:01 - [1;33m🔍 Vérification des changements distants...[0m
2025-07-19 09:10:01 - [1;33m🔍 Vérification des changements distants...[0m
2025-07-19 09:15:01 - [1;33m🔍 Vérification des changements distants...[0m
2025-07-19 09:20:01 - [1;33m🔍 Vérification des changements distants...[0m
2025-07-19 09:25:01 - [1;33m🔍 Vérification des changements distants...[0m
2025-07-19 09:30:01 - [1;33m🔍 Vérification des changements distants...[0m
2025-07-19 09:35:01 - [1;33m🔍 Vérification des changements distants...[0m
2025-07-19 09:40:01 - [1;33m🔍 Vérification des changements distants...[0m
2025-07-19 09:45:01 - [1;33m🔍 Vérification des changements distants...[0m
2025-07-19 09:50:01 - [1;33m🔍 Vérification des changements distants...[0m
2025-07-19 09:55:01 - [1;33m🔍 Vérification des changements distants...[0m
2025-07-19 10:00:01 - [1;33m🔍 Vérification des changements distants...[0m
2025-07-19 10:05:01 - [1;33m🔍 Vérification des changements distants...[0m
2025-07-19 10:10:01 - [1;33m🔍 Vérification des changements distants...[0m
2025-07-19 10:15:01 - [1;33m🔍 Vérification des changements distants...[0m
2025-07-19 10:20:01 - [1;33m🔍 Vérification des changements distants...[0m
2025-07-19 10:25:01 - [1;33m🔍 Vérification des changements distants...[0m
2025-07-19 10:30:01 - [1;33m🔍 Vérification des changements distants...[0m
2025-07-19 10:35:01 - [1;33m🔍 Vérification des changements distants...[0m
2025-07-19 10:40:01 - [1;33m🔍 Vérification des changements distants...[0m
2025-07-19 10:45:01 - [1;33m🔍 Vérification des changements distants...[0m
2025-07-19 10:50:01 - [1;33m🔍 Vérification des changements distants...[0m
2025-07-19 10:55:01 - [1;33m🔍 Vérification des changements distants...[0m
2025-07-19 11:00:01 - [1;33m🔍 Vérification des changements distants...[0m
2025-07-19 11:05:01 - [1;33m🔍 Vérification des changements distants...[0m
2025-07-19 11:10:01 - [1;33m🔍 Vérification des changements distants...[0m
2025-07-19 11:15:01 - [1;33m🔍 Vérification des changements distants...[0m
2025-07-19 11:20:01 - [1;33m🔍 Vérification des changements distants...[0m
2025-07-19 11:25:01 - [1;33m🔍 Vérification des changements distants...[0m
2025-07-19 11:30:01 - [1;33m🔍 Vérification des changements distants...[0m
2025-07-19 11:35:01 - [1;33m🔍 Vérification des changements distants...[0m
2025-07-19 11:40:01 - [1;33m🔍 Vérification des changements distants...[0m
2025-07-19 11:45:01 - [1;33m🔍 Vérification des changements distants...[0m
2025-07-19 11:50:01 - [1;33m🔍 Vérification des changements distants...[0m
2025-07-19 11:55:01 - [1;33m🔍 Vérification des changements distants...[0m
2025-07-19 12:00:01 - [1;33m🔍 Vérification des changements distants...[0m
2025-07-19 12:05:01 - [1;33m🔍 Vérification des changements distants...[0m
2025-07-19 12:10:01 - [1;33m🔍 Vérification des changements distants...[0m
2025-07-19 12:15:01 - [1;33m🔍 Vérification des changements distants...[0m
2025-07-19 12:20:01 - [1;33m🔍 Vérification des changements distants...[0m
2025-07-19 12:25:01 - [1;33m🔍 Vérification des changements distants...[0m
2025-07-19 12:30:01 - [1;33m🔍 Vérification des changements distants...[0m
2025-07-19 12:35:01 - [1;33m🔍 Vérification des changements distants...[0m
2025-07-19 12:40:01 - [1;33m🔍 Vérification des changements distants...[0m
2025-07-19 12:45:01 - [1;33m🔍 Vérification des changements distants...[0m
2025-07-19 12:50:01 - [1;33m🔍 Vérification des changements distants...[0m
2025-07-19 12:55:01 - [1;33m🔍 Vérification des changements distants...[0m
2025-07-19 13:00:01 - [1;33m🔍 Vérification des changements distants...[0m
2025-07-19 13:05:01 - [1;33m🔍 Vérification des changements distants...[0m
2025-07-19 13:10:01 - [1;33m🔍 Vérification des changements distants...[0m
2025-07-19 13:15:01 - [1;33m🔍 Vérification des changements distants...[0m
2025-07-19 13:20:01 - [1;33m🔍 Vérification des changements distants...[0m
2025-07-19 13:25:01 - [1;33m🔍 Vérification des changements distants...[0m
2025-07-19 13:30:01 - [1;33m🔍 Vérification des changements distants...[0m
2025-07-19 13:35:01 - [1;33m🔍 Vérification des changements distants...[0m
2025-07-19 13:40:02 - [1;33m🔍 Vérification des changements distants...[0m
2025-07-19 13:45:01 - [1;33m🔍 Vérification des changements distants...[0m
2025-07-19 13:50:01 - [1;33m🔍 Vérification des changements distants...[0m
2025-07-19 13:55:01 - [1;33m🔍 Vérification des changements distants...[0m
2025-07-19 14:00:01 - [1;33m🔍 Vérification des changements distants...[0m
2025-07-19 14:05:01 - [1;33m🔍 Vérification des changements distants...[0m
2025-07-19 14:10:01 - [1;33m🔍 Vérification des changements distants...[0m
2025-07-19 14:15:01 - [1;33m🔍 Vérification des changements distants...[0m
2025-07-19 14:20:01 - [1;33m🔍 Vérification des changements distants...[0m
2025-07-19 14:25:01 - [1;33m🔍 Vérification des changements distants...[0m
2025-07-19 14:30:01 - [1;33m🔍 Vérification des changements distants...[0m
2025-07-19 14:35:01 - [1;33m🔍 Vérification des changements distants...[0m
2025-07-19 14:40:01 - [1;33m🔍 Vérification des changements distants...[0m
2025-07-19 14:45:01 - [1;33m🔍 Vérification des changements distants...[0m
2025-07-19 14:50:01 - [1;33m🔍 Vérification des changements distants...[0m
2025-07-19 14:55:01 - [1;33m🔍 Vérification des changements distants...[0m
2025-07-19 15:00:01 - [1;33m🔍 Vérification des changements distants...[0m
2025-07-19 15:05:01 - [1;33m🔍 Vérification des changements distants...[0m
2025-07-19 15:10:01 - [1;33m🔍 Vérification des changements distants...[0m
2025-07-19 15:15:01 - [1;33m🔍 Vérification des changements distants...[0m
2025-07-19 15:20:01 - [1;33m🔍 Vérification des changements distants...[0m
2025-07-19 15:25:01 - [1;33m🔍 Vérification des changements distants...[0m
2025-07-19 15:30:01 - [1;33m🔍 Vérification des changements distants...[0m
2025-07-19 15:35:01 - [1;33m🔍 Vérification des changements distants...[0m
2025-07-19 15:40:01 - [1;33m🔍 Vérification des changements distants...[0m
2025-07-19 15:45:02 - [1;33m🔍 Vérification des changements distants...[0m
2025-07-19 15:50:01 - [1;33m🔍 Vérification des changements distants...[0m
2025-07-19 15:55:01 - [1;33m🔍 Vérification des changements distants...[0m
2025-07-19 16:00:01 - [1;33m🔍 Vérification des changements distants...[0m
2025-07-19 16:05:01 - [1;33m🔍 Vérification des changements distants...[0m
2025-07-19 16:10:01 - [1;33m🔍 Vérification des changements distants...[0m
2025-07-19 16:15:01 - [1;33m🔍 Vérification des changements distants...[0m
2025-07-19 16:20:01 - [1;33m🔍 Vérification des changements distants...[0m
2025-07-19 16:25:01 - [1;33m🔍 Vérification des changements distants...[0m
2025-07-19 16:30:01 - [1;33m🔍 Vérification des changements distants...[0m
2025-07-19 16:35:01 - [1;33m🔍 Vérification des changements distants...[0m
2025-07-19 16:40:02 - [1;33m🔍 Vérification des changements distants...[0m
2025-07-19 16:45:01 - [1;33m🔍 Vérification des changements distants...[0m
2025-07-19 16:50:01 - [1;33m🔍 Vérification des changements distants...[0m
2025-07-19 16:55:01 - [1;33m🔍 Vérification des changements distants...[0m
2025-07-19 17:00:01 - [1;33m🔍 Vérification des changements distants...[0m
2025-07-19 17:05:01 - [1;33m🔍 Vérification des changements distants...[0m
2025-07-19 17:10:01 - [1;33m🔍 Vérification des changements distants...[0m
2025-07-19 17:15:01 - [1;33m🔍 Vérification des changements distants...[0m
2025-07-19 17:20:01 - [1;33m🔍 Vérification des changements distants...[0m
2025-07-19 17:25:01 - [1;33m🔍 Vérification des changements distants...[0m
2025-07-19 17:30:01 - [1;33m🔍 Vérification des changements distants...[0m
2025-07-19 17:35:01 - [1;33m🔍 Vérification des changements distants...[0m
2025-07-19 17:40:01 - [1;33m🔍 Vérification des changements distants...[0m
2025-07-19 17:45:01 - [1;33m🔍 Vérification des changements distants...[0m
2025-07-19 17:50:01 - [1;33m🔍 Vérification des changements distants...[0m
2025-07-19 17:55:01 - [1;33m🔍 Vérification des changements distants...[0m
2025-07-19 18:00:01 - [1;33m🔍 Vérification des changements distants...[0m
2025-07-19 18:05:01 - [1;33m🔍 Vérification des changements distants...[0m
2025-07-19 18:10:01 - [1;33m🔍 Vérification des changements distants...[0m
2025-07-19 18:15:01 - [1;33m🔍 Vérification des changements distants...[0m
2025-07-19 18:20:01 - [1;33m🔍 Vérification des changements distants...[0m
2025-07-19 18:25:01 - [1;33m🔍 Vérification des changements distants...[0m
2025-07-19 18:30:01 - [1;33m🔍 Vérification des changements distants...[0m
2025-07-19 18:35:01 - [1;33m🔍 Vérification des changements distants...[0m
2025-07-19 18:40:01 - [1;33m🔍 Vérification des changements distants...[0m
2025-07-19 18:45:02 - [1;33m🔍 Vérification des changements distants...[0m
2025-07-19 18:50:01 - [1;33m🔍 Vérification des changements distants...[0m
2025-07-19 18:55:01 - [1;33m🔍 Vérification des changements distants...[0m
2025-07-19 19:00:01 - [1;33m🔍 Vérification des changements distants...[0m
2025-07-19 19:05:01 - [1;33m🔍 Vérification des changements distants...[0m
2025-07-19 19:10:01 - [1;33m🔍 Vérification des changements distants...[0m
2025-07-19 19:15:01 - [1;33m🔍 Vérification des changements distants...[0m
2025-07-19 19:20:01 - [1;33m🔍 Vérification des changements distants...[0m
2025-07-19 19:25:01 - [1;33m🔍 Vérification des changements distants...[0m
2025-07-19 19:30:01 - [1;33m🔍 Vérification des changements distants...[0m
2025-07-19 19:35:01 - [1;33m🔍 Vérification des changements distants...[0m
2025-07-19 19:40:01 - [1;33m🔍 Vérification des changements distants...[0m
2025-07-19 19:45:01 - [1;33m🔍 Vérification des changements distants...[0m
2025-07-19 19:50:01 - [1;33m🔍 Vérification des changements distants...[0m
2025-07-19 19:55:01 - [1;33m🔍 Vérification des changements distants...[0m
2025-07-19 20:00:01 - [1;33m🔍 Vérification des changements distants...[0m
2025-07-19 20:05:01 - [1;33m🔍 Vérification des changements distants...[0m
2025-07-19 20:10:01 - [1;33m🔍 Vérification des changements distants...[0m
2025-07-19 20:15:01 - [1;33m🔍 Vérification des changements distants...[0m
2025-07-19 20:20:01 - [1;33m🔍 Vérification des changements distants...[0m
2025-07-19 20:25:01 - [1;33m🔍 Vérification des changements distants...[0m
2025-07-19 20:30:01 - [1;33m🔍 Vérification des changements distants...[0m
2025-07-19 20:35:01 - [1;33m🔍 Vérification des changements distants...[0m
2025-07-19 20:40:01 - [1;33m🔍 Vérification des changements distants...[0m
2025-07-19 20:45:01 - [1;33m🔍 Vérification des changements distants...[0m
2025-07-19 20:50:01 - [1;33m🔍 Vérification des changements distants...[0m
2025-07-19 20:55:01 - [1;33m🔍 Vérification des changements distants...[0m
2025-07-19 21:00:01 - [1;33m🔍 Vérification des changements distants...[0m
2025-07-19 21:05:01 - [1;33m🔍 Vérification des changements distants...[0m
2025-07-19 21:10:01 - [1;33m🔍 Vérification des changements distants...[0m
2025-07-19 21:15:01 - [1;33m🔍 Vérification des changements distants...[0m
2025-07-19 21:20:01 - [1;33m🔍 Vérification des changements distants...[0m
2025-07-19 21:25:01 - [1;33m🔍 Vérification des changements distants...[0m
2025-07-19 21:30:01 - [1;33m🔍 Vérification des changements distants...[0m
2025-07-19 21:35:01 - [1;33m🔍 Vérification des changements distants...[0m
2025-07-19 21:40:01 - [1;33m🔍 Vérification des changements distants...[0m
2025-07-19 21:45:01 - [1;33m🔍 Vérification des changements distants...[0m
2025-07-19 21:50:01 - [1;33m🔍 Vérification des changements distants...[0m
2025-07-19 21:55:01 - [1;33m🔍 Vérification des changements distants...[0m
2025-07-19 22:00:01 - [1;33m🔍 Vérification des changements distants...[0m
2025-07-19 22:05:01 - [1;33m🔍 Vérification des changements distants...[0m
2025-07-19 22:10:01 - [1;33m🔍 Vérification des changements distants...[0m
2025-07-19 22:15:01 - [1;33m🔍 Vérification des changements distants...[0m
2025-07-19 22:20:01 - [1;33m🔍 Vérification des changements distants...[0m
2025-07-19 22:25:01 - [1;33m🔍 Vérification des changements distants...[0m
2025-07-19 22:30:01 - [1;33m🔍 Vérification des changements distants...[0m
2025-07-19 22:35:01 - [1;33m🔍 Vérification des changements distants...[0m
2025-07-19 22:40:01 - [1;33m🔍 Vérification des changements distants...[0m
2025-07-19 22:45:01 - [1;33m🔍 Vérification des changements distants...[0m
2025-07-19 22:50:01 - [1;33m🔍 Vérification des changements distants...[0m
2025-07-19 22:55:01 - [1;33m🔍 Vérification des changements distants...[0m
2025-07-19 23:00:01 - [1;33m🔍 Vérification des changements distants...[0m
2025-07-19 23:05:01 - [1;33m🔍 Vérification des changements distants...[0m
2025-07-19 23:10:01 - [1;33m🔍 Vérification des changements distants...[0m
2025-07-19 23:15:01 - [1;33m🔍 Vérification des changements distants...[0m
2025-07-19 23:20:01 - [1;33m🔍 Vérification des changements distants...[0m
2025-07-19 23:25:01 - [1;33m🔍 Vérification des changements distants...[0m
2025-07-19 23:30:01 - [1;33m🔍 Vérification des changements distants...[0m
2025-07-19 23:35:01 - [1;33m🔍 Vérification des changements distants...[0m
2025-07-19 23:40:01 - [1;33m🔍 Vérification des changements distants...[0m
2025-07-19 23:45:01 - [1;33m🔍 Vérification des changements distants...[0m
2025-07-19 23:50:01 - [1;33m🔍 Vérification des changements distants...[0m
2025-07-19 23:55:01 - [1;33m🔍 Vérification des changements distants...[0m
2025-07-20 00:00:01 - [1;33m🔍 Vérification des changements distants...[0m
2025-07-20 00:05:01 - [1;33m🔍 Vérification des changements distants...[0m
2025-07-20 00:10:01 - [1;33m🔍 Vérification des changements distants...[0m
2025-07-20 00:15:01 - [1;33m🔍 Vérification des changements distants...[0m
2025-07-20 00:20:01 - [1;33m🔍 Vérification des changements distants...[0m
2025-07-20 00:25:01 - [1;33m🔍 Vérification des changements distants...[0m
2025-07-20 00:30:01 - [1;33m🔍 Vérification des changements distants...[0m
2025-07-20 00:35:01 - [1;33m🔍 Vérification des changements distants...[0m
2025-07-20 00:40:01 - [1;33m🔍 Vérification des changements distants...[0m
2025-07-20 00:45:01 - [1;33m🔍 Vérification des changements distants...[0m
2025-07-20 00:50:01 - [1;33m🔍 Vérification des changements distants...[0m
2025-07-20 00:55:01 - [1;33m🔍 Vérification des changements distants...[0m
2025-07-20 01:00:01 - [1;33m🔍 Vérification des changements distants...[0m
2025-07-20 01:05:01 - [1;33m🔍 Vérification des changements distants...[0m
2025-07-20 01:10:01 - [1;33m🔍 Vérification des changements distants...[0m
2025-07-20 01:15:01 - [1;33m🔍 Vérification des changements distants...[0m
2025-07-20 01:20:01 - [1;33m🔍 Vérification des changements distants...[0m
2025-07-20 01:25:01 - [1;33m🔍 Vérification des changements distants...[0m
2025-07-20 01:30:01 - [1;33m🔍 Vérification des changements distants...[0m
2025-07-20 01:35:01 - [1;33m🔍 Vérification des changements distants...[0m
2025-07-20 01:40:01 - [1;33m🔍 Vérification des changements distants...[0m
2025-07-20 01:45:01 - [1;33m🔍 Vérification des changements distants...[0m
2025-07-20 01:50:01 - [1;33m🔍 Vérification des changements distants...[0m
2025-07-20 01:55:01 - [1;33m🔍 Vérification des changements distants...[0m
2025-07-20 02:00:01 - [1;33m🔍 Vérification des changements distants...[0m
2025-07-20 02:05:01 - [1;33m🔍 Vérification des changements distants...[0m
2025-07-20 02:10:01 - [1;33m🔍 Vérification des changements distants...[0m
2025-07-20 02:15:01 - [1;33m🔍 Vérification des changements distants...[0m
2025-07-20 02:20:01 - [1;33m🔍 Vérification des changements distants...[0m
2025-07-20 02:25:01 - [1;33m🔍 Vérification des changements distants...[0m
2025-07-20 02:30:01 - [1;33m🔍 Vérification des changements distants...[0m
2025-07-20 02:35:01 - [1;33m🔍 Vérification des changements distants...[0m
2025-07-20 02:40:01 - [1;33m🔍 Vérification des changements distants...[0m
2025-07-20 02:45:01 - [1;33m🔍 Vérification des changements distants...[0m
2025-07-20 02:50:01 - [1;33m🔍 Vérification des changements distants...[0m
2025-07-20 02:55:01 - [1;33m🔍 Vérification des changements distants...[0m
2025-07-20 03:00:01 - [1;33m🔍 Vérification des changements distants...[0m
2025-07-20 03:05:01 - [1;33m🔍 Vérification des changements distants...[0m
2025-07-20 03:10:01 - [1;33m🔍 Vérification des changements distants...[0m
2025-07-20 03:15:01 - [1;33m🔍 Vérification des changements distants...[0m
2025-07-20 03:20:01 - [1;33m🔍 Vérification des changements distants...[0m
2025-07-20 03:25:01 - [1;33m🔍 Vérification des changements distants...[0m
2025-07-20 03:30:01 - [1;33m🔍 Vérification des changements distants...[0m
2025-07-20 03:35:01 - [1;33m🔍 Vérification des changements distants...[0m
2025-07-20 03:40:01 - [1;33m🔍 Vérification des changements distants...[0m
2025-07-20 03:45:01 - [1;33m🔍 Vérification des changements distants...[0m
2025-07-20 03:50:01 - [1;33m🔍 Vérification des changements distants...[0m
2025-07-20 03:55:01 - [1;33m🔍 Vérification des changements distants...[0m
2025-07-20 04:00:01 - [1;33m🔍 Vérification des changements distants...[0m
2025-07-20 04:05:01 - [1;33m🔍 Vérification des changements distants...[0m
2025-07-20 04:10:01 - [1;33m🔍 Vérification des changements distants...[0m
2025-07-20 04:15:01 - [1;33m🔍 Vérification des changements distants...[0m
2025-07-20 04:20:01 - [1;33m🔍 Vérification des changements distants...[0m
2025-07-20 04:25:01 - [1;33m🔍 Vérification des changements distants...[0m
2025-07-20 04:30:01 - [1;33m🔍 Vérification des changements distants...[0m
2025-07-20 04:35:01 - [1;33m🔍 Vérification des changements distants...[0m
2025-07-20 04:40:01 - [1;33m🔍 Vérification des changements distants...[0m
2025-07-20 04:45:01 - [1;33m🔍 Vérification des changements distants...[0m
2025-07-20 04:50:01 - [1;33m🔍 Vérification des changements distants...[0m
2025-07-20 04:55:01 - [1;33m🔍 Vérification des changements distants...[0m
2025-07-20 05:00:01 - [1;33m🔍 Vérification des changements distants...[0m
2025-07-20 05:05:01 - [1;33m🔍 Vérification des changements distants...[0m
2025-07-20 05:10:01 - [1;33m🔍 Vérification des changements distants...[0m
2025-07-20 05:15:01 - [1;33m🔍 Vérification des changements distants...[0m
2025-07-20 05:20:01 - [1;33m🔍 Vérification des changements distants...[0m
2025-07-20 05:25:01 - [1;33m🔍 Vérification des changements distants...[0m
2025-07-20 05:30:01 - [1;33m🔍 Vérification des changements distants...[0m
2025-07-20 05:35:01 - [1;33m🔍 Vérification des changements distants...[0m
2025-07-20 05:40:01 - [1;33m🔍 Vérification des changements distants...[0m
2025-07-20 05:45:01 - [1;33m🔍 Vérification des changements distants...[0m
2025-07-20 05:50:01 - [1;33m🔍 Vérification des changements distants...[0m
2025-07-20 05:55:01 - [1;33m🔍 Vérification des changements distants...[0m
2025-07-20 06:00:01 - [1;33m🔍 Vérification des changements distants...[0m
2025-07-20 06:05:01 - [1;33m🔍 Vérification des changements distants...[0m
2025-07-20 06:10:01 - [1;33m🔍 Vérification des changements distants...[0m
2025-07-20 06:15:01 - [1;33m🔍 Vérification des changements distants...[0m
2025-07-20 06:20:01 - [1;33m🔍 Vérification des changements distants...[0m
2025-07-20 06:25:01 - [1;33m🔍 Vérification des changements distants...[0m
2025-07-20 06:30:01 - [1;33m🔍 Vérification des changements distants...[0m
2025-07-20 06:35:01 - [1;33m🔍 Vérification des changements distants...[0m
2025-07-20 06:40:01 - [1;33m🔍 Vérification des changements distants...[0m
2025-07-20 06:45:01 - [1;33m🔍 Vérification des changements distants...[0m
2025-07-20 06:50:01 - [1;33m🔍 Vérification des changements distants...[0m
2025-07-20 06:55:01 - [1;33m🔍 Vérification des changements distants...[0m
2025-07-20 07:00:01 - [1;33m🔍 Vérification des changements distants...[0m
2025-07-20 07:05:01 - [1;33m🔍 Vérification des changements distants...[0m
2025-07-20 07:10:01 - [1;33m🔍 Vérification des changements distants...[0m
2025-07-20 07:15:01 - [1;33m🔍 Vérification des changements distants...[0m
2025-07-20 07:20:01 - [1;33m🔍 Vérification des changements distants...[0m
2025-07-20 07:25:01 - [1;33m🔍 Vérification des changements distants...[0m
2025-07-20 07:30:01 - [1;33m🔍 Vérification des changements distants...[0m
2025-07-20 07:35:01 - [1;33m🔍 Vérification des changements distants...[0m
2025-07-20 07:40:01 - [1;33m🔍 Vérification des changements distants...[0m
2025-07-20 07:45:01 - [1;33m🔍 Vérification des changements distants...[0m
2025-07-20 07:50:01 - [1;33m🔍 Vérification des changements distants...[0m
2025-07-20 07:55:01 - [1;33m🔍 Vérification des changements distants...[0m
2025-07-20 08:00:01 - [1;33m🔍 Vérification des changements distants...[0m
2025-07-20 08:05:01 - [1;33m🔍 Vérification des changements distants...[0m
2025-07-20 08:10:01 - [1;33m🔍 Vérification des changements distants...[0m
2025-07-20 08:15:01 - [1;33m🔍 Vérification des changements distants...[0m
2025-07-20 08:20:01 - [1;33m🔍 Vérification des changements distants...[0m
2025-07-20 08:25:01 - [1;33m🔍 Vérification des changements distants...[0m
2025-07-20 08:30:01 - [1;33m🔍 Vérification des changements distants...[0m
2025-07-20 08:35:01 - [1;33m🔍 Vérification des changements distants...[0m
2025-07-20 08:40:01 - [1;33m🔍 Vérification des changements distants...[0m
2025-07-20 08:45:01 - [1;33m🔍 Vérification des changements distants...[0m
2025-07-20 08:50:01 - [1;33m🔍 Vérification des changements distants...[0m
2025-07-20 08:55:01 - [1;33m🔍 Vérification des changements distants...[0m
2025-07-20 09:00:01 - [1;33m🔍 Vérification des changements distants...[0m
2025-07-20 09:05:01 - [1;33m🔍 Vérification des changements distants...[0m
2025-07-20 09:10:01 - [1;33m🔍 Vérification des changements distants...[0m
2025-07-20 09:15:01 - [1;33m🔍 Vérification des changements distants...[0m
2025-07-20 09:20:01 - [1;33m🔍 Vérification des changements distants...[0m
2025-07-20 09:25:01 - [1;33m🔍 Vérification des changements distants...[0m
2025-07-20 09:30:01 - [1;33m🔍 Vérification des changements distants...[0m
2025-07-20 09:35:01 - [1;33m🔍 Vérification des changements distants...[0m
2025-07-20 09:40:01 - [1;33m🔍 Vérification des changements distants...[0m
2025-07-20 09:45:01 - [1;33m🔍 Vérification des changements distants...[0m
2025-07-20 09:50:01 - [1;33m🔍 Vérification des changements distants...[0m
2025-07-20 09:55:01 - [1;33m🔍 Vérification des changements distants...[0m
2025-07-20 10:00:01 - [1;33m🔍 Vérification des changements distants...[0m
2025-07-20 10:05:01 - [1;33m🔍 Vérification des changements distants...[0m
2025-07-20 10:10:01 - [1;33m🔍 Vérification des changements distants...[0m
2025-07-20 10:15:01 - [1;33m🔍 Vérification des changements distants...[0m
2025-07-20 10:20:01 - [1;33m🔍 Vérification des changements distants...[0m
2025-07-20 10:25:01 - [1;33m🔍 Vérification des changements distants...[0m
2025-07-20 10:30:01 - [1;33m🔍 Vérification des changements distants...[0m
2025-07-20 10:35:01 - [1;33m🔍 Vérification des changements distants...[0m
2025-07-20 10:40:01 - [1;33m🔍 Vérification des changements distants...[0m
2025-07-20 10:45:01 - [1;33m🔍 Vérification des changements distants...[0m
2025-07-20 10:50:01 - [1;33m🔍 Vérification des changements distants...[0m
2025-07-20 10:55:01 - [1;33m🔍 Vérification des changements distants...[0m
2025-07-20 11:00:01 - [1;33m🔍 Vérification des changements distants...[0m
2025-07-20 11:05:01 - [1;33m🔍 Vérification des changements distants...[0m
2025-07-20 11:10:01 - [1;33m🔍 Vérification des changements distants...[0m
2025-07-20 11:15:01 - [1;33m🔍 Vérification des changements distants...[0m
2025-07-20 11:20:01 - [1;33m🔍 Vérification des changements distants...[0m
2025-07-20 11:25:01 - [1;33m🔍 Vérification des changements distants...[0m
2025-07-20 11:30:01 - [1;33m🔍 Vérification des changements distants...[0m
2025-07-20 11:35:01 - [1;33m🔍 Vérification des changements distants...[0m
2025-07-20 11:40:01 - [1;33m🔍 Vérification des changements distants...[0m
2025-07-20 11:45:01 - [1;33m🔍 Vérification des changements distants...[0m
2025-07-20 11:50:01 - [1;33m🔍 Vérification des changements distants...[0m
2025-07-20 11:55:01 - [1;33m🔍 Vérification des changements distants...[0m
2025-07-20 12:00:01 - [1;33m🔍 Vérification des changements distants...[0m
2025-07-20 12:05:01 - [1;33m🔍 Vérification des changements distants...[0m
2025-07-20 12:10:01 - [1;33m🔍 Vérification des changements distants...[0m
2025-07-20 12:15:01 - [1;33m🔍 Vérification des changements distants...[0m
2025-07-20 12:20:01 - [1;33m🔍 Vérification des changements distants...[0m
2025-07-20 12:25:01 - [1;33m🔍 Vérification des changements distants...[0m
2025-07-20 12:30:01 - [1;33m🔍 Vérification des changements distants...[0m
2025-07-20 12:35:02 - [1;33m🔍 Vérification des changements distants...[0m
2025-07-20 12:40:01 - [1;33m🔍 Vérification des changements distants...[0m
2025-07-20 12:45:01 - [1;33m🔍 Vérification des changements distants...[0m
2025-07-20 12:50:01 - [1;33m🔍 Vérification des changements distants...[0m
2025-07-20 12:55:01 - [1;33m🔍 Vérification des changements distants...[0m
2025-07-20 13:00:01 - [1;33m🔍 Vérification des changements distants...[0m
2025-07-20 13:05:01 - [1;33m🔍 Vérification des changements distants...[0m
2025-07-20 13:10:01 - [1;33m🔍 Vérification des changements distants...[0m
2025-07-20 13:15:01 - [1;33m🔍 Vérification des changements distants...[0m
2025-07-20 13:20:01 - [1;33m🔍 Vérification des changements distants...[0m
2025-07-20 13:25:01 - [1;33m🔍 Vérification des changements distants...[0m
2025-07-20 13:30:01 - [1;33m🔍 Vérification des changements distants...[0m
2025-07-20 13:35:01 - [1;33m🔍 Vérification des changements distants...[0m
2025-07-20 13:40:01 - [1;33m🔍 Vérification des changements distants...[0m
2025-07-20 13:45:01 - [1;33m🔍 Vérification des changements distants...[0m
2025-07-20 13:50:01 - [1;33m🔍 Vérification des changements distants...[0m
2025-07-20 13:55:01 - [1;33m🔍 Vérification des changements distants...[0m
2025-07-20 14:00:01 - [1;33m🔍 Vérification des changements distants...[0m
2025-07-20 14:05:01 - [1;33m🔍 Vérification des changements distants...[0m
2025-07-20 14:10:01 - [1;33m🔍 Vérification des changements distants...[0m
2025-07-20 14:15:01 - [1;33m🔍 Vérification des changements distants...[0m
2025-07-20 14:20:01 - [1;33m🔍 Vérification des changements distants...[0m
2025-07-20 14:25:01 - [1;33m🔍 Vérification des changements distants...[0m
2025-07-20 14:30:01 - [1;33m🔍 Vérification des changements distants...[0m
2025-07-20 14:35:01 - [1;33m🔍 Vérification des changements distants...[0m
2025-07-20 14:40:01 - [1;33m🔍 Vérification des changements distants...[0m
2025-07-20 14:45:01 - [1;33m🔍 Vérification des changements distants...[0m
2025-07-20 14:50:01 - [1;33m🔍 Vérification des changements distants...[0m
2025-07-20 14:55:01 - [1;33m🔍 Vérification des changements distants...[0m
2025-07-20 15:00:01 - [1;33m🔍 Vérification des changements distants...[0m
2025-07-20 15:05:01 - [1;33m🔍 Vérification des changements distants...[0m
2025-07-20 15:10:01 - [1;33m🔍 Vérification des changements distants...[0m
2025-07-20 15:15:01 - [1;33m🔍 Vérification des changements distants...[0m
2025-07-20 15:20:01 - [1;33m🔍 Vérification des changements distants...[0m
2025-07-20 15:25:01 - [1;33m🔍 Vérification des changements distants...[0m
2025-07-20 15:30:01 - [1;33m🔍 Vérification des changements distants...[0m
2025-07-20 15:35:01 - [1;33m🔍 Vérification des changements distants...[0m
2025-07-20 15:40:01 - [1;33m🔍 Vérification des changements distants...[0m
2025-07-20 15:45:01 - [1;33m🔍 Vérification des changements distants...[0m
2025-07-20 15:50:01 - [1;33m🔍 Vérification des changements distants...[0m
2025-07-20 15:55:01 - [1;33m🔍 Vérification des changements distants...[0m
2025-07-20 16:00:01 - [1;33m🔍 Vérification des changements distants...[0m
2025-07-20 16:05:01 - [1;33m🔍 Vérification des changements distants...[0m
2025-07-20 16:10:01 - [1;33m🔍 Vérification des changements distants...[0m
2025-07-20 16:15:01 - [1;33m🔍 Vérification des changements distants...[0m
2025-07-20 16:20:01 - [1;33m🔍 Vérification des changements distants...[0m
2025-07-20 16:25:01 - [1;33m🔍 Vérification des changements distants...[0m
2025-07-20 16:30:01 - [1;33m🔍 Vérification des changements distants...[0m
2025-07-20 16:35:01 - [1;33m🔍 Vérification des changements distants...[0m
2025-07-20 16:40:01 - [1;33m🔍 Vérification des changements distants...[0m
2025-07-20 16:45:01 - [1;33m🔍 Vérification des changements distants...[0m
2025-07-20 16:50:01 - [1;33m🔍 Vérification des changements distants...[0m
2025-07-20 16:55:01 - [1;33m🔍 Vérification des changements distants...[0m
2025-07-20 17:00:01 - [1;33m🔍 Vérification des changements distants...[0m
2025-07-20 17:05:01 - [1;33m🔍 Vérification des changements distants...[0m
2025-07-20 17:10:01 - [1;33m🔍 Vérification des changements distants...[0m
2025-07-20 17:15:01 - [1;33m🔍 Vérification des changements distants...[0m
2025-07-20 17:20:01 - [1;33m🔍 Vérification des changements distants...[0m
2025-07-20 17:25:01 - [1;33m🔍 Vérification des changements distants...[0m
2025-07-20 17:30:01 - [1;33m🔍 Vérification des changements distants...[0m
2025-07-20 17:35:01 - [1;33m🔍 Vérification des changements distants...[0m
2025-07-20 17:40:01 - [1;33m🔍 Vérification des changements distants...[0m
2025-07-20 17:45:01 - [1;33m🔍 Vérification des changements distants...[0m
2025-07-20 17:50:01 - [1;33m🔍 Vérification des changements distants...[0m
2025-07-20 17:55:01 - [1;33m🔍 Vérification des changements distants...[0m
2025-07-20 18:00:01 - [1;33m🔍 Vérification des changements distants...[0m
2025-07-20 18:05:01 - [1;33m🔍 Vérification des changements distants...[0m
2025-07-20 18:10:01 - [1;33m🔍 Vérification des changements distants...[0m
2025-07-20 18:15:01 - [1;33m🔍 Vérification des changements distants...[0m
2025-07-20 18:20:01 - [1;33m🔍 Vérification des changements distants...[0m
2025-07-20 18:25:01 - [1;33m🔍 Vérification des changements distants...[0m
2025-07-20 18:30:01 - [1;33m🔍 Vérification des changements distants...[0m
2025-07-20 18:35:01 - [1;33m🔍 Vérification des changements distants...[0m
2025-07-20 18:40:01 - [1;33m🔍 Vérification des changements distants...[0m
2025-07-20 18:45:02 - [1;33m🔍 Vérification des changements distants...[0m
2025-07-20 18:50:01 - [1;33m🔍 Vérification des changements distants...[0m
2025-07-20 18:55:01 - [1;33m🔍 Vérification des changements distants...[0m
2025-07-20 19:00:02 - [1;33m🔍 Vérification des changements distants...[0m
2025-07-20 19:05:01 - [1;33m🔍 Vérification des changements distants...[0m
2025-07-20 19:10:01 - [1;33m🔍 Vérification des changements distants...[0m
2025-07-20 19:15:01 - [1;33m🔍 Vérification des changements distants...[0m
2025-07-20 19:20:01 - [1;33m🔍 Vérification des changements distants...[0m
2025-07-20 19:25:01 - [1;33m🔍 Vérification des changements distants...[0m
2025-07-20 19:30:01 - [1;33m🔍 Vérification des changements distants...[0m
2025-07-20 19:35:01 - [1;33m🔍 Vérification des changements distants...[0m
2025-07-20 19:40:01 - [1;33m🔍 Vérification des changements distants...[0m
2025-07-20 19:45:01 - [1;33m🔍 Vérification des changements distants...[0m
2025-07-20 19:50:01 - [1;33m🔍 Vérification des changements distants...[0m
2025-07-20 19:55:01 - [1;33m🔍 Vérification des changements distants...[0m
2025-07-20 20:00:01 - [1;33m🔍 Vérification des changements distants...[0m
2025-07-20 20:05:01 - [1;33m🔍 Vérification des changements distants...[0m
2025-07-20 20:10:01 - [1;33m🔍 Vérification des changements distants...[0m
2025-07-20 20:15:01 - [1;33m🔍 Vérification des changements distants...[0m
2025-07-20 20:20:01 - [1;33m🔍 Vérification des changements distants...[0m
2025-07-20 20:25:01 - [1;33m🔍 Vérification des changements distants...[0m
2025-07-20 20:30:01 - [1;33m🔍 Vérification des changements distants...[0m
2025-07-20 20:35:01 - [1;33m🔍 Vérification des changements distants...[0m
2025-07-20 20:40:01 - [1;33m🔍 Vérification des changements distants...[0m
2025-07-20 20:45:01 - [1;33m🔍 Vérification des changements distants...[0m
2025-07-20 20:50:01 - [1;33m🔍 Vérification des changements distants...[0m
2025-07-20 20:55:01 - [1;33m🔍 Vérification des changements distants...[0m
2025-07-20 21:00:01 - [1;33m🔍 Vérification des changements distants...[0m
2025-07-20 21:05:01 - [1;33m🔍 Vérification des changements distants...[0m
2025-07-20 21:10:01 - [1;33m🔍 Vérification des changements distants...[0m
2025-07-20 21:15:01 - [1;33m🔍 Vérification des changements distants...[0m
2025-07-20 21:20:01 - [1;33m🔍 Vérification des changements distants...[0m
2025-07-20 21:25:01 - [1;33m🔍 Vérification des changements distants...[0m
2025-07-20 21:30:01 - [1;33m🔍 Vérification des changements distants...[0m
2025-07-20 21:35:01 - [1;33m🔍 Vérification des changements distants...[0m
2025-07-20 21:40:01 - [1;33m🔍 Vérification des changements distants...[0m
2025-07-20 21:45:01 - [1;33m🔍 Vérification des changements distants...[0m
2025-07-20 21:50:01 - [1;33m🔍 Vérification des changements distants...[0m
2025-07-20 21:55:01 - [1;33m🔍 Vérification des changements distants...[0m
2025-07-20 22:00:01 - [1;33m🔍 Vérification des changements distants...[0m
2025-07-20 22:05:01 - [1;33m🔍 Vérification des changements distants...[0m
2025-07-20 22:10:01 - [1;33m🔍 Vérification des changements distants...[0m
2025-07-20 22:15:01 - [1;33m🔍 Vérification des changements distants...[0m
2025-07-20 22:20:01 - [1;33m🔍 Vérification des changements distants...[0m
2025-07-20 22:25:01 - [1;33m🔍 Vérification des changements distants...[0m
2025-07-20 22:30:01 - [1;33m🔍 Vérification des changements distants...[0m
2025-07-20 22:35:01 - [1;33m🔍 Vérification des changements distants...[0m
2025-07-20 22:40:01 - [1;33m🔍 Vérification des changements distants...[0m
2025-07-20 22:45:01 - [1;33m🔍 Vérification des changements distants...[0m
2025-07-20 22:50:01 - [1;33m🔍 Vérification des changements distants...[0m
2025-07-20 22:55:01 - [1;33m🔍 Vérification des changements distants...[0m
2025-07-20 23:00:01 - [1;33m🔍 Vérification des changements distants...[0m
2025-07-20 23:05:01 - [1;33m🔍 Vérification des changements distants...[0m
2025-07-20 23:10:01 - [1;33m🔍 Vérification des changements distants...[0m
2025-07-20 23:15:02 - [1;33m🔍 Vérification des changements distants...[0m
2025-07-20 23:20:01 - [1;33m🔍 Vérification des changements distants...[0m
2025-07-20 23:25:02 - [1;33m🔍 Vérification des changements distants...[0m
2025-07-20 23:30:01 - [1;33m🔍 Vérification des changements distants...[0m
2025-07-20 23:35:01 - [1;33m🔍 Vérification des changements distants...[0m
2025-07-20 23:40:01 - [1;33m🔍 Vérification des changements distants...[0m
2025-07-20 23:45:01 - [1;33m🔍 Vérification des changements distants...[0m
2025-07-20 23:50:01 - [1;33m🔍 Vérification des changements distants...[0m
2025-07-20 23:55:01 - [1;33m🔍 Vérification des changements distants...[0m
2025-07-21 00:00:01 - [1;33m🔍 Vérification des changements distants...[0m
2025-07-21 00:05:01 - [1;33m🔍 Vérification des changements distants...[0m
2025-07-21 00:10:01 - [1;33m🔍 Vérification des changements distants...[0m
2025-07-21 00:15:01 - [1;33m🔍 Vérification des changements distants...[0m
2025-07-21 00:20:01 - [1;33m🔍 Vérification des changements distants...[0m
2025-07-21 00:25:01 - [1;33m🔍 Vérification des changements distants...[0m
2025-07-21 00:30:01 - [1;33m🔍 Vérification des changements distants...[0m
2025-07-21 00:35:01 - [1;33m🔍 Vérification des changements distants...[0m
2025-07-21 00:40:01 - [1;33m🔍 Vérification des changements distants...[0m
2025-07-21 00:45:01 - [1;33m🔍 Vérification des changements distants...[0m
2025-07-21 00:50:01 - [1;33m🔍 Vérification des changements distants...[0m
2025-07-21 00:55:01 - [1;33m🔍 Vérification des changements distants...[0m
2025-07-21 01:00:01 - [1;33m🔍 Vérification des changements distants...[0m
2025-07-21 01:05:01 - [1;33m🔍 Vérification des changements distants...[0m
2025-07-21 01:10:01 - [1;33m🔍 Vérification des changements distants...[0m
2025-07-21 01:15:01 - [1;33m🔍 Vérification des changements distants...[0m
2025-07-21 01:20:01 - [1;33m🔍 Vérification des changements distants...[0m
2025-07-21 01:25:01 - [1;33m🔍 Vérification des changements distants...[0m
2025-07-21 01:30:01 - [1;33m🔍 Vérification des changements distants...[0m
2025-07-21 01:35:01 - [1;33m🔍 Vérification des changements distants...[0m
2025-07-21 01:40:01 - [1;33m🔍 Vérification des changements distants...[0m
2025-07-21 01:45:01 - [1;33m🔍 Vérification des changements distants...[0m
2025-07-21 01:50:01 - [1;33m🔍 Vérification des changements distants...[0m
2025-07-21 01:55:01 - [1;33m🔍 Vérification des changements distants...[0m
2025-07-21 02:00:01 - [1;33m🔍 Vérification des changements distants...[0m
2025-07-21 02:05:01 - [1;33m🔍 Vérification des changements distants...[0m
2025-07-21 02:10:01 - [1;33m🔍 Vérification des changements distants...[0m
2025-07-21 02:15:01 - [1;33m🔍 Vérification des changements distants...[0m
2025-07-21 02:20:01 - [1;33m🔍 Vérification des changements distants...[0m
2025-07-21 02:25:01 - [1;33m🔍 Vérification des changements distants...[0m
2025-07-21 02:30:01 - [1;33m🔍 Vérification des changements distants...[0m
2025-07-21 02:35:01 - [1;33m🔍 Vérification des changements distants...[0m
2025-07-21 02:40:01 - [1;33m🔍 Vérification des changements distants...[0m
2025-07-21 02:45:01 - [1;33m🔍 Vérification des changements distants...[0m
2025-07-21 02:50:01 - [1;33m🔍 Vérification des changements distants...[0m
2025-07-21 02:55:01 - [1;33m🔍 Vérification des changements distants...[0m
2025-07-21 03:00:01 - [1;33m🔍 Vérification des changements distants...[0m
2025-07-21 03:05:01 - [1;33m🔍 Vérification des changements distants...[0m
2025-07-21 03:10:01 - [1;33m🔍 Vérification des changements distants...[0m
2025-07-21 03:15:01 - [1;33m🔍 Vérification des changements distants...[0m
2025-07-21 03:20:01 - [1;33m🔍 Vérification des changements distants...[0m
2025-07-21 03:25:01 - [1;33m🔍 Vérification des changements distants...[0m
2025-07-21 03:30:01 - [1;33m🔍 Vérification des changements distants...[0m
2025-07-21 03:35:01 - [1;33m🔍 Vérification des changements distants...[0m
2025-07-21 03:40:01 - [1;33m🔍 Vérification des changements distants...[0m
2025-07-21 03:45:01 - [1;33m🔍 Vérification des changements distants...[0m
2025-07-21 03:50:01 - [1;33m🔍 Vérification des changements distants...[0m
2025-07-21 03:55:01 - [1;33m🔍 Vérification des changements distants...[0m
2025-07-21 04:00:01 - [1;33m🔍 Vérification des changements distants...[0m
2025-07-21 04:05:01 - [1;33m🔍 Vérification des changements distants...[0m
2025-07-21 04:10:01 - [1;33m🔍 Vérification des changements distants...[0m
2025-07-21 04:15:01 - [1;33m🔍 Vérification des changements distants...[0m
2025-07-21 04:20:01 - [1;33m🔍 Vérification des changements distants...[0m
2025-07-21 04:25:01 - [1;33m🔍 Vérification des changements distants...[0m
2025-07-21 04:30:02 - [1;33m🔍 Vérification des changements distants...[0m
2025-07-21 04:35:01 - [1;33m🔍 Vérification des changements distants...[0m
2025-07-21 04:40:01 - [1;33m🔍 Vérification des changements distants...[0m
2025-07-21 04:45:01 - [1;33m🔍 Vérification des changements distants...[0m
2025-07-21 04:50:01 - [1;33m🔍 Vérification des changements distants...[0m
2025-07-21 04:55:01 - [1;33m🔍 Vérification des changements distants...[0m
2025-07-21 05:00:01 - [1;33m🔍 Vérification des changements distants...[0m
2025-07-21 05:05:01 - [1;33m🔍 Vérification des changements distants...[0m
2025-07-21 05:10:01 - [1;33m🔍 Vérification des changements distants...[0m
2025-07-21 05:15:01 - [1;33m🔍 Vérification des changements distants...[0m
2025-07-21 05:20:01 - [1;33m🔍 Vérification des changements distants...[0m
2025-07-21 05:25:01 - [1;33m🔍 Vérification des changements distants...[0m
2025-07-21 05:30:01 - [1;33m🔍 Vérification des changements distants...[0m
2025-07-21 05:35:01 - [1;33m🔍 Vérification des changements distants...[0m
2025-07-21 05:40:01 - [1;33m🔍 Vérification des changements distants...[0m
2025-07-21 05:45:01 - [1;33m🔍 Vérification des changements distants...[0m
2025-07-21 05:50:01 - [1;33m🔍 Vérification des changements distants...[0m
2025-07-21 05:55:01 - [1;33m🔍 Vérification des changements distants...[0m
2025-07-21 06:00:01 - [1;33m🔍 Vérification des changements distants...[0m
2025-07-21 06:05:01 - [1;33m🔍 Vérification des changements distants...[0m
2025-07-21 06:10:01 - [1;33m🔍 Vérification des changements distants...[0m
2025-07-21 06:15:01 - [1;33m🔍 Vérification des changements distants...[0m
2025-07-21 06:20:01 - [1;33m🔍 Vérification des changements distants...[0m
2025-07-21 06:25:01 - [1;33m🔍 Vérification des changements distants...[0m
2025-07-21 06:30:01 - [1;33m🔍 Vérification des changements distants...[0m
2025-07-21 06:35:01 - [1;33m🔍 Vérification des changements distants...[0m
2025-07-21 06:40:01 - [1;33m🔍 Vérification des changements distants...[0m
2025-07-21 06:45:01 - [1;33m🔍 Vérification des changements distants...[0m
2025-07-21 06:50:01 - [1;33m🔍 Vérification des changements distants...[0m
2025-07-21 06:55:01 - [1;33m🔍 Vérification des changements distants...[0m
2025-07-21 07:00:01 - [1;33m🔍 Vérification des changements distants...[0m
2025-07-21 07:05:01 - [1;33m🔍 Vérification des changements distants...[0m
2025-07-21 07:10:01 - [1;33m🔍 Vérification des changements distants...[0m
2025-07-21 07:15:01 - [1;33m🔍 Vérification des changements distants...[0m
2025-07-21 07:20:01 - [1;33m🔍 Vérification des changements distants...[0m
2025-07-21 07:25:02 - [1;33m🔍 Vérification des changements distants...[0m
2025-07-21 07:30:01 - [1;33m🔍 Vérification des changements distants...[0m
2025-07-21 07:35:01 - [1;33m🔍 Vérification des changements distants...[0m
2025-07-21 07:40:01 - [1;33m🔍 Vérification des changements distants...[0m
2025-07-21 07:45:01 - [1;33m🔍 Vérification des changements distants...[0m
2025-07-21 07:50:01 - [1;33m🔍 Vérification des changements distants...[0m
2025-07-21 07:55:01 - [1;33m🔍 Vérification des changements distants...[0m
2025-07-21 08:00:01 - [1;33m🔍 Vérification des changements distants...[0m
2025-07-21 08:05:01 - [1;33m🔍 Vérification des changements distants...[0m
2025-07-21 08:10:01 - [1;33m🔍 Vérification des changements distants...[0m
2025-07-21 08:15:01 - [1;33m🔍 Vérification des changements distants...[0m
2025-07-21 08:20:01 - [1;33m🔍 Vérification des changements distants...[0m
2025-07-21 08:25:01 - [1;33m🔍 Vérification des changements distants...[0m
2025-07-21 08:30:01 - [1;33m🔍 Vérification des changements distants...[0m
2025-07-21 08:35:01 - [1;33m🔍 Vérification des changements distants...[0m
2025-07-21 08:40:01 - [1;33m🔍 Vérification des changements distants...[0m
2025-07-21 08:45:01 - [1;33m🔍 Vérification des changements distants...[0m
2025-07-21 08:50:01 - [1;33m🔍 Vérification des changements distants...[0m
2025-07-21 08:55:01 - [1;33m🔍 Vérification des changements distants...[0m
2025-07-21 09:00:01 - [1;33m🔍 Vérification des changements distants...[0m
2025-07-21 09:05:01 - [1;33m🔍 Vérification des changements distants...[0m
2025-07-21 09:10:01 - [1;33m🔍 Vérification des changements distants...[0m
2025-07-21 09:15:01 - [1;33m🔍 Vérification des changements distants...[0m
2025-07-21 09:20:01 - [1;33m🔍 Vérification des changements distants...[0m
2025-07-21 09:25:01 - [1;33m🔍 Vérification des changements distants...[0m
2025-07-21 09:30:01 - [1;33m🔍 Vérification des changements distants...[0m
2025-07-21 09:35:01 - [1;33m🔍 Vérification des changements distants...[0m
2025-07-21 09:40:01 - [1;33m🔍 Vérification des changements distants...[0m
2025-07-21 09:45:01 - [1;33m🔍 Vérification des changements distants...[0m
2025-07-21 09:50:01 - [1;33m🔍 Vérification des changements distants...[0m
2025-07-21 09:55:01 - [1;33m🔍 Vérification des changements distants...[0m
2025-07-21 10:00:01 - [1;33m🔍 Vérification des changements distants...[0m
2025-07-21 10:05:01 - [1;33m🔍 Vérification des changements distants...[0m
2025-07-21 10:10:01 - [1;33m🔍 Vérification des changements distants...[0m
2025-07-21 10:15:01 - [1;33m🔍 Vérification des changements distants...[0m
2025-07-21 10:20:01 - [1;33m🔍 Vérification des changements distants...[0m
2025-07-21 10:25:01 - [1;33m🔍 Vérification des changements distants...[0m
2025-07-21 10:30:01 - [1;33m🔍 Vérification des changements distants...[0m
2025-07-21 10:35:01 - [1;33m🔍 Vérification des changements distants...[0m
2025-07-21 10:40:01 - [1;33m🔍 Vérification des changements distants...[0m
2025-07-21 10:45:01 - [1;33m🔍 Vérification des changements distants...[0m
2025-07-21 10:50:01 - [1;33m🔍 Vérification des changements distants...[0m
2025-07-21 10:55:02 - [1;33m🔍 Vérification des changements distants...[0m
2025-07-21 11:00:01 - [1;33m🔍 Vérification des changements distants...[0m
2025-07-21 11:05:01 - [1;33m🔍 Vérification des changements distants...[0m
2025-07-21 11:10:01 - [1;33m🔍 Vérification des changements distants...[0m
2025-07-21 11:15:01 - [1;33m🔍 Vérification des changements distants...[0m
2025-07-21 11:20:01 - [1;33m🔍 Vérification des changements distants...[0m
2025-07-21 11:25:01 - [1;33m🔍 Vérification des changements distants...[0m
2025-07-21 11:30:01 - [1;33m🔍 Vérification des changements distants...[0m
2025-07-21 11:35:01 - [1;33m🔍 Vérification des changements distants...[0m
2025-07-21 11:40:01 - [1;33m🔍 Vérification des changements distants...[0m
2025-07-21 11:45:01 - [1;33m🔍 Vérification des changements distants...[0m
2025-07-21 11:50:01 - [1;33m🔍 Vérification des changements distants...[0m
2025-07-21 11:55:01 - [1;33m🔍 Vérification des changements distants...[0m
2025-07-21 12:00:01 - [1;33m🔍 Vérification des changements distants...[0m
2025-07-21 12:05:01 - [1;33m🔍 Vérification des changements distants...[0m
2025-07-21 12:10:01 - [1;33m🔍 Vérification des changements distants...[0m
2025-07-21 12:15:02 - [1;33m🔍 Vérification des changements distants...[0m
2025-07-21 12:20:01 - [1;33m🔍 Vérification des changements distants...[0m
2025-07-21 12:25:01 - [1;33m🔍 Vérification des changements distants...[0m
2025-07-21 12:30:01 - [1;33m🔍 Vérification des changements distants...[0m
2025-07-21 12:35:01 - [1;33m🔍 Vérification des changements distants...[0m
2025-07-21 12:40:01 - [1;33m🔍 Vérification des changements distants...[0m
2025-07-21 12:45:01 - [1;33m🔍 Vérification des changements distants...[0m
2025-07-21 12:50:01 - [1;33m🔍 Vérification des changements distants...[0m
2025-07-21 12:55:01 - [1;33m🔍 Vérification des changements distants...[0m
2025-07-21 13:00:01 - [1;33m🔍 Vérification des changements distants...[0m
2025-07-21 13:05:01 - [1;33m🔍 Vérification des changements distants...[0m
2025-07-21 13:10:01 - [1;33m🔍 Vérification des changements distants...[0m
2025-07-21 13:15:01 - [1;33m🔍 Vérification des changements distants...[0m
2025-07-21 13:20:01 - [1;33m🔍 Vérification des changements distants...[0m
2025-07-21 13:25:01 - [1;33m🔍 Vérification des changements distants...[0m
2025-07-21 13:30:01 - [1;33m🔍 Vérification des changements distants...[0m
2025-07-21 13:35:01 - [1;33m🔍 Vérification des changements distants...[0m
2025-07-21 13:40:01 - [1;33m🔍 Vérification des changements distants...[0m
2025-07-21 13:45:01 - [1;33m🔍 Vérification des changements distants...[0m
2025-07-21 13:50:01 - [1;33m🔍 Vérification des changements distants...[0m
2025-07-21 13:55:01 - [1;33m🔍 Vérification des changements distants...[0m
2025-07-21 14:00:01 - [1;33m🔍 Vérification des changements distants...[0m
2025-07-21 14:05:01 - [1;33m🔍 Vérification des changements distants...[0m
2025-07-21 14:10:01 - [1;33m🔍 Vérification des changements distants...[0m
2025-07-21 14:15:01 - [1;33m🔍 Vérification des changements distants...[0m
2025-07-21 14:20:01 - [1;33m🔍 Vérification des changements distants...[0m
2025-07-21 14:25:01 - [1;33m🔍 Vérification des changements distants...[0m
2025-07-21 14:30:01 - [1;33m🔍 Vérification des changements distants...[0m
2025-07-21 14:35:01 - [1;33m🔍 Vérification des changements distants...[0m
2025-07-21 14:40:01 - [1;33m🔍 Vérification des changements distants...[0m
2025-07-21 14:45:01 - [1;33m🔍 Vérification des changements distants...[0m
2025-07-21 14:50:01 - [1;33m🔍 Vérification des changements distants...[0m
2025-07-21 14:55:01 - [1;33m🔍 Vérification des changements distants...[0m
2025-07-21 15:00:01 - [1;33m🔍 Vérification des changements distants...[0m
2025-07-21 15:05:01 - [1;33m🔍 Vérification des changements distants...[0m
2025-07-21 15:10:01 - [1;33m🔍 Vérification des changements distants...[0m
2025-07-21 15:15:01 - [1;33m🔍 Vérification des changements distants...[0m
2025-07-21 15:20:01 - [1;33m🔍 Vérification des changements distants...[0m
2025-07-21 15:25:01 - [1;33m🔍 Vérification des changements distants...[0m
2025-07-21 15:30:01 - [1;33m🔍 Vérification des changements distants...[0m
2025-07-21 15:35:01 - [1;33m🔍 Vérification des changements distants...[0m
2025-07-21 15:40:01 - [1;33m🔍 Vérification des changements distants...[0m
2025-07-21 15:45:01 - [1;33m🔍 Vérification des changements distants...[0m
2025-07-21 15:50:01 - [1;33m🔍 Vérification des changements distants...[0m
2025-07-21 15:55:01 - [1;33m🔍 Vérification des changements distants...[0m
2025-07-21 16:00:01 - [1;33m🔍 Vérification des changements distants...[0m
2025-07-21 16:05:01 - [1;33m🔍 Vérification des changements distants...[0m
2025-07-21 16:05:04 - [0;32m🆕 Nouveaux changements détectés ![0m
2025-07-21 16:05:04 - [1;33mLocal:  3ff2e285c671c4b5c373e9ea8d6f015ea6d90980[0m
2025-07-21 16:05:04 - [1;33mRemote: 875b7d037fe0e6d1db2119e1f29bf2c559cb0547[0m
2025-07-21 16:05:04 - [1;33m🚀 Déclenchement du déploiement automatique...[0m
🚀 Début du déploiement automatique Doc@uthANTIC...
📅 lun. 21 juil. 2025 16:05:04 WAT
[1;33m📁 Répertoire courant: /home/ssatl/Documents/Doc@uthANTIC[0m
[1;33m💾 Sauvegarde de l'état actuel...[0m
Pas de modifications locales à sauver
[1;33m📥 Récupération des changements depuis le repository distant...[0m
[1;33m🔄 Nouveaux changements détectés. Mise à jour en cours...[0m
[1;33m⬇️  Pull des changements...[0m
Depuis https://github.com/MARKUPsoft-corp/CertiSign
 * branch              prod       -> FETCH_HEAD
Mise à jour 3ff2e285..875b7d03
Fast-forward
 backend/django-project/users/urls.py      |  3 +++
 backend/django-project/users/views.py     | 41 ++++++++++++++++++++++++++++-
 frontend/src/services/AnalyticsService.js | 21 +++++++++++++++
 frontend/src/views/HomePage.vue           | 43 +++++++++++++++++++++++++++----
 4 files changed, 102 insertions(+), 6 deletions(-)
[0;32m✅ Code mis à jour avec succès[0m
[1;33m🗃️  Application des migrations Django...[0m
[0;32m🎉 Déploiement terminé avec succès ![0m
[0;32m📍 Version déployée: 875b7d03[0m
[0;32m📅 lun. 21 juil. 2025 16:05:09 WAT[0m

[0;32m✨ Doc@uthANTIC est maintenant à jour et fonctionnel ![0m
2025-07-21 16:05:09 - [0;32m✅ Déploiement automatique réussi[0m
2025-07-21 16:10:01 - [1;33m🔍 Vérification des changements distants...[0m
2025-07-21 16:10:03 - [0;32m🆕 Nouveaux changements détectés ![0m
2025-07-21 16:10:03 - [1;33mLocal:  875b7d037fe0e6d1db2119e1f29bf2c559cb0547[0m
2025-07-21 16:10:03 - [1;33mRemote: 67003da96a4f6ef6b93f8c99534afc784dc98c27[0m
2025-07-21 16:10:03 - [1;33m🚀 Déclenchement du déploiement automatique...[0m
🚀 Début du déploiement automatique Doc@uthANTIC...
📅 lun. 21 juil. 2025 16:10:03 WAT
[1;33m📁 Répertoire courant: /home/ssatl/Documents/Doc@uthANTIC[0m
[1;33m💾 Sauvegarde de l'état actuel...[0m
Pas de modifications locales à sauver
[1;33m📥 Récupération des changements depuis le repository distant...[0m
[1;33m🔄 Nouveaux changements détectés. Mise à jour en cours...[0m
[1;33m⬇️  Pull des changements...[0m
Depuis https://github.com/MARKUPsoft-corp/CertiSign
 * branch              prod       -> FETCH_HEAD
Mise à jour 875b7d03..67003da9
Fast-forward
 frontend/src/services/AnalyticsService.js | 20 +++++++++++++++++++-
 1 file changed, 19 insertions(+), 1 deletion(-)
[0;32m✅ Code mis à jour avec succès[0m
[1;33m🗃️  Application des migrations Django...[0m
[0;32m🎉 Déploiement terminé avec succès ![0m
[0;32m📍 Version déployée: 67003da9[0m
[0;32m📅 lun. 21 juil. 2025 16:10:06 WAT[0m

[0;32m✨ Doc@uthANTIC est maintenant à jour et fonctionnel ![0m
2025-07-21 16:10:06 - [0;32m✅ Déploiement automatique réussi[0m
2025-07-21 16:15:01 - [1;33m🔍 Vérification des changements distants...[0m
2025-07-21 16:15:03 - [0;32m🆕 Nouveaux changements détectés ![0m
2025-07-21 16:15:03 - [1;33mLocal:  67003da96a4f6ef6b93f8c99534afc784dc98c27[0m
2025-07-21 16:15:03 - [1;33mRemote: 481607fb2ba9ece4627e9f9f6ef227e94976a9d8[0m
2025-07-21 16:15:03 - [1;33m🚀 Déclenchement du déploiement automatique...[0m
🚀 Début du déploiement automatique Doc@uthANTIC...
📅 lun. 21 juil. 2025 16:15:03 WAT
[1;33m📁 Répertoire courant: /home/ssatl/Documents/Doc@uthANTIC[0m
[1;33m💾 Sauvegarde de l'état actuel...[0m
Pas de modifications locales à sauver
[1;33m📥 Récupération des changements depuis le repository distant...[0m
[1;33m🔄 Nouveaux changements détectés. Mise à jour en cours...[0m
[1;33m⬇️  Pull des changements...[0m
Depuis https://github.com/MARKUPsoft-corp/CertiSign
 * branch              prod       -> FETCH_HEAD
Mise à jour 67003da9..481607fb
Fast-forward
 frontend/src/services/AnalyticsService.js | 22 ++--------------------
 1 file changed, 2 insertions(+), 20 deletions(-)
[0;32m✅ Code mis à jour avec succès[0m
[1;33m🗃️  Application des migrations Django...[0m
[0;32m🎉 Déploiement terminé avec succès ![0m
[0;32m📍 Version déployée: 481607fb[0m
[0;32m📅 lun. 21 juil. 2025 16:15:06 WAT[0m

[0;32m✨ Doc@uthANTIC est maintenant à jour et fonctionnel ![0m
2025-07-21 16:15:06 - [0;32m✅ Déploiement automatique réussi[0m
2025-07-21 16:20:01 - [1;33m🔍 Vérification des changements distants...[0m
2025-07-21 16:25:01 - [1;33m🔍 Vérification des changements distants...[0m
2025-07-21 16:30:01 - [1;33m🔍 Vérification des changements distants...[0m
2025-07-21 16:35:01 - [1;33m🔍 Vérification des changements distants...[0m
2025-07-21 16:40:01 - [1;33m🔍 Vérification des changements distants...[0m
2025-07-21 16:45:01 - [1;33m🔍 Vérification des changements distants...[0m
2025-07-21 16:50:01 - [1;33m🔍 Vérification des changements distants...[0m
2025-07-21 16:55:01 - [1;33m🔍 Vérification des changements distants...[0m
2025-07-21 17:00:01 - [1;33m🔍 Vérification des changements distants...[0m
2025-07-21 17:05:01 - [1;33m🔍 Vérification des changements distants...[0m
2025-07-21 17:10:01 - [1;33m🔍 Vérification des changements distants...[0m
2025-07-21 17:15:01 - [1;33m🔍 Vérification des changements distants...[0m
2025-07-21 17:20:01 - [1;33m🔍 Vérification des changements distants...[0m
2025-07-21 17:25:01 - [1;33m🔍 Vérification des changements distants...[0m
2025-07-21 17:30:01 - [1;33m🔍 Vérification des changements distants...[0m
2025-07-21 17:35:01 - [1;33m🔍 Vérification des changements distants...[0m
2025-07-21 17:40:01 - [1;33m🔍 Vérification des changements distants...[0m
2025-07-21 17:45:01 - [1;33m🔍 Vérification des changements distants...[0m
2025-07-21 17:50:01 - [1;33m🔍 Vérification des changements distants...[0m
2025-07-21 17:55:01 - [1;33m🔍 Vérification des changements distants...[0m
2025-07-21 18:00:01 - [1;33m🔍 Vérification des changements distants...[0m
2025-07-21 18:05:01 - [1;33m🔍 Vérification des changements distants...[0m
2025-07-21 18:10:01 - [1;33m🔍 Vérification des changements distants...[0m
2025-07-21 18:15:01 - [1;33m🔍 Vérification des changements distants...[0m
2025-07-21 18:20:01 - [1;33m🔍 Vérification des changements distants...[0m
2025-07-21 18:25:01 - [1;33m🔍 Vérification des changements distants...[0m
2025-07-21 18:30:01 - [1;33m🔍 Vérification des changements distants...[0m
2025-07-21 18:35:01 - [1;33m🔍 Vérification des changements distants...[0m
2025-07-21 18:40:01 - [1;33m🔍 Vérification des changements distants...[0m
2025-07-21 18:45:01 - [1;33m🔍 Vérification des changements distants...[0m
2025-07-21 18:50:01 - [1;33m🔍 Vérification des changements distants...[0m
2025-07-21 18:55:01 - [1;33m🔍 Vérification des changements distants...[0m
2025-07-21 19:00:01 - [1;33m🔍 Vérification des changements distants...[0m
2025-07-21 19:05:01 - [1;33m🔍 Vérification des changements distants...[0m
2025-07-21 19:10:02 - [1;33m🔍 Vérification des changements distants...[0m
2025-07-21 19:15:01 - [1;33m🔍 Vérification des changements distants...[0m
2025-07-21 19:20:01 - [1;33m🔍 Vérification des changements distants...[0m
2025-07-21 19:25:01 - [1;33m🔍 Vérification des changements distants...[0m
2025-07-21 19:30:01 - [1;33m🔍 Vérification des changements distants...[0m
2025-07-21 19:35:01 - [1;33m🔍 Vérification des changements distants...[0m
2025-07-21 19:40:01 - [1;33m🔍 Vérification des changements distants...[0m
2025-07-21 19:45:01 - [1;33m🔍 Vérification des changements distants...[0m
2025-07-21 19:50:01 - [1;33m🔍 Vérification des changements distants...[0m
2025-07-21 19:55:01 - [1;33m🔍 Vérification des changements distants...[0m
2025-07-21 20:00:01 - [1;33m🔍 Vérification des changements distants...[0m
2025-07-21 20:05:01 - [1;33m🔍 Vérification des changements distants...[0m
2025-07-21 20:10:01 - [1;33m🔍 Vérification des changements distants...[0m
2025-07-21 20:15:01 - [1;33m🔍 Vérification des changements distants...[0m
2025-07-21 20:20:01 - [1;33m🔍 Vérification des changements distants...[0m
2025-07-21 20:25:01 - [1;33m🔍 Vérification des changements distants...[0m
2025-07-21 20:30:01 - [1;33m🔍 Vérification des changements distants...[0m
2025-07-21 20:35:01 - [1;33m🔍 Vérification des changements distants...[0m
2025-07-21 20:40:01 - [1;33m🔍 Vérification des changements distants...[0m
2025-07-21 20:45:01 - [1;33m🔍 Vérification des changements distants...[0m
2025-07-21 20:50:01 - [1;33m🔍 Vérification des changements distants...[0m
2025-07-21 20:55:01 - [1;33m🔍 Vérification des changements distants...[0m
2025-07-21 21:00:01 - [1;33m🔍 Vérification des changements distants...[0m
2025-07-21 21:05:01 - [1;33m🔍 Vérification des changements distants...[0m
2025-07-21 21:10:01 - [1;33m🔍 Vérification des changements distants...[0m
2025-07-21 21:15:01 - [1;33m🔍 Vérification des changements distants...[0m
2025-07-21 21:20:01 - [1;33m🔍 Vérification des changements distants...[0m
2025-07-21 21:25:01 - [1;33m🔍 Vérification des changements distants...[0m
2025-07-21 21:30:01 - [1;33m🔍 Vérification des changements distants...[0m
2025-07-21 21:35:01 - [1;33m🔍 Vérification des changements distants...[0m
2025-07-21 21:40:01 - [1;33m🔍 Vérification des changements distants...[0m
2025-07-21 21:45:01 - [1;33m🔍 Vérification des changements distants...[0m
2025-07-21 21:50:01 - [1;33m🔍 Vérification des changements distants...[0m
2025-07-21 21:55:01 - [1;33m🔍 Vérification des changements distants...[0m
2025-07-21 22:00:01 - [1;33m🔍 Vérification des changements distants...[0m
2025-07-21 22:05:01 - [1;33m🔍 Vérification des changements distants...[0m
2025-07-21 22:10:01 - [1;33m🔍 Vérification des changements distants...[0m
2025-07-21 22:15:01 - [1;33m🔍 Vérification des changements distants...[0m
2025-07-21 22:20:01 - [1;33m🔍 Vérification des changements distants...[0m
2025-07-21 22:25:01 - [1;33m🔍 Vérification des changements distants...[0m
2025-07-21 22:30:01 - [1;33m🔍 Vérification des changements distants...[0m
2025-07-21 22:35:01 - [1;33m🔍 Vérification des changements distants...[0m
2025-07-21 22:40:01 - [1;33m🔍 Vérification des changements distants...[0m
2025-07-21 22:45:01 - [1;33m🔍 Vérification des changements distants...[0m
2025-07-21 22:50:01 - [1;33m🔍 Vérification des changements distants...[0m
2025-07-21 22:55:01 - [1;33m🔍 Vérification des changements distants...[0m
2025-07-21 23:00:01 - [1;33m🔍 Vérification des changements distants...[0m
2025-07-21 23:05:01 - [1;33m🔍 Vérification des changements distants...[0m
2025-07-21 23:10:01 - [1;33m🔍 Vérification des changements distants...[0m
2025-07-21 23:15:01 - [1;33m🔍 Vérification des changements distants...[0m
2025-07-21 23:20:01 - [1;33m🔍 Vérification des changements distants...[0m
2025-07-21 23:25:01 - [1;33m🔍 Vérification des changements distants...[0m
2025-07-21 23:30:01 - [1;33m🔍 Vérification des changements distants...[0m
2025-07-21 23:35:01 - [1;33m🔍 Vérification des changements distants...[0m
2025-07-21 23:40:01 - [1;33m🔍 Vérification des changements distants...[0m
2025-07-21 23:45:01 - [1;33m🔍 Vérification des changements distants...[0m
2025-07-21 23:50:01 - [1;33m🔍 Vérification des changements distants...[0m
2025-07-21 23:55:01 - [1;33m🔍 Vérification des changements distants...[0m
2025-07-22 00:00:01 - [1;33m🔍 Vérification des changements distants...[0m
2025-07-22 00:05:01 - [1;33m🔍 Vérification des changements distants...[0m
2025-07-22 00:10:01 - [1;33m🔍 Vérification des changements distants...[0m
2025-07-22 00:15:01 - [1;33m🔍 Vérification des changements distants...[0m
2025-07-22 00:20:01 - [1;33m🔍 Vérification des changements distants...[0m
2025-07-22 00:25:01 - [1;33m🔍 Vérification des changements distants...[0m
2025-07-22 00:30:01 - [1;33m🔍 Vérification des changements distants...[0m
2025-07-22 00:35:01 - [1;33m🔍 Vérification des changements distants...[0m
2025-07-22 00:40:01 - [1;33m🔍 Vérification des changements distants...[0m
2025-07-22 00:45:01 - [1;33m🔍 Vérification des changements distants...[0m
2025-07-22 00:50:01 - [1;33m🔍 Vérification des changements distants...[0m
2025-07-22 00:55:01 - [1;33m🔍 Vérification des changements distants...[0m
2025-07-22 01:00:01 - [1;33m🔍 Vérification des changements distants...[0m
2025-07-22 01:05:01 - [1;33m🔍 Vérification des changements distants...[0m
2025-07-22 01:10:01 - [1;33m🔍 Vérification des changements distants...[0m
2025-07-22 01:15:01 - [1;33m🔍 Vérification des changements distants...[0m
2025-07-22 01:20:01 - [1;33m🔍 Vérification des changements distants...[0m
2025-07-22 01:25:01 - [1;33m🔍 Vérification des changements distants...[0m
2025-07-22 01:30:01 - [1;33m🔍 Vérification des changements distants...[0m
2025-07-22 01:35:01 - [1;33m🔍 Vérification des changements distants...[0m
2025-07-22 01:40:01 - [1;33m🔍 Vérification des changements distants...[0m
2025-07-22 01:45:01 - [1;33m🔍 Vérification des changements distants...[0m
2025-07-22 01:50:01 - [1;33m🔍 Vérification des changements distants...[0m
2025-07-22 01:55:01 - [1;33m🔍 Vérification des changements distants...[0m
2025-07-22 02:00:02 - [1;33m🔍 Vérification des changements distants...[0m
2025-07-22 02:05:01 - [1;33m🔍 Vérification des changements distants...[0m
2025-07-22 02:10:01 - [1;33m🔍 Vérification des changements distants...[0m
2025-07-22 02:15:01 - [1;33m🔍 Vérification des changements distants...[0m
2025-07-22 02:20:01 - [1;33m🔍 Vérification des changements distants...[0m
2025-07-22 02:25:01 - [1;33m🔍 Vérification des changements distants...[0m
2025-07-22 02:30:01 - [1;33m🔍 Vérification des changements distants...[0m
2025-07-22 02:35:01 - [1;33m🔍 Vérification des changements distants...[0m
2025-07-22 02:40:01 - [1;33m🔍 Vérification des changements distants...[0m
2025-07-22 02:45:01 - [1;33m🔍 Vérification des changements distants...[0m
2025-07-22 02:50:01 - [1;33m🔍 Vérification des changements distants...[0m
2025-07-22 02:55:01 - [1;33m🔍 Vérification des changements distants...[0m
2025-07-22 03:00:01 - [1;33m🔍 Vérification des changements distants...[0m
2025-07-22 03:05:01 - [1;33m🔍 Vérification des changements distants...[0m
2025-07-22 03:10:01 - [1;33m🔍 Vérification des changements distants...[0m
2025-07-22 03:15:01 - [1;33m🔍 Vérification des changements distants...[0m
2025-07-22 03:20:01 - [1;33m🔍 Vérification des changements distants...[0m
2025-07-22 03:25:02 - [1;33m🔍 Vérification des changements distants...[0m
2025-07-22 03:30:01 - [1;33m🔍 Vérification des changements distants...[0m
2025-07-22 03:35:01 - [1;33m🔍 Vérification des changements distants...[0m
2025-07-22 03:40:01 - [1;33m🔍 Vérification des changements distants...[0m
2025-07-22 03:45:01 - [1;33m🔍 Vérification des changements distants...[0m
2025-07-22 03:50:01 - [1;33m🔍 Vérification des changements distants...[0m
2025-07-22 03:55:01 - [1;33m🔍 Vérification des changements distants...[0m
2025-07-22 04:00:01 - [1;33m🔍 Vérification des changements distants...[0m
2025-07-22 04:05:01 - [1;33m🔍 Vérification des changements distants...[0m
2025-07-22 04:10:01 - [1;33m🔍 Vérification des changements distants...[0m
2025-07-22 04:15:01 - [1;33m🔍 Vérification des changements distants...[0m
2025-07-22 04:20:02 - [1;33m🔍 Vérification des changements distants...[0m
2025-07-22 04:25:01 - [1;33m🔍 Vérification des changements distants...[0m
2025-07-22 04:30:01 - [1;33m🔍 Vérification des changements distants...[0m
2025-07-22 04:35:01 - [1;33m🔍 Vérification des changements distants...[0m
2025-07-22 04:40:01 - [1;33m🔍 Vérification des changements distants...[0m
2025-07-22 04:45:01 - [1;33m🔍 Vérification des changements distants...[0m
2025-07-22 04:50:02 - [1;33m🔍 Vérification des changements distants...[0m
2025-07-22 04:55:01 - [1;33m🔍 Vérification des changements distants...[0m
2025-07-22 05:00:01 - [1;33m🔍 Vérification des changements distants...[0m
2025-07-22 05:05:02 - [1;33m🔍 Vérification des changements distants...[0m
2025-07-22 05:10:01 - [1;33m🔍 Vérification des changements distants...[0m
2025-07-22 05:15:01 - [1;33m🔍 Vérification des changements distants...[0m
2025-07-22 05:20:01 - [1;33m🔍 Vérification des changements distants...[0m
2025-07-22 05:25:01 - [1;33m🔍 Vérification des changements distants...[0m
2025-07-22 05:30:01 - [1;33m🔍 Vérification des changements distants...[0m
2025-07-22 05:35:01 - [1;33m🔍 Vérification des changements distants...[0m
2025-07-22 05:40:01 - [1;33m🔍 Vérification des changements distants...[0m
2025-07-22 05:45:01 - [1;33m🔍 Vérification des changements distants...[0m
2025-07-22 05:50:01 - [1;33m🔍 Vérification des changements distants...[0m
2025-07-22 05:55:01 - [1;33m🔍 Vérification des changements distants...[0m
2025-07-22 06:00:01 - [1;33m🔍 Vérification des changements distants...[0m
2025-07-22 06:05:01 - [1;33m🔍 Vérification des changements distants...[0m
2025-07-22 06:10:01 - [1;33m🔍 Vérification des changements distants...[0m
2025-07-22 06:15:01 - [1;33m🔍 Vérification des changements distants...[0m
2025-07-22 06:20:01 - [1;33m🔍 Vérification des changements distants...[0m
2025-07-22 06:25:01 - [1;33m🔍 Vérification des changements distants...[0m
2025-07-22 06:30:01 - [1;33m🔍 Vérification des changements distants...[0m
2025-07-22 06:35:01 - [1;33m🔍 Vérification des changements distants...[0m
2025-07-22 06:40:01 - [1;33m🔍 Vérification des changements distants...[0m
2025-07-22 06:45:01 - [1;33m🔍 Vérification des changements distants...[0m
2025-07-22 06:50:01 - [1;33m🔍 Vérification des changements distants...[0m
2025-07-22 06:55:01 - [1;33m🔍 Vérification des changements distants...[0m
2025-07-22 07:00:01 - [1;33m🔍 Vérification des changements distants...[0m
2025-07-22 07:05:01 - [1;33m🔍 Vérification des changements distants...[0m
2025-07-22 07:10:01 - [1;33m🔍 Vérification des changements distants...[0m
2025-07-22 07:15:01 - [1;33m🔍 Vérification des changements distants...[0m
2025-07-22 07:20:02 - [1;33m🔍 Vérification des changements distants...[0m
2025-07-22 07:25:01 - [1;33m🔍 Vérification des changements distants...[0m
2025-07-22 07:30:01 - [1;33m🔍 Vérification des changements distants...[0m
2025-07-22 07:35:01 - [1;33m🔍 Vérification des changements distants...[0m
2025-07-22 07:40:01 - [1;33m🔍 Vérification des changements distants...[0m
2025-07-22 07:45:01 - [1;33m🔍 Vérification des changements distants...[0m
2025-07-22 07:50:01 - [1;33m🔍 Vérification des changements distants...[0m
2025-07-22 07:55:01 - [1;33m🔍 Vérification des changements distants...[0m
2025-07-22 08:00:01 - [1;33m🔍 Vérification des changements distants...[0m
2025-07-22 08:05:01 - [1;33m🔍 Vérification des changements distants...[0m
2025-07-22 08:10:01 - [1;33m🔍 Vérification des changements distants...[0m
2025-07-22 08:15:01 - [1;33m🔍 Vérification des changements distants...[0m
2025-07-22 08:20:01 - [1;33m🔍 Vérification des changements distants...[0m
2025-07-22 08:25:01 - [1;33m🔍 Vérification des changements distants...[0m
2025-07-22 08:30:01 - [1;33m🔍 Vérification des changements distants...[0m
2025-07-22 08:35:01 - [1;33m🔍 Vérification des changements distants...[0m
2025-07-22 08:40:01 - [1;33m🔍 Vérification des changements distants...[0m
2025-07-22 08:45:01 - [1;33m🔍 Vérification des changements distants...[0m
2025-07-22 08:50:01 - [1;33m🔍 Vérification des changements distants...[0m
2025-07-22 08:55:01 - [1;33m🔍 Vérification des changements distants...[0m
2025-07-22 09:00:01 - [1;33m🔍 Vérification des changements distants...[0m
2025-07-22 09:05:01 - [1;33m🔍 Vérification des changements distants...[0m
2025-07-22 09:10:01 - [1;33m🔍 Vérification des changements distants...[0m
2025-07-22 09:15:01 - [1;33m🔍 Vérification des changements distants...[0m
2025-07-22 09:20:01 - [1;33m🔍 Vérification des changements distants...[0m
2025-07-22 09:25:01 - [1;33m🔍 Vérification des changements distants...[0m
2025-07-22 09:30:01 - [1;33m🔍 Vérification des changements distants...[0m
2025-07-22 09:35:01 - [1;33m🔍 Vérification des changements distants...[0m
2025-07-22 09:40:01 - [1;33m🔍 Vérification des changements distants...[0m
2025-07-22 09:45:01 - [1;33m🔍 Vérification des changements distants...[0m
2025-07-22 09:50:01 - [1;33m🔍 Vérification des changements distants...[0m
2025-07-22 09:55:01 - [1;33m🔍 Vérification des changements distants...[0m
2025-07-22 10:00:01 - [1;33m🔍 Vérification des changements distants...[0m
2025-07-22 10:05:01 - [1;33m🔍 Vérification des changements distants...[0m
2025-07-22 10:10:01 - [1;33m🔍 Vérification des changements distants...[0m
2025-07-22 10:15:01 - [1;33m🔍 Vérification des changements distants...[0m
2025-07-22 10:20:01 - [1;33m🔍 Vérification des changements distants...[0m
2025-07-22 10:25:01 - [1;33m🔍 Vérification des changements distants...[0m
2025-07-22 10:30:01 - [1;33m🔍 Vérification des changements distants...[0m
2025-07-22 10:35:01 - [1;33m🔍 Vérification des changements distants...[0m
2025-07-22 10:40:01 - [1;33m🔍 Vérification des changements distants...[0m
2025-07-22 10:45:01 - [1;33m🔍 Vérification des changements distants...[0m
2025-07-22 10:50:01 - [1;33m🔍 Vérification des changements distants...[0m
2025-07-22 10:55:01 - [1;33m🔍 Vérification des changements distants...[0m
2025-07-22 11:00:01 - [1;33m🔍 Vérification des changements distants...[0m
2025-07-22 11:05:01 - [1;33m🔍 Vérification des changements distants...[0m
2025-07-22 11:10:01 - [1;33m🔍 Vérification des changements distants...[0m
2025-07-22 11:15:01 - [1;33m🔍 Vérification des changements distants...[0m
2025-07-22 11:20:01 - [1;33m🔍 Vérification des changements distants...[0m
2025-07-22 11:25:01 - [1;33m🔍 Vérification des changements distants...[0m
2025-07-22 11:25:03 - [0;32m🆕 Nouveaux changements détectés ![0m
2025-07-22 11:25:03 - [1;33mLocal:  481607fb2ba9ece4627e9f9f6ef227e94976a9d8[0m
2025-07-22 11:25:03 - [1;33mRemote: 932682bee91ee9a466c38b2cd65282fdb3f83a7e[0m
2025-07-22 11:25:03 - [1;33m🚀 Déclenchement du déploiement automatique...[0m
🚀 Début du déploiement automatique Doc@uthANTIC...
📅 mar. 22 juil. 2025 11:25:03 WAT
[1;33m📁 Répertoire courant: /home/ssatl/Documents/Doc@uthANTIC[0m
[1;33m💾 Sauvegarde de l'état actuel...[0m
Pas de modifications locales à sauver
[1;33m📥 Récupération des changements depuis le repository distant...[0m
[1;33m🔄 Nouveaux changements détectés. Mise à jour en cours...[0m
[1;33m⬇️  Pull des changements...[0m
Depuis https://github.com/MARKUPsoft-corp/CertiSign
 * branch              prod       -> FETCH_HEAD
Mise à jour 481607fb..932682be
Fast-forward
 documentation/README.md                   | 259 ++++++++++++++++
 documentation/plan-documentation-latex.md | 242 +++++++++++++++
 frontend/src/views/SignerDashboard.vue    | 491 ++++++++++++++++++++++++++++++
 3 files changed, 992 insertions(+)
 create mode 100644 documentation/README.md
 create mode 100644 documentation/plan-documentation-latex.md
[0;32m✅ Code mis à jour avec succès[0m
[1;33m🗃️  Application des migrations Django...[0m
[0;32m🎉 Déploiement terminé avec succès ![0m
[0;32m📍 Version déployée: 932682be[0m
[0;32m📅 mar. 22 juil. 2025 11:25:07 WAT[0m

[0;32m✨ Doc@uthANTIC est maintenant à jour et fonctionnel ![0m
2025-07-22 11:25:07 - [0;32m✅ Déploiement automatique réussi[0m
2025-07-22 11:30:01 - [1;33m🔍 Vérification des changements distants...[0m
2025-07-22 11:35:01 - [1;33m🔍 Vérification des changements distants...[0m
2025-07-22 11:40:01 - [1;33m🔍 Vérification des changements distants...[0m
2025-07-22 11:40:03 - [0;32m🆕 Nouveaux changements détectés ![0m
2025-07-22 11:40:03 - [1;33mLocal:  932682bee91ee9a466c38b2cd65282fdb3f83a7e[0m
2025-07-22 11:40:03 - [1;33mRemote: 8dac73c435db24fe1383e82dfa6d3f598186f02d[0m
2025-07-22 11:40:03 - [1;33m🚀 Déclenchement du déploiement automatique...[0m
🚀 Début du déploiement automatique Doc@uthANTIC...
📅 mar. 22 juil. 2025 11:40:03 WAT
[1;33m📁 Répertoire courant: /home/ssatl/Documents/Doc@uthANTIC[0m
[1;33m💾 Sauvegarde de l'état actuel...[0m
Pas de modifications locales à sauver
[1;33m📥 Récupération des changements depuis le repository distant...[0m
[1;33m🔄 Nouveaux changements détectés. Mise à jour en cours...[0m
[1;33m⬇️  Pull des changements...[0m
Depuis https://github.com/MARKUPsoft-corp/CertiSign
 * branch              prod       -> FETCH_HEAD
Mise à jour 932682be..8dac73c4
Fast-forward
 frontend/src/views/SignerDashboard.vue | 234 ++-------------------------------
 1 file changed, 13 insertions(+), 221 deletions(-)
[0;32m✅ Code mis à jour avec succès[0m
[1;33m🗃️  Application des migrations Django...[0m
[0;32m🎉 Déploiement terminé avec succès ![0m
[0;32m📍 Version déployée: 8dac73c4[0m
[0;32m📅 mar. 22 juil. 2025 11:40:06 WAT[0m

[0;32m✨ Doc@uthANTIC est maintenant à jour et fonctionnel ![0m
2025-07-22 11:40:06 - [0;32m✅ Déploiement automatique réussi[0m
2025-07-22 11:45:01 - [1;33m🔍 Vérification des changements distants...[0m
2025-07-22 11:45:03 - [0;32m🆕 Nouveaux changements détectés ![0m
2025-07-22 11:45:03 - [1;33mLocal:  8dac73c435db24fe1383e82dfa6d3f598186f02d[0m
2025-07-22 11:45:03 - [1;33mRemote: 5bc3b421b1774a3a63c96575bcf47dedd4833964[0m
2025-07-22 11:45:03 - [1;33m🚀 Déclenchement du déploiement automatique...[0m
🚀 Début du déploiement automatique Doc@uthANTIC...
📅 mar. 22 juil. 2025 11:45:03 WAT
[1;33m📁 Répertoire courant: /home/ssatl/Documents/Doc@uthANTIC[0m
[1;33m💾 Sauvegarde de l'état actuel...[0m
Pas de modifications locales à sauver
[1;33m📥 Récupération des changements depuis le repository distant...[0m
[1;33m🔄 Nouveaux changements détectés. Mise à jour en cours...[0m
[1;33m⬇️  Pull des changements...[0m
Depuis https://github.com/MARKUPsoft-corp/CertiSign
 * branch              prod       -> FETCH_HEAD
Mise à jour 8dac73c4..5bc3b421
Fast-forward
 frontend/src/views/SignerDashboard.vue | 28 +++++++++++++---------------
 1 file changed, 13 insertions(+), 15 deletions(-)
[0;32m✅ Code mis à jour avec succès[0m
[1;33m🗃️  Application des migrations Django...[0m
[0;32m🎉 Déploiement terminé avec succès ![0m
[0;32m📍 Version déployée: 5bc3b421[0m
[0;32m📅 mar. 22 juil. 2025 11:45:06 WAT[0m

[0;32m✨ Doc@uthANTIC est maintenant à jour et fonctionnel ![0m
2025-07-22 11:45:06 - [0;32m✅ Déploiement automatique réussi[0m
2025-07-22 11:50:01 - [1;33m🔍 Vérification des changements distants...[0m
2025-07-22 11:55:01 - [1;33m🔍 Vérification des changements distants...[0m
2025-07-22 12:00:01 - [1;33m🔍 Vérification des changements distants...[0m
2025-07-22 12:05:01 - [1;33m🔍 Vérification des changements distants...[0m
2025-07-22 12:05:02 - [0;32m🆕 Nouveaux changements détectés ![0m
2025-07-22 12:05:02 - [1;33mLocal:  5bc3b421b1774a3a63c96575bcf47dedd4833964[0m
2025-07-22 12:05:02 - [1;33mRemote: 21021f252e420f3e27d2f94dbd380f939bf61f36[0m
2025-07-22 12:05:02 - [1;33m🚀 Déclenchement du déploiement automatique...[0m
🚀 Début du déploiement automatique Doc@uthANTIC...
📅 mar. 22 juil. 2025 12:05:02 WAT
[1;33m📁 Répertoire courant: /home/ssatl/Documents/Doc@uthANTIC[0m
[1;33m💾 Sauvegarde de l'état actuel...[0m
Pas de modifications locales à sauver
[1;33m📥 Récupération des changements depuis le repository distant...[0m
[1;33m🔄 Nouveaux changements détectés. Mise à jour en cours...[0m
[1;33m⬇️  Pull des changements...[0m
Depuis https://github.com/MARKUPsoft-corp/CertiSign
 * branch              prod       -> FETCH_HEAD
Mise à jour 5bc3b421..21021f25
Fast-forward
 frontend/src/views/SignerDashboard.vue | 293 ++++++++++++++++++++++++++++-----
 1 file changed, 256 insertions(+), 37 deletions(-)
[0;32m✅ Code mis à jour avec succès[0m
[1;33m🗃️  Application des migrations Django...[0m
[0;32m🎉 Déploiement terminé avec succès ![0m
[0;32m📍 Version déployée: 21021f25[0m
[0;32m📅 mar. 22 juil. 2025 12:05:05 WAT[0m

[0;32m✨ Doc@uthANTIC est maintenant à jour et fonctionnel ![0m
2025-07-22 12:05:05 - [0;32m✅ Déploiement automatique réussi[0m
2025-07-22 12:10:01 - [1;33m🔍 Vérification des changements distants...[0m
2025-07-22 12:15:01 - [1;33m🔍 Vérification des changements distants...[0m
2025-07-22 12:20:01 - [1;33m🔍 Vérification des changements distants...[0m
2025-07-22 12:20:03 - [0;32m🆕 Nouveaux changements détectés ![0m
2025-07-22 12:20:03 - [1;33mLocal:  21021f252e420f3e27d2f94dbd380f939bf61f36[0m
2025-07-22 12:20:03 - [1;33mRemote: fb35982115924f12af1aed8b3dd119563f719e4f[0m
2025-07-22 12:20:03 - [1;33m🚀 Déclenchement du déploiement automatique...[0m
🚀 Début du déploiement automatique Doc@uthANTIC...
📅 mar. 22 juil. 2025 12:20:03 WAT
[1;33m📁 Répertoire courant: /home/ssatl/Documents/Doc@uthANTIC[0m
[1;33m💾 Sauvegarde de l'état actuel...[0m
Pas de modifications locales à sauver
[1;33m📥 Récupération des changements depuis le repository distant...[0m
[1;33m🔄 Nouveaux changements détectés. Mise à jour en cours...[0m
[1;33m⬇️  Pull des changements...[0m
Depuis https://github.com/MARKUPsoft-corp/CertiSign
 * branch              prod       -> FETCH_HEAD
Mise à jour 21021f25..fb359821
Fast-forward
 frontend/src/views/SignWithTemplateMultiple.vue |  26 +-
 frontend/src/views/SignerDashboard.vue          | 329 +++++++++++++++---------
 2 files changed, 237 insertions(+), 118 deletions(-)
[0;32m✅ Code mis à jour avec succès[0m
[1;33m🗃️  Application des migrations Django...[0m
[0;32m🎉 Déploiement terminé avec succès ![0m
[0;32m📍 Version déployée: fb359821[0m
[0;32m📅 mar. 22 juil. 2025 12:20:06 WAT[0m

[0;32m✨ Doc@uthANTIC est maintenant à jour et fonctionnel ![0m
2025-07-22 12:20:06 - [0;32m✅ Déploiement automatique réussi[0m
2025-07-22 12:25:01 - [1;33m🔍 Vérification des changements distants...[0m
2025-07-22 12:30:01 - [1;33m🔍 Vérification des changements distants...[0m
2025-07-22 12:30:02 - [0;32m🆕 Nouveaux changements détectés ![0m
2025-07-22 12:30:02 - [1;33mLocal:  fb35982115924f12af1aed8b3dd119563f719e4f[0m
2025-07-22 12:30:02 - [1;33mRemote: f6b26b992a8ea506cc7e4612087104ce43eb3cce[0m
2025-07-22 12:30:02 - [1;33m🚀 Déclenchement du déploiement automatique...[0m
🚀 Début du déploiement automatique Doc@uthANTIC...
📅 mar. 22 juil. 2025 12:30:02 WAT
[1;33m📁 Répertoire courant: /home/ssatl/Documents/Doc@uthANTIC[0m
[1;33m💾 Sauvegarde de l'état actuel...[0m
Pas de modifications locales à sauver
[1;33m📥 Récupération des changements depuis le repository distant...[0m
[1;33m🔄 Nouveaux changements détectés. Mise à jour en cours...[0m
[1;33m⬇️  Pull des changements...[0m
Depuis https://github.com/MARKUPsoft-corp/CertiSign
 * branch              prod       -> FETCH_HEAD
Mise à jour fb359821..f6b26b99
Fast-forward
 frontend/src/views/SignerDashboard.vue | 77 +++++++++++++++++++++++++++-------
 1 file changed, 63 insertions(+), 14 deletions(-)
[0;32m✅ Code mis à jour avec succès[0m
[1;33m🗃️  Application des migrations Django...[0m
[0;32m🎉 Déploiement terminé avec succès ![0m
[0;32m📍 Version déployée: f6b26b99[0m
[0;32m📅 mar. 22 juil. 2025 12:30:05 WAT[0m

[0;32m✨ Doc@uthANTIC est maintenant à jour et fonctionnel ![0m
2025-07-22 12:30:05 - [0;32m✅ Déploiement automatique réussi[0m
2025-07-22 12:35:01 - [1;33m🔍 Vérification des changements distants...[0m
2025-07-22 12:40:01 - [1;33m🔍 Vérification des changements distants...[0m
2025-07-22 12:45:01 - [1;33m🔍 Vérification des changements distants...[0m
2025-07-22 12:45:03 - [0;32m🆕 Nouveaux changements détectés ![0m
2025-07-22 12:45:03 - [1;33mLocal:  f6b26b992a8ea506cc7e4612087104ce43eb3cce[0m
2025-07-22 12:45:03 - [1;33mRemote: 1a765469e4053755a5ee164085a8626d8469347f[0m
2025-07-22 12:45:03 - [1;33m🚀 Déclenchement du déploiement automatique...[0m
🚀 Début du déploiement automatique Doc@uthANTIC...
📅 mar. 22 juil. 2025 12:45:03 WAT
[1;33m📁 Répertoire courant: /home/ssatl/Documents/Doc@uthANTIC[0m
[1;33m💾 Sauvegarde de l'état actuel...[0m
Pas de modifications locales à sauver
[1;33m📥 Récupération des changements depuis le repository distant...[0m
[1;33m🔄 Nouveaux changements détectés. Mise à jour en cours...[0m
[1;33m⬇️  Pull des changements...[0m
Depuis https://github.com/MARKUPsoft-corp/CertiSign
 * branch              prod       -> FETCH_HEAD
Mise à jour f6b26b99..1a765469
Fast-forward
 frontend/src/views/SignerDashboard.vue | 46 ++++++++++++++++++++++++++--------
 1 file changed, 35 insertions(+), 11 deletions(-)
[0;32m✅ Code mis à jour avec succès[0m
[1;33m🗃️  Application des migrations Django...[0m
[0;32m🎉 Déploiement terminé avec succès ![0m
[0;32m📍 Version déployée: 1a765469[0m
[0;32m📅 mar. 22 juil. 2025 12:45:06 WAT[0m

[0;32m✨ Doc@uthANTIC est maintenant à jour et fonctionnel ![0m
2025-07-22 12:45:06 - [0;32m✅ Déploiement automatique réussi[0m
2025-07-22 12:50:01 - [1;33m🔍 Vérification des changements distants...[0m
2025-07-22 12:55:01 - [1;33m🔍 Vérification des changements distants...[0m
2025-07-22 13:00:01 - [1;33m🔍 Vérification des changements distants...[0m
2025-07-22 13:05:01 - [1;33m🔍 Vérification des changements distants...[0m
2025-07-22 13:10:01 - [1;33m🔍 Vérification des changements distants...[0m
2025-07-22 13:15:01 - [1;33m🔍 Vérification des changements distants...[0m
2025-07-22 13:20:01 - [1;33m🔍 Vérification des changements distants...[0m
2025-07-22 13:20:03 - [0;32m🆕 Nouveaux changements détectés ![0m
2025-07-22 13:20:03 - [1;33mLocal:  1a765469e4053755a5ee164085a8626d8469347f[0m
2025-07-22 13:20:03 - [1;33mRemote: 2a077810ee4d60ea0bbddc88349cb79ef546563a[0m
2025-07-22 13:20:03 - [1;33m🚀 Déclenchement du déploiement automatique...[0m
🚀 Début du déploiement automatique Doc@uthANTIC...
📅 mar. 22 juil. 2025 13:20:03 WAT
[1;33m📁 Répertoire courant: /home/ssatl/Documents/Doc@uthANTIC[0m
[1;33m💾 Sauvegarde de l'état actuel...[0m
Pas de modifications locales à sauver
[1;33m📥 Récupération des changements depuis le repository distant...[0m
[1;33m🔄 Nouveaux changements détectés. Mise à jour en cours...[0m
[1;33m⬇️  Pull des changements...[0m
Depuis https://github.com/MARKUPsoft-corp/CertiSign
 * branch              prod       -> FETCH_HEAD
Mise à jour 1a765469..2a077810
Fast-forward
 backend/django-project/certisign_project/settings.py | 4 ++--
 1 file changed, 2 insertions(+), 2 deletions(-)
[0;32m✅ Code mis à jour avec succès[0m
[1;33m🗃️  Application des migrations Django...[0m
[0;32m🎉 Déploiement terminé avec succès ![0m
[0;32m📍 Version déployée: 2a077810[0m
[0;32m📅 mar. 22 juil. 2025 13:20:06 WAT[0m

[0;32m✨ Doc@uthANTIC est maintenant à jour et fonctionnel ![0m
2025-07-22 13:20:06 - [0;32m✅ Déploiement automatique réussi[0m
2025-07-22 13:25:01 - [1;33m🔍 Vérification des changements distants...[0m
2025-07-22 13:30:01 - [1;33m🔍 Vérification des changements distants...[0m
2025-07-22 13:35:01 - [1;33m🔍 Vérification des changements distants...[0m
2025-07-22 13:40:02 - [1;33m🔍 Vérification des changements distants...[0m
2025-07-22 13:45:01 - [1;33m🔍 Vérification des changements distants...[0m
2025-07-22 13:50:01 - [1;33m🔍 Vérification des changements distants...[0m
2025-07-22 13:55:01 - [1;33m🔍 Vérification des changements distants...[0m
2025-07-22 14:00:01 - [1;33m🔍 Vérification des changements distants...[0m
2025-07-22 14:05:01 - [1;33m🔍 Vérification des changements distants...[0m
2025-07-22 14:10:01 - [1;33m🔍 Vérification des changements distants...[0m
2025-07-22 14:15:01 - [1;33m🔍 Vérification des changements distants...[0m
2025-07-22 14:20:01 - [1;33m🔍 Vérification des changements distants...[0m
2025-07-22 14:25:01 - [1;33m🔍 Vérification des changements distants...[0m
2025-07-22 14:30:01 - [1;33m🔍 Vérification des changements distants...[0m
2025-07-22 14:35:01 - [1;33m🔍 Vérification des changements distants...[0m
2025-07-22 14:40:01 - [1;33m🔍 Vérification des changements distants...[0m
2025-07-22 14:45:01 - [1;33m🔍 Vérification des changements distants...[0m
2025-07-22 14:50:01 - [1;33m🔍 Vérification des changements distants...[0m
2025-07-22 14:55:01 - [1;33m🔍 Vérification des changements distants...[0m
2025-07-22 15:00:01 - [1;33m🔍 Vérification des changements distants...[0m
2025-07-22 15:05:01 - [1;33m🔍 Vérification des changements distants...[0m
2025-07-22 15:10:01 - [1;33m🔍 Vérification des changements distants...[0m
2025-07-22 15:15:01 - [1;33m🔍 Vérification des changements distants...[0m
2025-07-22 15:20:01 - [1;33m🔍 Vérification des changements distants...[0m
2025-07-22 15:25:01 - [1;33m🔍 Vérification des changements distants...[0m
2025-07-22 15:30:01 - [1;33m🔍 Vérification des changements distants...[0m
2025-07-22 15:35:01 - [1;33m🔍 Vérification des changements distants...[0m
2025-07-22 15:40:01 - [1;33m🔍 Vérification des changements distants...[0m
2025-07-22 15:45:01 - [1;33m🔍 Vérification des changements distants...[0m
2025-07-22 15:50:01 - [1;33m🔍 Vérification des changements distants...[0m
2025-07-22 15:55:01 - [1;33m🔍 Vérification des changements distants...[0m
2025-07-22 16:00:01 - [1;33m🔍 Vérification des changements distants...[0m
2025-07-22 16:05:01 - [1;33m🔍 Vérification des changements distants...[0m
2025-07-22 16:10:01 - [1;33m🔍 Vérification des changements distants...[0m
2025-07-22 16:15:01 - [1;33m🔍 Vérification des changements distants...[0m
2025-07-22 16:20:01 - [1;33m🔍 Vérification des changements distants...[0m
2025-07-22 16:25:01 - [1;33m🔍 Vérification des changements distants...[0m
2025-07-22 16:30:01 - [1;33m🔍 Vérification des changements distants...[0m
2025-07-22 16:35:01 - [1;33m🔍 Vérification des changements distants...[0m
2025-07-22 16:40:01 - [1;33m🔍 Vérification des changements distants...[0m
2025-07-22 16:45:01 - [1;33m🔍 Vérification des changements distants...[0m
2025-07-22 16:50:01 - [1;33m🔍 Vérification des changements distants...[0m
2025-07-22 16:55:01 - [1;33m🔍 Vérification des changements distants...[0m
2025-07-22 17:00:01 - [1;33m🔍 Vérification des changements distants...[0m
2025-07-22 17:05:01 - [1;33m🔍 Vérification des changements distants...[0m
2025-07-22 17:10:01 - [1;33m🔍 Vérification des changements distants...[0m
2025-07-22 17:15:01 - [1;33m🔍 Vérification des changements distants...[0m
2025-07-22 17:20:01 - [1;33m🔍 Vérification des changements distants...[0m
2025-07-22 17:25:01 - [1;33m🔍 Vérification des changements distants...[0m
2025-07-22 17:30:01 - [1;33m🔍 Vérification des changements distants...[0m
2025-07-22 17:35:01 - [1;33m🔍 Vérification des changements distants...[0m
2025-07-22 17:40:01 - [1;33m🔍 Vérification des changements distants...[0m
2025-07-22 17:45:01 - [1;33m🔍 Vérification des changements distants...[0m
2025-07-22 17:50:01 - [1;33m🔍 Vérification des changements distants...[0m
2025-07-22 17:55:01 - [1;33m🔍 Vérification des changements distants...[0m
2025-07-22 18:00:01 - [1;33m🔍 Vérification des changements distants...[0m
2025-07-22 18:05:01 - [1;33m🔍 Vérification des changements distants...[0m
2025-07-22 18:10:01 - [1;33m🔍 Vérification des changements distants...[0m
2025-07-22 18:15:01 - [1;33m🔍 Vérification des changements distants...[0m
2025-07-22 18:20:01 - [1;33m🔍 Vérification des changements distants...[0m
2025-07-22 18:25:01 - [1;33m🔍 Vérification des changements distants...[0m
2025-07-22 18:30:01 - [1;33m🔍 Vérification des changements distants...[0m
2025-07-22 18:35:01 - [1;33m🔍 Vérification des changements distants...[0m
2025-07-22 18:40:01 - [1;33m🔍 Vérification des changements distants...[0m
2025-07-22 18:45:01 - [1;33m🔍 Vérification des changements distants...[0m
2025-07-22 18:50:01 - [1;33m🔍 Vérification des changements distants...[0m
2025-07-22 18:55:01 - [1;33m🔍 Vérification des changements distants...[0m
2025-07-22 19:00:01 - [1;33m🔍 Vérification des changements distants...[0m
2025-07-22 19:05:01 - [1;33m🔍 Vérification des changements distants...[0m
2025-07-22 19:10:01 - [1;33m🔍 Vérification des changements distants...[0m
2025-07-22 19:15:01 - [1;33m🔍 Vérification des changements distants...[0m
2025-07-22 19:20:01 - [1;33m🔍 Vérification des changements distants...[0m
2025-07-22 19:25:02 - [1;33m🔍 Vérification des changements distants...[0m
2025-07-22 19:30:01 - [1;33m🔍 Vérification des changements distants...[0m
2025-07-22 19:35:01 - [1;33m🔍 Vérification des changements distants...[0m
2025-07-22 19:40:01 - [1;33m🔍 Vérification des changements distants...[0m
2025-07-22 19:45:01 - [1;33m🔍 Vérification des changements distants...[0m
2025-07-22 19:50:01 - [1;33m🔍 Vérification des changements distants...[0m
2025-07-22 19:55:01 - [1;33m🔍 Vérification des changements distants...[0m
2025-07-22 20:00:01 - [1;33m🔍 Vérification des changements distants...[0m
2025-07-22 20:05:01 - [1;33m🔍 Vérification des changements distants...[0m
2025-07-22 20:10:01 - [1;33m🔍 Vérification des changements distants...[0m
2025-07-22 20:15:01 - [1;33m🔍 Vérification des changements distants...[0m
2025-07-22 20:20:01 - [1;33m🔍 Vérification des changements distants...[0m
2025-07-22 20:25:01 - [1;33m🔍 Vérification des changements distants...[0m
2025-07-22 20:30:01 - [1;33m🔍 Vérification des changements distants...[0m
2025-07-22 20:35:01 - [1;33m🔍 Vérification des changements distants...[0m
2025-07-22 20:40:01 - [1;33m🔍 Vérification des changements distants...[0m
2025-07-22 20:45:01 - [1;33m🔍 Vérification des changements distants...[0m
2025-07-22 20:50:01 - [1;33m🔍 Vérification des changements distants...[0m
2025-07-22 20:55:01 - [1;33m🔍 Vérification des changements distants...[0m
2025-07-22 21:00:01 - [1;33m🔍 Vérification des changements distants...[0m
2025-07-22 21:05:01 - [1;33m🔍 Vérification des changements distants...[0m
2025-07-22 21:10:01 - [1;33m🔍 Vérification des changements distants...[0m
2025-07-22 21:15:01 - [1;33m🔍 Vérification des changements distants...[0m
2025-07-22 21:20:01 - [1;33m🔍 Vérification des changements distants...[0m
2025-07-22 21:25:01 - [1;33m🔍 Vérification des changements distants...[0m
2025-07-22 21:30:01 - [1;33m🔍 Vérification des changements distants...[0m
2025-07-22 21:35:01 - [1;33m🔍 Vérification des changements distants...[0m
2025-07-22 21:40:01 - [1;33m🔍 Vérification des changements distants...[0m
2025-07-22 21:45:01 - [1;33m🔍 Vérification des changements distants...[0m
2025-07-22 21:50:01 - [1;33m🔍 Vérification des changements distants...[0m
2025-07-22 21:55:01 - [1;33m🔍 Vérification des changements distants...[0m
2025-07-22 22:00:01 - [1;33m🔍 Vérification des changements distants...[0m
2025-07-22 22:05:01 - [1;33m🔍 Vérification des changements distants...[0m
2025-07-22 22:10:01 - [1;33m🔍 Vérification des changements distants...[0m
2025-07-22 22:15:01 - [1;33m🔍 Vérification des changements distants...[0m
2025-07-22 22:20:01 - [1;33m🔍 Vérification des changements distants...[0m
2025-07-22 22:25:01 - [1;33m🔍 Vérification des changements distants...[0m
2025-07-22 22:30:01 - [1;33m🔍 Vérification des changements distants...[0m
2025-07-22 22:35:01 - [1;33m🔍 Vérification des changements distants...[0m
2025-07-22 22:40:01 - [1;33m🔍 Vérification des changements distants...[0m
2025-07-22 22:45:01 - [1;33m🔍 Vérification des changements distants...[0m
2025-07-22 22:50:01 - [1;33m🔍 Vérification des changements distants...[0m
2025-07-22 22:55:01 - [1;33m🔍 Vérification des changements distants...[0m
2025-07-22 23:00:01 - [1;33m🔍 Vérification des changements distants...[0m
2025-07-22 23:05:01 - [1;33m🔍 Vérification des changements distants...[0m
2025-07-22 23:10:01 - [1;33m🔍 Vérification des changements distants...[0m
2025-07-22 23:15:01 - [1;33m🔍 Vérification des changements distants...[0m
2025-07-22 23:20:01 - [1;33m🔍 Vérification des changements distants...[0m
2025-07-22 23:25:01 - [1;33m🔍 Vérification des changements distants...[0m
2025-07-22 23:30:01 - [1;33m🔍 Vérification des changements distants...[0m
2025-07-22 23:35:01 - [1;33m🔍 Vérification des changements distants...[0m
2025-07-22 23:40:01 - [1;33m🔍 Vérification des changements distants...[0m
2025-07-22 23:45:01 - [1;33m🔍 Vérification des changements distants...[0m
2025-07-22 23:50:01 - [1;33m🔍 Vérification des changements distants...[0m
2025-07-22 23:55:01 - [1;33m🔍 Vérification des changements distants...[0m
2025-07-23 00:00:01 - [1;33m🔍 Vérification des changements distants...[0m
2025-07-23 00:05:01 - [1;33m🔍 Vérification des changements distants...[0m
2025-07-23 00:10:01 - [1;33m🔍 Vérification des changements distants...[0m
2025-07-23 00:15:01 - [1;33m🔍 Vérification des changements distants...[0m
2025-07-23 00:20:01 - [1;33m🔍 Vérification des changements distants...[0m
2025-07-23 00:25:01 - [1;33m🔍 Vérification des changements distants...[0m
2025-07-23 00:30:01 - [1;33m🔍 Vérification des changements distants...[0m
2025-07-23 00:35:01 - [1;33m🔍 Vérification des changements distants...[0m
2025-07-23 00:40:01 - [1;33m🔍 Vérification des changements distants...[0m
2025-07-23 00:45:01 - [1;33m🔍 Vérification des changements distants...[0m
2025-07-23 00:50:01 - [1;33m🔍 Vérification des changements distants...[0m
2025-07-23 00:55:02 - [1;33m🔍 Vérification des changements distants...[0m
2025-07-23 01:00:01 - [1;33m🔍 Vérification des changements distants...[0m
2025-07-23 01:05:01 - [1;33m🔍 Vérification des changements distants...[0m
2025-07-23 01:10:01 - [1;33m🔍 Vérification des changements distants...[0m
2025-07-23 01:15:01 - [1;33m🔍 Vérification des changements distants...[0m
2025-07-23 01:20:01 - [1;33m🔍 Vérification des changements distants...[0m
2025-07-23 01:25:02 - [1;33m🔍 Vérification des changements distants...[0m
2025-07-23 01:30:01 - [1;33m🔍 Vérification des changements distants...[0m
2025-07-23 01:35:01 - [1;33m🔍 Vérification des changements distants...[0m
2025-07-23 01:40:01 - [1;33m🔍 Vérification des changements distants...[0m
2025-07-23 01:45:01 - [1;33m🔍 Vérification des changements distants...[0m
2025-07-23 01:50:01 - [1;33m🔍 Vérification des changements distants...[0m
2025-07-23 01:55:01 - [1;33m🔍 Vérification des changements distants...[0m
2025-07-23 02:00:01 - [1;33m🔍 Vérification des changements distants...[0m
2025-07-23 02:05:02 - [1;33m🔍 Vérification des changements distants...[0m
2025-07-23 02:10:01 - [1;33m🔍 Vérification des changements distants...[0m
2025-07-23 02:15:01 - [1;33m🔍 Vérification des changements distants...[0m
2025-07-23 02:20:01 - [1;33m🔍 Vérification des changements distants...[0m
2025-07-23 02:25:01 - [1;33m🔍 Vérification des changements distants...[0m
2025-07-23 02:30:01 - [1;33m🔍 Vérification des changements distants...[0m
2025-07-23 02:35:01 - [1;33m🔍 Vérification des changements distants...[0m
2025-07-23 02:40:01 - [1;33m🔍 Vérification des changements distants...[0m
2025-07-23 02:45:01 - [1;33m🔍 Vérification des changements distants...[0m
2025-07-23 02:50:01 - [1;33m🔍 Vérification des changements distants...[0m
2025-07-23 02:55:01 - [1;33m🔍 Vérification des changements distants...[0m
2025-07-23 03:00:01 - [1;33m🔍 Vérification des changements distants...[0m
2025-07-23 03:05:01 - [1;33m🔍 Vérification des changements distants...[0m
2025-07-23 03:10:01 - [1;33m🔍 Vérification des changements distants...[0m
2025-07-23 03:15:01 - [1;33m🔍 Vérification des changements distants...[0m
2025-07-23 03:20:01 - [1;33m🔍 Vérification des changements distants...[0m
2025-07-23 03:25:01 - [1;33m🔍 Vérification des changements distants...[0m
2025-07-23 03:30:01 - [1;33m🔍 Vérification des changements distants...[0m
2025-07-23 03:35:01 - [1;33m🔍 Vérification des changements distants...[0m
2025-07-23 03:40:01 - [1;33m🔍 Vérification des changements distants...[0m
2025-07-23 03:45:01 - [1;33m🔍 Vérification des changements distants...[0m
2025-07-23 03:50:01 - [1;33m🔍 Vérification des changements distants...[0m
2025-07-23 03:55:01 - [1;33m🔍 Vérification des changements distants...[0m
2025-07-23 04:00:01 - [1;33m🔍 Vérification des changements distants...[0m
2025-07-23 04:05:01 - [1;33m🔍 Vérification des changements distants...[0m
2025-07-23 04:10:01 - [1;33m🔍 Vérification des changements distants...[0m
2025-07-23 04:15:01 - [1;33m🔍 Vérification des changements distants...[0m
2025-07-23 04:20:01 - [1;33m🔍 Vérification des changements distants...[0m
2025-07-23 04:25:01 - [1;33m🔍 Vérification des changements distants...[0m
2025-07-23 04:30:01 - [1;33m🔍 Vérification des changements distants...[0m
2025-07-23 04:35:01 - [1;33m🔍 Vérification des changements distants...[0m
2025-07-23 04:40:01 - [1;33m🔍 Vérification des changements distants...[0m
2025-07-23 04:45:01 - [1;33m🔍 Vérification des changements distants...[0m
2025-07-23 04:50:01 - [1;33m🔍 Vérification des changements distants...[0m
2025-07-23 04:55:01 - [1;33m🔍 Vérification des changements distants...[0m
2025-07-23 05:00:01 - [1;33m🔍 Vérification des changements distants...[0m
2025-07-23 05:05:01 - [1;33m🔍 Vérification des changements distants...[0m
2025-07-23 05:10:01 - [1;33m🔍 Vérification des changements distants...[0m
2025-07-23 05:15:01 - [1;33m🔍 Vérification des changements distants...[0m
2025-07-23 05:20:01 - [1;33m🔍 Vérification des changements distants...[0m
2025-07-23 05:25:01 - [1;33m🔍 Vérification des changements distants...[0m
2025-07-23 05:30:01 - [1;33m🔍 Vérification des changements distants...[0m
2025-07-23 05:35:01 - [1;33m🔍 Vérification des changements distants...[0m
2025-07-23 05:40:01 - [1;33m🔍 Vérification des changements distants...[0m
2025-07-23 05:45:01 - [1;33m🔍 Vérification des changements distants...[0m
2025-07-23 05:50:01 - [1;33m🔍 Vérification des changements distants...[0m
2025-07-23 05:55:01 - [1;33m🔍 Vérification des changements distants...[0m
2025-07-23 06:00:01 - [1;33m🔍 Vérification des changements distants...[0m
2025-07-23 06:05:01 - [1;33m🔍 Vérification des changements distants...[0m
2025-07-23 06:10:01 - [1;33m🔍 Vérification des changements distants...[0m
2025-07-23 06:15:01 - [1;33m🔍 Vérification des changements distants...[0m
2025-07-23 06:20:01 - [1;33m🔍 Vérification des changements distants...[0m
2025-07-23 06:25:01 - [1;33m🔍 Vérification des changements distants...[0m
2025-07-23 06:30:02 - [1;33m🔍 Vérification des changements distants...[0m
2025-07-23 06:35:01 - [1;33m🔍 Vérification des changements distants...[0m
2025-07-23 06:40:01 - [1;33m🔍 Vérification des changements distants...[0m
2025-07-23 06:45:01 - [1;33m🔍 Vérification des changements distants...[0m
2025-07-23 06:50:01 - [1;33m🔍 Vérification des changements distants...[0m
2025-07-23 06:55:01 - [1;33m🔍 Vérification des changements distants...[0m
2025-07-23 07:00:02 - [1;33m🔍 Vérification des changements distants...[0m
2025-07-23 07:05:01 - [1;33m🔍 Vérification des changements distants...[0m
2025-07-23 07:10:01 - [1;33m🔍 Vérification des changements distants...[0m
2025-07-23 07:15:01 - [1;33m🔍 Vérification des changements distants...[0m
2025-07-23 07:20:01 - [1;33m🔍 Vérification des changements distants...[0m
2025-07-23 07:25:01 - [1;33m🔍 Vérification des changements distants...[0m
2025-07-23 07:30:01 - [1;33m🔍 Vérification des changements distants...[0m
2025-07-23 07:35:01 - [1;33m🔍 Vérification des changements distants...[0m
2025-07-23 07:40:01 - [1;33m🔍 Vérification des changements distants...[0m
2025-07-23 07:45:01 - [1;33m🔍 Vérification des changements distants...[0m
2025-07-23 07:50:01 - [1;33m🔍 Vérification des changements distants...[0m
2025-07-23 07:55:01 - [1;33m🔍 Vérification des changements distants...[0m
2025-07-23 08:00:01 - [1;33m🔍 Vérification des changements distants...[0m
2025-07-23 08:05:01 - [1;33m🔍 Vérification des changements distants...[0m
2025-07-23 08:10:01 - [1;33m🔍 Vérification des changements distants...[0m
2025-07-23 08:15:01 - [1;33m🔍 Vérification des changements distants...[0m
2025-07-23 08:20:01 - [1;33m🔍 Vérification des changements distants...[0m
2025-07-23 08:25:01 - [1;33m🔍 Vérification des changements distants...[0m
2025-07-23 08:30:01 - [1;33m🔍 Vérification des changements distants...[0m
2025-07-23 08:35:01 - [1;33m🔍 Vérification des changements distants...[0m
2025-07-23 08:40:01 - [1;33m🔍 Vérification des changements distants...[0m
2025-07-23 08:45:01 - [1;33m🔍 Vérification des changements distants...[0m
2025-07-23 08:50:01 - [1;33m🔍 Vérification des changements distants...[0m
2025-07-23 08:55:01 - [1;33m🔍 Vérification des changements distants...[0m
2025-07-23 09:00:01 - [1;33m🔍 Vérification des changements distants...[0m
2025-07-23 09:05:01 - [1;33m🔍 Vérification des changements distants...[0m
2025-07-23 09:10:01 - [1;33m🔍 Vérification des changements distants...[0m
2025-07-23 09:15:01 - [1;33m🔍 Vérification des changements distants...[0m
2025-07-23 09:20:01 - [1;33m🔍 Vérification des changements distants...[0m
2025-07-23 09:25:01 - [1;33m🔍 Vérification des changements distants...[0m
2025-07-23 09:30:01 - [1;33m🔍 Vérification des changements distants...[0m
2025-07-23 09:35:01 - [1;33m🔍 Vérification des changements distants...[0m
2025-07-23 09:40:01 - [1;33m🔍 Vérification des changements distants...[0m
2025-07-23 09:45:01 - [1;33m🔍 Vérification des changements distants...[0m
2025-07-23 09:50:01 - [1;33m🔍 Vérification des changements distants...[0m
2025-07-23 09:55:01 - [1;33m🔍 Vérification des changements distants...[0m
2025-07-23 10:00:01 - [1;33m🔍 Vérification des changements distants...[0m
2025-07-23 10:05:01 - [1;33m🔍 Vérification des changements distants...[0m
2025-07-23 10:10:01 - [1;33m🔍 Vérification des changements distants...[0m
2025-07-23 10:15:01 - [1;33m🔍 Vérification des changements distants...[0m
2025-07-23 10:20:01 - [1;33m🔍 Vérification des changements distants...[0m
2025-07-23 10:25:01 - [1;33m🔍 Vérification des changements distants...[0m
2025-07-23 10:30:01 - [1;33m🔍 Vérification des changements distants...[0m
2025-07-23 10:35:01 - [1;33m🔍 Vérification des changements distants...[0m
2025-07-23 10:40:01 - [1;33m🔍 Vérification des changements distants...[0m
2025-07-23 10:45:01 - [1;33m🔍 Vérification des changements distants...[0m
2025-07-23 10:50:01 - [1;33m🔍 Vérification des changements distants...[0m
2025-07-23 10:55:01 - [1;33m🔍 Vérification des changements distants...[0m
2025-07-23 11:00:01 - [1;33m🔍 Vérification des changements distants...[0m
2025-07-23 11:05:01 - [1;33m🔍 Vérification des changements distants...[0m
2025-07-23 11:10:01 - [1;33m🔍 Vérification des changements distants...[0m
2025-07-23 11:15:01 - [1;33m🔍 Vérification des changements distants...[0m
2025-07-23 11:20:01 - [1;33m🔍 Vérification des changements distants...[0m
2025-07-23 11:25:01 - [1;33m🔍 Vérification des changements distants...[0m
2025-07-23 11:30:01 - [1;33m🔍 Vérification des changements distants...[0m
2025-07-23 11:35:01 - [1;33m🔍 Vérification des changements distants...[0m
2025-07-23 11:40:01 - [1;33m🔍 Vérification des changements distants...[0m
2025-07-23 11:45:01 - [1;33m🔍 Vérification des changements distants...[0m
2025-07-23 11:50:01 - [1;33m🔍 Vérification des changements distants...[0m
2025-07-23 11:55:01 - [1;33m🔍 Vérification des changements distants...[0m
2025-07-23 12:00:01 - [1;33m🔍 Vérification des changements distants...[0m
2025-07-23 12:05:01 - [1;33m🔍 Vérification des changements distants...[0m
2025-07-23 12:10:01 - [1;33m🔍 Vérification des changements distants...[0m
2025-07-23 12:15:01 - [1;33m🔍 Vérification des changements distants...[0m
2025-07-23 12:20:01 - [1;33m🔍 Vérification des changements distants...[0m
2025-07-23 12:25:01 - [1;33m🔍 Vérification des changements distants...[0m
2025-07-23 12:30:01 - [1;33m🔍 Vérification des changements distants...[0m
2025-07-23 12:35:01 - [1;33m🔍 Vérification des changements distants...[0m
2025-07-23 12:40:01 - [1;33m🔍 Vérification des changements distants...[0m
2025-07-23 12:45:01 - [1;33m🔍 Vérification des changements distants...[0m
2025-07-23 12:50:01 - [1;33m🔍 Vérification des changements distants...[0m
2025-07-23 12:55:01 - [1;33m🔍 Vérification des changements distants...[0m
2025-07-23 13:00:01 - [1;33m🔍 Vérification des changements distants...[0m
2025-07-23 13:05:01 - [1;33m🔍 Vérification des changements distants...[0m
2025-07-23 13:10:01 - [1;33m🔍 Vérification des changements distants...[0m
2025-07-23 13:15:01 - [1;33m🔍 Vérification des changements distants...[0m
2025-07-23 13:20:01 - [1;33m🔍 Vérification des changements distants...[0m
2025-07-23 13:25:01 - [1;33m🔍 Vérification des changements distants...[0m
2025-07-23 13:30:01 - [1;33m🔍 Vérification des changements distants...[0m
2025-07-23 13:35:01 - [1;33m🔍 Vérification des changements distants...[0m
2025-07-23 13:40:01 - [1;33m🔍 Vérification des changements distants...[0m
2025-07-23 13:45:01 - [1;33m🔍 Vérification des changements distants...[0m
2025-07-23 13:50:01 - [1;33m🔍 Vérification des changements distants...[0m
2025-07-23 13:55:01 - [1;33m🔍 Vérification des changements distants...[0m
2025-07-23 14:00:01 - [1;33m🔍 Vérification des changements distants...[0m
2025-07-23 14:05:01 - [1;33m🔍 Vérification des changements distants...[0m
2025-07-23 14:10:01 - [1;33m🔍 Vérification des changements distants...[0m
2025-07-23 14:15:01 - [1;33m🔍 Vérification des changements distants...[0m
2025-07-23 14:20:01 - [1;33m🔍 Vérification des changements distants...[0m
2025-07-23 14:25:01 - [1;33m🔍 Vérification des changements distants...[0m
2025-07-23 14:30:01 - [1;33m🔍 Vérification des changements distants...[0m
2025-07-23 14:35:01 - [1;33m🔍 Vérification des changements distants...[0m
2025-07-23 14:40:01 - [1;33m🔍 Vérification des changements distants...[0m
2025-07-23 14:45:01 - [1;33m🔍 Vérification des changements distants...[0m
2025-07-23 14:50:01 - [1;33m🔍 Vérification des changements distants...[0m
2025-07-23 14:55:01 - [1;33m🔍 Vérification des changements distants...[0m
2025-07-23 15:00:01 - [1;33m🔍 Vérification des changements distants...[0m
2025-07-23 15:05:01 - [1;33m🔍 Vérification des changements distants...[0m
2025-07-23 15:10:01 - [1;33m🔍 Vérification des changements distants...[0m
2025-07-23 15:15:02 - [1;33m🔍 Vérification des changements distants...[0m
2025-07-23 15:20:01 - [1;33m🔍 Vérification des changements distants...[0m
2025-07-23 15:25:01 - [1;33m🔍 Vérification des changements distants...[0m
2025-07-23 15:30:01 - [1;33m🔍 Vérification des changements distants...[0m
2025-07-23 15:35:01 - [1;33m🔍 Vérification des changements distants...[0m
2025-07-23 15:40:01 - [1;33m🔍 Vérification des changements distants...[0m
2025-07-23 15:45:01 - [1;33m🔍 Vérification des changements distants...[0m
2025-07-23 15:50:01 - [1;33m🔍 Vérification des changements distants...[0m
2025-07-23 15:55:01 - [1;33m🔍 Vérification des changements distants...[0m
2025-07-23 16:00:01 - [1;33m🔍 Vérification des changements distants...[0m
2025-07-23 16:05:01 - [1;33m🔍 Vérification des changements distants...[0m
2025-07-23 16:10:01 - [1;33m🔍 Vérification des changements distants...[0m
2025-07-23 16:15:01 - [1;33m🔍 Vérification des changements distants...[0m
2025-07-23 16:20:01 - [1;33m🔍 Vérification des changements distants...[0m
2025-07-23 16:25:01 - [1;33m🔍 Vérification des changements distants...[0m
2025-07-23 16:30:01 - [1;33m🔍 Vérification des changements distants...[0m
2025-07-23 16:35:01 - [1;33m🔍 Vérification des changements distants...[0m
2025-07-23 16:40:01 - [1;33m🔍 Vérification des changements distants...[0m
2025-07-23 16:45:01 - [1;33m🔍 Vérification des changements distants...[0m
2025-07-23 16:50:01 - [1;33m🔍 Vérification des changements distants...[0m
2025-07-23 16:55:01 - [1;33m🔍 Vérification des changements distants...[0m
2025-07-23 17:00:01 - [1;33m🔍 Vérification des changements distants...[0m
2025-07-23 17:05:01 - [1;33m🔍 Vérification des changements distants...[0m
2025-07-23 17:10:01 - [1;33m🔍 Vérification des changements distants...[0m
2025-07-23 17:15:01 - [1;33m🔍 Vérification des changements distants...[0m
2025-07-23 17:20:01 - [1;33m🔍 Vérification des changements distants...[0m
2025-07-23 17:25:01 - [1;33m🔍 Vérification des changements distants...[0m
2025-07-23 17:30:01 - [1;33m🔍 Vérification des changements distants...[0m
2025-07-23 17:35:01 - [1;33m🔍 Vérification des changements distants...[0m
2025-07-23 17:40:01 - [1;33m🔍 Vérification des changements distants...[0m
2025-07-23 17:45:01 - [1;33m🔍 Vérification des changements distants...[0m
2025-07-23 17:50:01 - [1;33m🔍 Vérification des changements distants...[0m
2025-07-23 17:55:01 - [1;33m🔍 Vérification des changements distants...[0m
2025-07-23 18:00:02 - [1;33m🔍 Vérification des changements distants...[0m
2025-07-23 18:05:01 - [1;33m🔍 Vérification des changements distants...[0m
2025-07-23 18:10:01 - [1;33m🔍 Vérification des changements distants...[0m
2025-07-23 18:15:01 - [1;33m🔍 Vérification des changements distants...[0m
2025-07-23 18:20:01 - [1;33m🔍 Vérification des changements distants...[0m
2025-07-23 18:25:01 - [1;33m🔍 Vérification des changements distants...[0m
2025-07-23 18:30:01 - [1;33m🔍 Vérification des changements distants...[0m
2025-07-23 18:35:01 - [1;33m🔍 Vérification des changements distants...[0m
2025-07-23 18:40:01 - [1;33m🔍 Vérification des changements distants...[0m
2025-07-23 18:45:01 - [1;33m🔍 Vérification des changements distants...[0m
2025-07-23 18:50:01 - [1;33m🔍 Vérification des changements distants...[0m
2025-07-23 18:55:01 - [1;33m🔍 Vérification des changements distants...[0m
2025-07-23 19:00:01 - [1;33m🔍 Vérification des changements distants...[0m
2025-07-23 19:05:01 - [1;33m🔍 Vérification des changements distants...[0m
2025-07-23 19:10:01 - [1;33m🔍 Vérification des changements distants...[0m
2025-07-23 19:15:01 - [1;33m🔍 Vérification des changements distants...[0m
2025-07-23 19:20:01 - [1;33m🔍 Vérification des changements distants...[0m
2025-07-23 19:25:01 - [1;33m🔍 Vérification des changements distants...[0m
2025-07-23 19:30:01 - [1;33m🔍 Vérification des changements distants...[0m
2025-07-23 19:35:01 - [1;33m🔍 Vérification des changements distants...[0m
2025-07-23 19:40:01 - [1;33m🔍 Vérification des changements distants...[0m
2025-07-23 19:45:01 - [1;33m🔍 Vérification des changements distants...[0m
2025-07-23 19:50:01 - [1;33m🔍 Vérification des changements distants...[0m
2025-07-23 19:55:01 - [1;33m🔍 Vérification des changements distants...[0m
2025-07-23 20:00:01 - [1;33m🔍 Vérification des changements distants...[0m
2025-07-23 20:05:01 - [1;33m🔍 Vérification des changements distants...[0m
2025-07-23 20:10:01 - [1;33m🔍 Vérification des changements distants...[0m
2025-07-23 20:15:01 - [1;33m🔍 Vérification des changements distants...[0m
2025-07-23 20:20:01 - [1;33m🔍 Vérification des changements distants...[0m
2025-07-23 20:25:01 - [1;33m🔍 Vérification des changements distants...[0m
2025-07-23 20:30:01 - [1;33m🔍 Vérification des changements distants...[0m
2025-07-23 20:35:01 - [1;33m🔍 Vérification des changements distants...[0m
2025-07-23 20:40:01 - [1;33m🔍 Vérification des changements distants...[0m
2025-07-23 20:45:01 - [1;33m🔍 Vérification des changements distants...[0m
2025-07-23 20:50:01 - [1;33m🔍 Vérification des changements distants...[0m
2025-07-23 20:55:01 - [1;33m🔍 Vérification des changements distants...[0m
2025-07-23 21:00:01 - [1;33m🔍 Vérification des changements distants...[0m
2025-07-23 21:05:01 - [1;33m🔍 Vérification des changements distants...[0m
2025-07-23 21:10:01 - [1;33m🔍 Vérification des changements distants...[0m
2025-07-23 21:15:01 - [1;33m🔍 Vérification des changements distants...[0m
2025-07-23 21:20:01 - [1;33m🔍 Vérification des changements distants...[0m
2025-07-23 21:25:01 - [1;33m🔍 Vérification des changements distants...[0m
2025-07-23 21:30:01 - [1;33m🔍 Vérification des changements distants...[0m
2025-07-23 21:35:01 - [1;33m🔍 Vérification des changements distants...[0m
2025-07-23 21:40:01 - [1;33m🔍 Vérification des changements distants...[0m
2025-07-23 21:45:01 - [1;33m🔍 Vérification des changements distants...[0m
2025-07-23 21:50:01 - [1;33m🔍 Vérification des changements distants...[0m
2025-07-23 21:55:01 - [1;33m🔍 Vérification des changements distants...[0m
2025-07-23 22:00:01 - [1;33m🔍 Vérification des changements distants...[0m
2025-07-23 22:05:01 - [1;33m🔍 Vérification des changements distants...[0m
2025-07-23 22:10:01 - [1;33m🔍 Vérification des changements distants...[0m
2025-07-23 22:15:01 - [1;33m🔍 Vérification des changements distants...[0m
2025-07-23 22:20:02 - [1;33m🔍 Vérification des changements distants...[0m
2025-07-23 22:25:01 - [1;33m🔍 Vérification des changements distants...[0m
2025-07-23 22:30:01 - [1;33m🔍 Vérification des changements distants...[0m
2025-07-23 22:35:01 - [1;33m🔍 Vérification des changements distants...[0m
2025-07-23 22:40:01 - [1;33m🔍 Vérification des changements distants...[0m
2025-07-23 22:45:01 - [1;33m🔍 Vérification des changements distants...[0m
2025-07-23 22:50:01 - [1;33m🔍 Vérification des changements distants...[0m
2025-07-23 22:55:01 - [1;33m🔍 Vérification des changements distants...[0m
2025-07-23 23:00:01 - [1;33m🔍 Vérification des changements distants...[0m
2025-07-23 23:05:01 - [1;33m🔍 Vérification des changements distants...[0m
2025-07-23 23:10:01 - [1;33m🔍 Vérification des changements distants...[0m
2025-07-23 23:15:01 - [1;33m🔍 Vérification des changements distants...[0m
2025-07-23 23:20:01 - [1;33m🔍 Vérification des changements distants...[0m
2025-07-23 23:25:01 - [1;33m🔍 Vérification des changements distants...[0m
2025-07-23 23:30:01 - [1;33m🔍 Vérification des changements distants...[0m
2025-07-23 23:35:01 - [1;33m🔍 Vérification des changements distants...[0m
2025-07-23 23:40:01 - [1;33m🔍 Vérification des changements distants...[0m
2025-07-23 23:45:01 - [1;33m🔍 Vérification des changements distants...[0m
2025-07-23 23:50:01 - [1;33m🔍 Vérification des changements distants...[0m
2025-07-23 23:55:02 - [1;33m🔍 Vérification des changements distants...[0m
2025-07-24 00:00:01 - [1;33m🔍 Vérification des changements distants...[0m
2025-07-24 00:05:01 - [1;33m🔍 Vérification des changements distants...[0m
2025-07-24 00:10:01 - [1;33m🔍 Vérification des changements distants...[0m
2025-07-24 00:15:01 - [1;33m🔍 Vérification des changements distants...[0m
2025-07-24 00:20:01 - [1;33m🔍 Vérification des changements distants...[0m
2025-07-24 00:25:01 - [1;33m🔍 Vérification des changements distants...[0m
2025-07-24 00:30:01 - [1;33m🔍 Vérification des changements distants...[0m
2025-07-24 00:35:01 - [1;33m🔍 Vérification des changements distants...[0m
2025-07-24 00:40:01 - [1;33m🔍 Vérification des changements distants...[0m
2025-07-24 00:45:01 - [1;33m🔍 Vérification des changements distants...[0m
2025-07-24 00:50:01 - [1;33m🔍 Vérification des changements distants...[0m
2025-07-24 00:55:01 - [1;33m🔍 Vérification des changements distants...[0m
2025-07-24 01:00:02 - [1;33m🔍 Vérification des changements distants...[0m
2025-07-24 01:05:01 - [1;33m🔍 Vérification des changements distants...[0m
2025-07-24 01:10:01 - [1;33m🔍 Vérification des changements distants...[0m
2025-07-24 01:15:01 - [1;33m🔍 Vérification des changements distants...[0m
2025-07-24 01:20:01 - [1;33m🔍 Vérification des changements distants...[0m
2025-07-24 01:25:01 - [1;33m🔍 Vérification des changements distants...[0m
2025-07-24 01:30:01 - [1;33m🔍 Vérification des changements distants...[0m
2025-07-24 01:35:01 - [1;33m🔍 Vérification des changements distants...[0m
2025-07-24 01:40:01 - [1;33m🔍 Vérification des changements distants...[0m
2025-07-24 01:45:01 - [1;33m🔍 Vérification des changements distants...[0m
2025-07-24 01:50:01 - [1;33m🔍 Vérification des changements distants...[0m
2025-07-24 01:55:01 - [1;33m🔍 Vérification des changements distants...[0m
2025-07-24 02:00:01 - [1;33m🔍 Vérification des changements distants...[0m
2025-07-24 02:05:01 - [1;33m🔍 Vérification des changements distants...[0m
2025-07-24 02:10:01 - [1;33m🔍 Vérification des changements distants...[0m
2025-07-24 02:15:01 - [1;33m🔍 Vérification des changements distants...[0m
2025-07-24 02:20:01 - [1;33m🔍 Vérification des changements distants...[0m
2025-07-24 02:25:01 - [1;33m🔍 Vérification des changements distants...[0m
2025-07-24 02:30:02 - [1;33m🔍 Vérification des changements distants...[0m
2025-07-24 02:35:01 - [1;33m🔍 Vérification des changements distants...[0m
2025-07-24 02:40:01 - [1;33m🔍 Vérification des changements distants...[0m
2025-07-24 02:45:01 - [1;33m🔍 Vérification des changements distants...[0m
2025-07-24 02:50:01 - [1;33m🔍 Vérification des changements distants...[0m
2025-07-24 02:55:01 - [1;33m🔍 Vérification des changements distants...[0m
2025-07-24 03:00:01 - [1;33m🔍 Vérification des changements distants...[0m
2025-07-24 03:05:01 - [1;33m🔍 Vérification des changements distants...[0m
2025-07-24 03:10:01 - [1;33m🔍 Vérification des changements distants...[0m
2025-07-24 03:15:01 - [1;33m🔍 Vérification des changements distants...[0m
2025-07-24 03:20:01 - [1;33m🔍 Vérification des changements distants...[0m
2025-07-24 03:25:01 - [1;33m🔍 Vérification des changements distants...[0m
2025-07-24 03:30:01 - [1;33m🔍 Vérification des changements distants...[0m
2025-07-24 03:35:01 - [1;33m🔍 Vérification des changements distants...[0m
2025-07-24 03:40:01 - [1;33m🔍 Vérification des changements distants...[0m
2025-07-24 03:45:01 - [1;33m🔍 Vérification des changements distants...[0m
2025-07-24 03:50:01 - [1;33m🔍 Vérification des changements distants...[0m
2025-07-24 03:55:01 - [1;33m🔍 Vérification des changements distants...[0m
2025-07-24 04:00:01 - [1;33m🔍 Vérification des changements distants...[0m
2025-07-24 04:05:01 - [1;33m🔍 Vérification des changements distants...[0m
2025-07-24 04:10:01 - [1;33m🔍 Vérification des changements distants...[0m
2025-07-24 04:15:02 - [1;33m🔍 Vérification des changements distants...[0m
2025-07-24 04:20:01 - [1;33m🔍 Vérification des changements distants...[0m
2025-07-24 04:25:01 - [1;33m🔍 Vérification des changements distants...[0m
2025-07-24 04:30:01 - [1;33m🔍 Vérification des changements distants...[0m
2025-07-24 04:35:01 - [1;33m🔍 Vérification des changements distants...[0m
2025-07-24 04:40:01 - [1;33m🔍 Vérification des changements distants...[0m
2025-07-24 04:45:01 - [1;33m🔍 Vérification des changements distants...[0m
2025-07-24 04:50:01 - [1;33m🔍 Vérification des changements distants...[0m
2025-07-24 04:55:01 - [1;33m🔍 Vérification des changements distants...[0m
2025-07-24 05:00:01 - [1;33m🔍 Vérification des changements distants...[0m
2025-07-24 05:05:01 - [1;33m🔍 Vérification des changements distants...[0m
2025-07-24 05:10:01 - [1;33m🔍 Vérification des changements distants...[0m
2025-07-24 05:15:01 - [1;33m🔍 Vérification des changements distants...[0m
2025-07-24 05:20:01 - [1;33m🔍 Vérification des changements distants...[0m
2025-07-24 05:25:01 - [1;33m🔍 Vérification des changements distants...[0m
2025-07-24 05:30:01 - [1;33m🔍 Vérification des changements distants...[0m
2025-07-24 05:35:01 - [1;33m🔍 Vérification des changements distants...[0m
2025-07-24 05:40:01 - [1;33m🔍 Vérification des changements distants...[0m
2025-07-24 05:45:01 - [1;33m🔍 Vérification des changements distants...[0m
2025-07-24 05:50:01 - [1;33m🔍 Vérification des changements distants...[0m
2025-07-24 05:55:01 - [1;33m🔍 Vérification des changements distants...[0m
2025-07-24 06:00:01 - [1;33m🔍 Vérification des changements distants...[0m
2025-07-24 06:05:01 - [1;33m🔍 Vérification des changements distants...[0m
2025-07-24 06:10:01 - [1;33m🔍 Vérification des changements distants...[0m
2025-07-24 06:15:01 - [1;33m🔍 Vérification des changements distants...[0m
2025-07-24 06:20:01 - [1;33m🔍 Vérification des changements distants...[0m
2025-07-24 06:25:01 - [1;33m🔍 Vérification des changements distants...[0m
2025-07-24 06:30:01 - [1;33m🔍 Vérification des changements distants...[0m
2025-07-24 06:35:01 - [1;33m🔍 Vérification des changements distants...[0m
2025-07-24 06:40:01 - [1;33m🔍 Vérification des changements distants...[0m
2025-07-24 06:45:01 - [1;33m🔍 Vérification des changements distants...[0m
2025-07-24 06:50:01 - [1;33m🔍 Vérification des changements distants...[0m
2025-07-24 06:55:01 - [1;33m🔍 Vérification des changements distants...[0m
2025-07-24 07:00:01 - [1;33m🔍 Vérification des changements distants...[0m
2025-07-24 07:05:01 - [1;33m🔍 Vérification des changements distants...[0m
2025-07-24 07:10:01 - [1;33m🔍 Vérification des changements distants...[0m
2025-07-24 07:15:01 - [1;33m🔍 Vérification des changements distants...[0m
2025-07-24 07:20:01 - [1;33m🔍 Vérification des changements distants...[0m
2025-07-24 07:25:01 - [1;33m🔍 Vérification des changements distants...[0m
2025-07-24 07:30:01 - [1;33m🔍 Vérification des changements distants...[0m
2025-07-24 07:35:01 - [1;33m🔍 Vérification des changements distants...[0m
2025-07-24 07:40:01 - [1;33m🔍 Vérification des changements distants...[0m
2025-07-24 07:45:01 - [1;33m🔍 Vérification des changements distants...[0m
2025-07-24 07:50:01 - [1;33m🔍 Vérification des changements distants...[0m
2025-07-24 07:55:01 - [1;33m🔍 Vérification des changements distants...[0m
2025-07-24 08:00:01 - [1;33m🔍 Vérification des changements distants...[0m
2025-07-24 08:05:01 - [1;33m🔍 Vérification des changements distants...[0m
2025-07-24 08:10:02 - [1;33m🔍 Vérification des changements distants...[0m
2025-07-24 08:15:01 - [1;33m🔍 Vérification des changements distants...[0m
2025-07-24 08:20:01 - [1;33m🔍 Vérification des changements distants...[0m
2025-07-24 08:25:01 - [1;33m🔍 Vérification des changements distants...[0m
2025-07-24 08:30:01 - [1;33m🔍 Vérification des changements distants...[0m
2025-07-24 08:35:01 - [1;33m🔍 Vérification des changements distants...[0m
2025-07-24 08:40:01 - [1;33m🔍 Vérification des changements distants...[0m
2025-07-24 08:45:01 - [1;33m🔍 Vérification des changements distants...[0m
2025-07-24 08:50:01 - [1;33m🔍 Vérification des changements distants...[0m
2025-07-24 08:55:01 - [1;33m🔍 Vérification des changements distants...[0m
2025-07-24 09:00:01 - [1;33m🔍 Vérification des changements distants...[0m
2025-07-24 09:05:01 - [1;33m🔍 Vérification des changements distants...[0m
2025-07-24 09:10:01 - [1;33m🔍 Vérification des changements distants...[0m
2025-07-24 09:15:01 - [1;33m🔍 Vérification des changements distants...[0m
2025-07-24 09:20:01 - [1;33m🔍 Vérification des changements distants...[0m
2025-07-24 09:25:01 - [1;33m🔍 Vérification des changements distants...[0m
2025-07-24 09:30:01 - [1;33m🔍 Vérification des changements distants...[0m
2025-07-24 09:35:01 - [1;33m🔍 Vérification des changements distants...[0m
2025-07-24 09:40:01 - [1;33m🔍 Vérification des changements distants...[0m
2025-07-24 09:45:01 - [1;33m🔍 Vérification des changements distants...[0m
2025-07-24 09:50:01 - [1;33m🔍 Vérification des changements distants...[0m
2025-07-24 09:55:01 - [1;33m🔍 Vérification des changements distants...[0m
2025-07-24 10:00:01 - [1;33m🔍 Vérification des changements distants...[0m
2025-07-24 10:05:01 - [1;33m🔍 Vérification des changements distants...[0m
2025-07-24 10:10:01 - [1;33m🔍 Vérification des changements distants...[0m
2025-07-24 10:15:01 - [1;33m🔍 Vérification des changements distants...[0m
2025-07-24 10:20:01 - [1;33m🔍 Vérification des changements distants...[0m
2025-07-24 10:25:01 - [1;33m🔍 Vérification des changements distants...[0m
2025-07-24 10:30:01 - [1;33m🔍 Vérification des changements distants...[0m
2025-07-24 10:35:01 - [1;33m🔍 Vérification des changements distants...[0m
2025-07-24 10:40:01 - [1;33m🔍 Vérification des changements distants...[0m
2025-07-24 10:45:01 - [1;33m🔍 Vérification des changements distants...[0m
2025-07-24 10:50:01 - [1;33m🔍 Vérification des changements distants...[0m
2025-07-24 10:50:04 - [0;32m🆕 Nouveaux changements détectés ![0m
2025-07-24 10:50:04 - [1;33mLocal:  2a077810ee4d60ea0bbddc88349cb79ef546563a[0m
2025-07-24 10:50:04 - [1;33mRemote: 0e43e9a7fdcfeda8e40f8887e064d71f6d0ab656[0m
2025-07-24 10:50:04 - [1;33m🚀 Déclenchement du déploiement automatique...[0m
🚀 Début du déploiement automatique Doc@uthANTIC...
📅 jeu. 24 juil. 2025 10:50:04 WAT
[1;33m📁 Répertoire courant: /home/ssatl/Documents/Doc@uthANTIC[0m
[1;33m💾 Sauvegarde de l'état actuel...[0m
Pas de modifications locales à sauver
[1;33m📥 Récupération des changements depuis le repository distant...[0m
[1;33m🔄 Nouveaux changements détectés. Mise à jour en cours...[0m
[1;33m⬇️  Pull des changements...[0m
Depuis https://github.com/MARKUPsoft-corp/CertiSign
 * branch              prod       -> FETCH_HEAD
Mise à jour 2a077810..0e43e9a7
Fast-forward
 .../lib/features/scan/scan_screen.dart             |  57 +-
 .../lib/features/verify/verify_screen_legacy.dart  | 944 +++++++++++++++++++++
 .../lib/services/signature_service.dart            | 115 ++-
 ...d_DCS2023011004322244271348_20250724_101941.pdf | Bin 0 -> 348716 bytes
 test_docs_api.py                                   | 208 +++++
 traiter_controle.php                               | 456 ++++++++++
 6 files changed, 1763 insertions(+), 17 deletions(-)
 create mode 100644 certisign_verify/lib/features/verify/verify_screen_legacy.dart
 create mode 100644 downloaded_DCS2023011004322244271348_20250724_101941.pdf
 create mode 100755 test_docs_api.py
 create mode 100644 traiter_controle.php
[0;32m✅ Code mis à jour avec succès[0m
[1;33m🗃️  Application des migrations Django...[0m
[0;32m🎉 Déploiement terminé avec succès ![0m
[0;32m📍 Version déployée: 0e43e9a7[0m
[0;32m📅 jeu. 24 juil. 2025 10:50:07 WAT[0m

[0;32m✨ Doc@uthANTIC est maintenant à jour et fonctionnel ![0m
2025-07-24 10:50:07 - [0;32m✅ Déploiement automatique réussi[0m
2025-07-24 10:55:01 - [1;33m🔍 Vérification des changements distants...[0m
2025-07-24 11:00:01 - [1;33m🔍 Vérification des changements distants...[0m
2025-07-24 11:05:01 - [1;33m🔍 Vérification des changements distants...[0m
2025-07-24 11:10:01 - [1;33m🔍 Vérification des changements distants...[0m
2025-07-24 11:15:01 - [1;33m🔍 Vérification des changements distants...[0m
2025-07-24 11:20:01 - [1;33m🔍 Vérification des changements distants...[0m
2025-07-24 11:25:01 - [1;33m🔍 Vérification des changements distants...[0m
2025-07-24 11:30:01 - [1;33m🔍 Vérification des changements distants...[0m
2025-07-24 11:35:01 - [1;33m🔍 Vérification des changements distants...[0m
2025-07-24 11:40:01 - [1;33m🔍 Vérification des changements distants...[0m
2025-07-24 11:45:01 - [1;33m🔍 Vérification des changements distants...[0m
2025-07-24 11:50:01 - [1;33m🔍 Vérification des changements distants...[0m
2025-07-24 11:50:03 - [0;32m🆕 Nouveaux changements détectés ![0m
2025-07-24 11:50:03 - [1;33mLocal:  0e43e9a7fdcfeda8e40f8887e064d71f6d0ab656[0m
2025-07-24 11:50:03 - [1;33mRemote: 7cbc6e1d9d215c669a585644bef29d4eef752260[0m
2025-07-24 11:50:03 - [1;33m🚀 Déclenchement du déploiement automatique...[0m
🚀 Début du déploiement automatique Doc@uthANTIC...
📅 jeu. 24 juil. 2025 11:50:03 WAT
[1;33m📁 Répertoire courant: /home/ssatl/Documents/Doc@uthANTIC[0m
[1;33m💾 Sauvegarde de l'état actuel...[0m
Pas de modifications locales à sauver
[1;33m📥 Récupération des changements depuis le repository distant...[0m
[1;33m🔄 Nouveaux changements détectés. Mise à jour en cours...[0m
[1;33m⬇️  Pull des changements...[0m
Depuis https://github.com/MARKUPsoft-corp/CertiSign
 * branch              prod       -> FETCH_HEAD
Mise à jour 0e43e9a7..7cbc6e1d
Fast-forward
 frontend/src/views/SignSimple.vue | 879 ++++++++++++++++++++++++++++++++++++--
 1 file changed, 839 insertions(+), 40 deletions(-)
[0;32m✅ Code mis à jour avec succès[0m
[1;33m🗃️  Application des migrations Django...[0m
[0;32m🎉 Déploiement terminé avec succès ![0m
[0;32m📍 Version déployée: 7cbc6e1d[0m
[0;32m📅 jeu. 24 juil. 2025 11:50:06 WAT[0m

[0;32m✨ Doc@uthANTIC est maintenant à jour et fonctionnel ![0m
2025-07-24 11:50:06 - [0;32m✅ Déploiement automatique réussi[0m
2025-07-24 11:55:01 - [1;33m🔍 Vérification des changements distants...[0m
2025-07-24 12:00:01 - [1;33m🔍 Vérification des changements distants...[0m
2025-07-24 12:05:01 - [1;33m🔍 Vérification des changements distants...[0m
2025-07-24 12:10:01 - [1;33m🔍 Vérification des changements distants...[0m
2025-07-24 12:10:06 - [0;32m🆕 Nouveaux changements détectés ![0m
2025-07-24 12:10:06 - [1;33mLocal:  7cbc6e1d9d215c669a585644bef29d4eef752260[0m
2025-07-24 12:10:06 - [1;33mRemote: 5991dbd64d5a612baa90fef9ecf464d2131d2195[0m
2025-07-24 12:10:06 - [1;33m🚀 Déclenchement du déploiement automatique...[0m
🚀 Début du déploiement automatique Doc@uthANTIC...
📅 jeu. 24 juil. 2025 12:10:06 WAT
[1;33m📁 Répertoire courant: /home/ssatl/Documents/Doc@uthANTIC[0m
[1;33m💾 Sauvegarde de l'état actuel...[0m
Pas de modifications locales à sauver
[1;33m📥 Récupération des changements depuis le repository distant...[0m
[1;33m🔄 Nouveaux changements détectés. Mise à jour en cours...[0m
[1;33m⬇️  Pull des changements...[0m
Depuis https://github.com/MARKUPsoft-corp/CertiSign
 * branch              prod       -> FETCH_HEAD
Mise à jour 7cbc6e1d..5991dbd6
Fast-forward
 frontend/src/views/SignSimple.vue | 51 +++++++++++++++++++++------------------
 1 file changed, 28 insertions(+), 23 deletions(-)
[0;32m✅ Code mis à jour avec succès[0m
[1;33m🗃️  Application des migrations Django...[0m
[0;32m🎉 Déploiement terminé avec succès ![0m
[0;32m📍 Version déployée: 5991dbd6[0m
[0;32m📅 jeu. 24 juil. 2025 12:10:09 WAT[0m

[0;32m✨ Doc@uthANTIC est maintenant à jour et fonctionnel ![0m
2025-07-24 12:10:09 - [0;32m✅ Déploiement automatique réussi[0m
2025-07-24 12:15:01 - [1;33m🔍 Vérification des changements distants...[0m
2025-07-24 12:20:01 - [1;33m🔍 Vérification des changements distants...[0m
2025-07-24 12:20:03 - [0;32m🆕 Nouveaux changements détectés ![0m
2025-07-24 12:20:03 - [1;33mLocal:  5991dbd64d5a612baa90fef9ecf464d2131d2195[0m
2025-07-24 12:20:03 - [1;33mRemote: cf8312d7ba4bfefd85052fd6dc0a0e2ecdbd7a03[0m
2025-07-24 12:20:03 - [1;33m🚀 Déclenchement du déploiement automatique...[0m
🚀 Début du déploiement automatique Doc@uthANTIC...
📅 jeu. 24 juil. 2025 12:20:03 WAT
[1;33m📁 Répertoire courant: /home/ssatl/Documents/Doc@uthANTIC[0m
[1;33m💾 Sauvegarde de l'état actuel...[0m
Pas de modifications locales à sauver
[1;33m📥 Récupération des changements depuis le repository distant...[0m
[1;33m🔄 Nouveaux changements détectés. Mise à jour en cours...[0m
[1;33m⬇️  Pull des changements...[0m
Depuis https://github.com/MARKUPsoft-corp/CertiSign
 * branch              prod       -> FETCH_HEAD
Mise à jour 5991dbd6..cf8312d7
Fast-forward
 frontend/src/views/SignSimple.vue | 33 +++++++++++++--------------------
 1 file changed, 13 insertions(+), 20 deletions(-)
[0;32m✅ Code mis à jour avec succès[0m
[1;33m🗃️  Application des migrations Django...[0m
[0;32m🎉 Déploiement terminé avec succès ![0m
[0;32m📍 Version déployée: cf8312d7[0m
[0;32m📅 jeu. 24 juil. 2025 12:20:06 WAT[0m

[0;32m✨ Doc@uthANTIC est maintenant à jour et fonctionnel ![0m
2025-07-24 12:20:06 - [0;32m✅ Déploiement automatique réussi[0m
2025-07-24 12:25:01 - [1;33m🔍 Vérification des changements distants...[0m
2025-07-24 12:30:01 - [1;33m🔍 Vérification des changements distants...[0m
2025-07-24 12:35:01 - [1;33m🔍 Vérification des changements distants...[0m
2025-07-24 12:40:01 - [1;33m🔍 Vérification des changements distants...[0m
2025-07-24 12:45:01 - [1;33m🔍 Vérification des changements distants...[0m
2025-07-24 12:50:01 - [1;33m🔍 Vérification des changements distants...[0m
2025-07-24 12:55:01 - [1;33m🔍 Vérification des changements distants...[0m
2025-07-24 13:00:01 - [1;33m🔍 Vérification des changements distants...[0m
2025-07-24 13:05:01 - [1;33m🔍 Vérification des changements distants...[0m
2025-07-24 13:05:03 - [0;32m🆕 Nouveaux changements détectés ![0m
2025-07-24 13:05:03 - [1;33mLocal:  cf8312d7ba4bfefd85052fd6dc0a0e2ecdbd7a03[0m
2025-07-24 13:05:03 - [1;33mRemote: 49ac1019ba9cbde530723a69bc19a204e8279823[0m
2025-07-24 13:05:03 - [1;33m🚀 Déclenchement du déploiement automatique...[0m
🚀 Début du déploiement automatique Doc@uthANTIC...
📅 jeu. 24 juil. 2025 13:05:03 WAT
[1;33m📁 Répertoire courant: /home/ssatl/Documents/Doc@uthANTIC[0m
[1;33m💾 Sauvegarde de l'état actuel...[0m
Pas de modifications locales à sauver
[1;33m📥 Récupération des changements depuis le repository distant...[0m
[1;33m🔄 Nouveaux changements détectés. Mise à jour en cours...[0m
[1;33m⬇️  Pull des changements...[0m
Depuis https://github.com/MARKUPsoft-corp/CertiSign
 * branch              prod       -> FETCH_HEAD
Mise à jour cf8312d7..49ac1019
Fast-forward
 backend/django-project/documents/admin.py          | 26 ++++++++-
 .../0005_add_signature_type_and_expiration.py      | 34 +++++++++++
 backend/django-project/documents/models.py         | 54 +++++++++++++++++
 backend/django-project/documents/serializers.py    |  8 ++-
 .../django-project/documents/signature_views.py    | 68 +++++++++++++++++++++-
 frontend/src/views/SignSimple.vue                  | 15 +++--
 6 files changed, 195 insertions(+), 10 deletions(-)
 create mode 100644 backend/django-project/documents/migrations/0005_add_signature_type_and_expiration.py
[0;32m✅ Code mis à jour avec succès[0m
[1;33m🗃️  Application des migrations Django...[0m
[0;32m🎉 Déploiement terminé avec succès ![0m
[0;32m📍 Version déployée: 49ac1019[0m
[0;32m📅 jeu. 24 juil. 2025 13:05:06 WAT[0m

[0;32m✨ Doc@uthANTIC est maintenant à jour et fonctionnel ![0m
2025-07-24 13:05:06 - [0;32m✅ Déploiement automatique réussi[0m
2025-07-24 13:10:01 - [1;33m🔍 Vérification des changements distants...[0m
2025-07-24 13:15:01 - [1;33m🔍 Vérification des changements distants...[0m
2025-07-24 13:20:01 - [1;33m🔍 Vérification des changements distants...[0m
2025-07-24 13:25:01 - [1;33m🔍 Vérification des changements distants...[0m
2025-07-24 13:30:01 - [1;33m🔍 Vérification des changements distants...[0m
2025-07-24 13:35:01 - [1;33m🔍 Vérification des changements distants...[0m
2025-07-24 13:40:01 - [1;33m🔍 Vérification des changements distants...[0m
2025-07-24 13:45:01 - [1;33m🔍 Vérification des changements distants...[0m
2025-07-24 13:50:01 - [1;33m🔍 Vérification des changements distants...[0m
2025-07-24 13:50:03 - [0;32m🆕 Nouveaux changements détectés ![0m
2025-07-24 13:50:03 - [1;33mLocal:  49ac1019ba9cbde530723a69bc19a204e8279823[0m
2025-07-24 13:50:03 - [1;33mRemote: 4cba54a04bf87f502620a13d895d42bb7f30dc18[0m
2025-07-24 13:50:03 - [1;33m🚀 Déclenchement du déploiement automatique...[0m
🚀 Début du déploiement automatique Doc@uthANTIC...
📅 jeu. 24 juil. 2025 13:50:03 WAT
[1;33m📁 Répertoire courant: /home/ssatl/Documents/Doc@uthANTIC[0m
[1;33m💾 Sauvegarde de l'état actuel...[0m
Pas de modifications locales à sauver
[1;33m📥 Récupération des changements depuis le repository distant...[0m
[1;33m🔄 Nouveaux changements détectés. Mise à jour en cours...[0m
[1;33m⬇️  Pull des changements...[0m
Depuis https://github.com/MARKUPsoft-corp/CertiSign
 * branch              prod       -> FETCH_HEAD
Mise à jour 49ac1019..4cba54a0
Fast-forward
 frontend/src/views/SignDocument.vue             | 586 +++++++++++++++++++++-
 frontend/src/views/SignWithTemplate.vue         | 579 +++++++++++++++++++++-
 frontend/src/views/SignWithTemplateMultiple.vue | 615 ++++++++++++++++++++++--
 frontend/src/views/SignerDashboard.vue          | 448 +++++++++++++++++
 4 files changed, 2137 insertions(+), 91 deletions(-)
[0;32m✅ Code mis à jour avec succès[0m
[1;33m🗃️  Application des migrations Django...[0m
[0;32m🎉 Déploiement terminé avec succès ![0m
[0;32m📍 Version déployée: 4cba54a0[0m
[0;32m📅 jeu. 24 juil. 2025 13:50:06 WAT[0m

[0;32m✨ Doc@uthANTIC est maintenant à jour et fonctionnel ![0m
2025-07-24 13:50:06 - [0;32m✅ Déploiement automatique réussi[0m
2025-07-24 13:55:01 - [1;33m🔍 Vérification des changements distants...[0m
2025-07-24 14:00:01 - [1;33m🔍 Vérification des changements distants...[0m
2025-07-24 14:05:01 - [1;33m🔍 Vérification des changements distants...[0m
2025-07-24 14:10:01 - [1;33m🔍 Vérification des changements distants...[0m
2025-07-24 14:15:01 - [1;33m🔍 Vérification des changements distants...[0m
2025-07-24 14:15:03 - [0;32m🆕 Nouveaux changements détectés ![0m
2025-07-24 14:15:03 - [1;33mLocal:  4cba54a04bf87f502620a13d895d42bb7f30dc18[0m
2025-07-24 14:15:03 - [1;33mRemote: f8bfe62f65ea0b91b0a246204e1223fbe8d0f9ec[0m
2025-07-24 14:15:03 - [1;33m🚀 Déclenchement du déploiement automatique...[0m
🚀 Début du déploiement automatique Doc@uthANTIC...
📅 jeu. 24 juil. 2025 14:15:03 WAT
[1;33m📁 Répertoire courant: /home/ssatl/Documents/Doc@uthANTIC[0m
[1;33m💾 Sauvegarde de l'état actuel...[0m
Pas de modifications locales à sauver
[1;33m📥 Récupération des changements depuis le repository distant...[0m
[1;33m🔄 Nouveaux changements détectés. Mise à jour en cours...[0m
[1;33m⬇️  Pull des changements...[0m
Depuis https://github.com/MARKUPsoft-corp/CertiSign
 * branch              prod       -> FETCH_HEAD
Mise à jour 4cba54a0..f8bfe62f
Fast-forward
 frontend/src/views/SignWithTemplateMultiple.vue | 49 ++++++++++++++++---------
 1 file changed, 32 insertions(+), 17 deletions(-)
[0;32m✅ Code mis à jour avec succès[0m
[1;33m🗃️  Application des migrations Django...[0m
[0;32m🎉 Déploiement terminé avec succès ![0m
[0;32m📍 Version déployée: f8bfe62f[0m
[0;32m📅 jeu. 24 juil. 2025 14:15:06 WAT[0m

[0;32m✨ Doc@uthANTIC est maintenant à jour et fonctionnel ![0m
2025-07-24 14:15:06 - [0;32m✅ Déploiement automatique réussi[0m
2025-07-24 14:20:01 - [1;33m🔍 Vérification des changements distants...[0m
2025-07-24 14:20:03 - [0;32m🆕 Nouveaux changements détectés ![0m
2025-07-24 14:20:03 - [1;33mLocal:  f8bfe62f65ea0b91b0a246204e1223fbe8d0f9ec[0m
2025-07-24 14:20:03 - [1;33mRemote: e49244cf18d52ff001e6f81b3723b4c6c79bbf6c[0m
2025-07-24 14:20:03 - [1;33m🚀 Déclenchement du déploiement automatique...[0m
🚀 Début du déploiement automatique Doc@uthANTIC...
📅 jeu. 24 juil. 2025 14:20:03 WAT
[1;33m📁 Répertoire courant: /home/ssatl/Documents/Doc@uthANTIC[0m
[1;33m💾 Sauvegarde de l'état actuel...[0m
Pas de modifications locales à sauver
[1;33m📥 Récupération des changements depuis le repository distant...[0m
[1;33m🔄 Nouveaux changements détectés. Mise à jour en cours...[0m
[1;33m⬇️  Pull des changements...[0m
Depuis https://github.com/MARKUPsoft-corp/CertiSign
 * branch              prod       -> FETCH_HEAD
Mise à jour f8bfe62f..e49244cf
Fast-forward
 frontend/src/views/SignWithTemplateMultiple.vue | 11 +++++++----
 1 file changed, 7 insertions(+), 4 deletions(-)
[0;32m✅ Code mis à jour avec succès[0m
[1;33m🗃️  Application des migrations Django...[0m
[0;32m🎉 Déploiement terminé avec succès ![0m
[0;32m📍 Version déployée: e49244cf[0m
[0;32m📅 jeu. 24 juil. 2025 14:20:06 WAT[0m

[0;32m✨ Doc@uthANTIC est maintenant à jour et fonctionnel ![0m
2025-07-24 14:20:06 - [0;32m✅ Déploiement automatique réussi[0m
2025-07-24 14:25:01 - [1;33m🔍 Vérification des changements distants...[0m
2025-07-24 14:30:01 - [1;33m🔍 Vérification des changements distants...[0m
2025-07-24 14:35:01 - [1;33m🔍 Vérification des changements distants...[0m
2025-07-24 14:40:01 - [1;33m🔍 Vérification des changements distants...[0m
2025-07-24 14:45:01 - [1;33m🔍 Vérification des changements distants...[0m
2025-07-24 14:50:01 - [1;33m🔍 Vérification des changements distants...[0m
2025-07-24 14:55:01 - [1;33m🔍 Vérification des changements distants...[0m
2025-07-24 14:55:03 - [0;32m🆕 Nouveaux changements détectés ![0m
2025-07-24 14:55:03 - [1;33mLocal:  e49244cf18d52ff001e6f81b3723b4c6c79bbf6c[0m
2025-07-24 14:55:03 - [1;33mRemote: f2831d63e248be6efae6eadc5a8f0414e36c0460[0m
2025-07-24 14:55:03 - [1;33m🚀 Déclenchement du déploiement automatique...[0m
🚀 Début du déploiement automatique Doc@uthANTIC...
📅 jeu. 24 juil. 2025 14:55:03 WAT
[1;33m📁 Répertoire courant: /home/ssatl/Documents/Doc@uthANTIC[0m
[1;33m💾 Sauvegarde de l'état actuel...[0m
Pas de modifications locales à sauver
[1;33m📥 Récupération des changements depuis le repository distant...[0m
[1;33m🔄 Nouveaux changements détectés. Mise à jour en cours...[0m
[1;33m⬇️  Pull des changements...[0m
Depuis https://github.com/MARKUPsoft-corp/CertiSign
 * branch              prod       -> FETCH_HEAD
Mise à jour e49244cf..f2831d63
Fast-forward
 .../microservices/signature_document/main.py       | 80 ++++++++++++++++++----
 .../lib/features/verify/verify_screen.dart         | 71 ++++++++++++++++---
 2 files changed, 127 insertions(+), 24 deletions(-)
[0;32m✅ Code mis à jour avec succès[0m
[1;33m🗃️  Application des migrations Django...[0m
[0;32m🎉 Déploiement terminé avec succès ![0m
[0;32m📍 Version déployée: f2831d63[0m
[0;32m📅 jeu. 24 juil. 2025 14:55:06 WAT[0m

[0;32m✨ Doc@uthANTIC est maintenant à jour et fonctionnel ![0m
2025-07-24 14:55:06 - [0;32m✅ Déploiement automatique réussi[0m
2025-07-24 15:00:01 - [1;33m🔍 Vérification des changements distants...[0m
2025-07-24 15:05:01 - [1;33m🔍 Vérification des changements distants...[0m
2025-07-24 15:10:01 - [1;33m🔍 Vérification des changements distants...[0m
2025-07-24 15:10:12 - [0;32m🆕 Nouveaux changements détectés ![0m
2025-07-24 15:10:12 - [1;33mLocal:  f2831d63e248be6efae6eadc5a8f0414e36c0460[0m
2025-07-24 15:10:12 - [1;33mRemote: 4fa510aa9080d6334d8a2c9bb3a92fc92a62284e[0m
2025-07-24 15:10:12 - [1;33m🚀 Déclenchement du déploiement automatique...[0m
🚀 Début du déploiement automatique Doc@uthANTIC...
📅 jeu. 24 juil. 2025 15:10:12 WAT
[1;33m📁 Répertoire courant: /home/ssatl/Documents/Doc@uthANTIC[0m
[1;33m💾 Sauvegarde de l'état actuel...[0m
Arbre de travail et état de l'index sauvegardés dans On prod: Auto-stash avant déploiement jeu. 24 juil. 2025 15:10:12 WAT
[1;33m📥 Récupération des changements depuis le repository distant...[0m
[1;33m🔄 Nouveaux changements détectés. Mise à jour en cours...[0m
[1;33m⬇️  Pull des changements...[0m
Depuis https://github.com/MARKUPsoft-corp/CertiSign
 * branch              prod       -> FETCH_HEAD
Mise à jour f2831d63..4fa510aa
Fast-forward
 backend/django-project/documents/signature_views.py | 14 ++++++++++++--
 1 file changed, 12 insertions(+), 2 deletions(-)
[0;32m✅ Code mis à jour avec succès[0m
[1;33m🗃️  Application des migrations Django...[0m
[0;32m🎉 Déploiement terminé avec succès ![0m
[0;32m📍 Version déployée: 4fa510aa[0m
[0;32m📅 jeu. 24 juil. 2025 15:10:16 WAT[0m

[0;32m✨ Doc@uthANTIC est maintenant à jour et fonctionnel ![0m
2025-07-24 15:10:16 - [0;32m✅ Déploiement automatique réussi[0m
2025-07-24 15:15:01 - [1;33m🔍 Vérification des changements distants...[0m
2025-07-24 15:20:01 - [1;33m🔍 Vérification des changements distants...[0m
2025-07-24 15:25:01 - [1;33m🔍 Vérification des changements distants...[0m
2025-07-24 15:30:01 - [1;33m🔍 Vérification des changements distants...[0m
2025-07-24 15:30:03 - [0;32m🆕 Nouveaux changements détectés ![0m
2025-07-24 15:30:03 - [1;33mLocal:  4fa510aa9080d6334d8a2c9bb3a92fc92a62284e[0m
2025-07-24 15:30:03 - [1;33mRemote: 81612d57bb4da9278859ac3b568b829f01e4b6c7[0m
2025-07-24 15:30:03 - [1;33m🚀 Déclenchement du déploiement automatique...[0m
🚀 Début du déploiement automatique Doc@uthANTIC...
📅 jeu. 24 juil. 2025 15:30:03 WAT
[1;33m📁 Répertoire courant: /home/ssatl/Documents/Doc@uthANTIC[0m
[1;33m💾 Sauvegarde de l'état actuel...[0m
Arbre de travail et état de l'index sauvegardés dans On prod: Auto-stash avant déploiement jeu. 24 juil. 2025 15:30:03 WAT
[1;33m📥 Récupération des changements depuis le repository distant...[0m
[1;33m🔄 Nouveaux changements détectés. Mise à jour en cours...[0m
[1;33m⬇️  Pull des changements...[0m
Depuis https://github.com/MARKUPsoft-corp/CertiSign
 * branch              prod       -> FETCH_HEAD
Mise à jour 4fa510aa..81612d57
Fast-forward
 frontend/src/views/NewDashboard.vue | 235 ++----------------------------------
 1 file changed, 7 insertions(+), 228 deletions(-)
[0;32m✅ Code mis à jour avec succès[0m
[1;33m🗃️  Application des migrations Django...[0m
[0;32m🎉 Déploiement terminé avec succès ![0m
[0;32m📍 Version déployée: 81612d57[0m
[0;32m📅 jeu. 24 juil. 2025 15:30:07 WAT[0m

[0;32m✨ Doc@uthANTIC est maintenant à jour et fonctionnel ![0m
2025-07-24 15:30:07 - [0;32m✅ Déploiement automatique réussi[0m
2025-07-24 15:35:01 - [1;33m🔍 Vérification des changements distants...[0m
2025-07-24 15:40:01 - [1;33m🔍 Vérification des changements distants...[0m
2025-07-24 15:45:01 - [1;33m🔍 Vérification des changements distants...[0m
2025-07-24 15:50:01 - [1;33m🔍 Vérification des changements distants...[0m
2025-07-24 15:55:01 - [1;33m🔍 Vérification des changements distants...[0m
2025-07-24 16:00:01 - [1;33m🔍 Vérification des changements distants...[0m
2025-07-24 16:05:01 - [1;33m🔍 Vérification des changements distants...[0m
2025-07-24 16:10:01 - [1;33m🔍 Vérification des changements distants...[0m
2025-07-24 16:15:01 - [1;33m🔍 Vérification des changements distants...[0m
2025-07-24 16:20:01 - [1;33m🔍 Vérification des changements distants...[0m
2025-07-24 16:25:01 - [1;33m🔍 Vérification des changements distants...[0m
2025-07-24 16:30:01 - [1;33m🔍 Vérification des changements distants...[0m
2025-07-24 16:35:01 - [1;33m🔍 Vérification des changements distants...[0m
2025-07-24 16:40:01 - [1;33m🔍 Vérification des changements distants...[0m
2025-07-24 16:45:01 - [1;33m🔍 Vérification des changements distants...[0m
2025-07-24 16:50:01 - [1;33m🔍 Vérification des changements distants...[0m
2025-07-24 16:55:01 - [1;33m🔍 Vérification des changements distants...[0m
2025-07-24 17:00:01 - [1;33m🔍 Vérification des changements distants...[0m
2025-07-24 17:05:01 - [1;33m🔍 Vérification des changements distants...[0m
2025-07-24 17:10:01 - [1;33m🔍 Vérification des changements distants...[0m
2025-07-24 17:15:01 - [1;33m🔍 Vérification des changements distants...[0m
2025-07-24 17:20:01 - [1;33m🔍 Vérification des changements distants...[0m
2025-07-24 17:25:01 - [1;33m🔍 Vérification des changements distants...[0m
2025-07-24 17:30:01 - [1;33m🔍 Vérification des changements distants...[0m
2025-07-24 17:35:01 - [1;33m🔍 Vérification des changements distants...[0m
2025-07-24 17:40:01 - [1;33m🔍 Vérification des changements distants...[0m
2025-07-24 17:45:01 - [1;33m🔍 Vérification des changements distants...[0m
2025-07-24 17:50:01 - [1;33m🔍 Vérification des changements distants...[0m
2025-07-24 17:55:01 - [1;33m🔍 Vérification des changements distants...[0m
2025-07-24 18:00:01 - [1;33m🔍 Vérification des changements distants...[0m
2025-07-24 18:05:01 - [1;33m🔍 Vérification des changements distants...[0m
2025-07-24 18:10:01 - [1;33m🔍 Vérification des changements distants...[0m
2025-07-24 18:15:01 - [1;33m🔍 Vérification des changements distants...[0m
2025-07-24 18:20:01 - [1;33m🔍 Vérification des changements distants...[0m
2025-07-24 18:25:01 - [1;33m🔍 Vérification des changements distants...[0m
2025-07-24 18:30:01 - [1;33m🔍 Vérification des changements distants...[0m
2025-07-24 18:35:01 - [1;33m🔍 Vérification des changements distants...[0m
2025-07-24 18:40:01 - [1;33m🔍 Vérification des changements distants...[0m
2025-07-24 18:45:01 - [1;33m🔍 Vérification des changements distants...[0m
2025-07-24 18:50:01 - [1;33m🔍 Vérification des changements distants...[0m
2025-07-24 18:55:01 - [1;33m🔍 Vérification des changements distants...[0m
2025-07-24 19:00:01 - [1;33m🔍 Vérification des changements distants...[0m
2025-07-24 19:05:01 - [1;33m🔍 Vérification des changements distants...[0m
2025-07-24 19:10:01 - [1;33m🔍 Vérification des changements distants...[0m
2025-07-24 19:15:01 - [1;33m🔍 Vérification des changements distants...[0m
2025-07-24 19:20:01 - [1;33m🔍 Vérification des changements distants...[0m
2025-07-24 19:25:01 - [1;33m🔍 Vérification des changements distants...[0m
2025-07-24 19:30:01 - [1;33m🔍 Vérification des changements distants...[0m
2025-07-24 19:35:01 - [1;33m🔍 Vérification des changements distants...[0m
2025-07-24 19:40:01 - [1;33m🔍 Vérification des changements distants...[0m
2025-07-24 19:45:01 - [1;33m🔍 Vérification des changements distants...[0m
2025-07-24 19:50:01 - [1;33m🔍 Vérification des changements distants...[0m
2025-07-24 19:55:01 - [1;33m🔍 Vérification des changements distants...[0m
2025-07-24 20:00:01 - [1;33m🔍 Vérification des changements distants...[0m
2025-07-24 20:05:01 - [1;33m🔍 Vérification des changements distants...[0m
2025-07-24 20:10:01 - [1;33m🔍 Vérification des changements distants...[0m
2025-07-24 20:15:01 - [1;33m🔍 Vérification des changements distants...[0m
2025-07-24 20:20:01 - [1;33m🔍 Vérification des changements distants...[0m
2025-07-24 20:25:01 - [1;33m🔍 Vérification des changements distants...[0m
2025-07-24 20:30:01 - [1;33m🔍 Vérification des changements distants...[0m
2025-07-24 20:35:01 - [1;33m🔍 Vérification des changements distants...[0m
2025-07-24 20:40:01 - [1;33m🔍 Vérification des changements distants...[0m
2025-07-24 20:45:01 - [1;33m🔍 Vérification des changements distants...[0m
2025-07-24 20:50:01 - [1;33m🔍 Vérification des changements distants...[0m
2025-07-24 20:55:01 - [1;33m🔍 Vérification des changements distants...[0m
2025-07-24 21:00:01 - [1;33m🔍 Vérification des changements distants...[0m
2025-07-24 21:05:01 - [1;33m🔍 Vérification des changements distants...[0m
2025-07-24 21:10:01 - [1;33m🔍 Vérification des changements distants...[0m
2025-07-24 21:15:01 - [1;33m🔍 Vérification des changements distants...[0m
2025-07-24 21:20:01 - [1;33m🔍 Vérification des changements distants...[0m
2025-07-24 21:25:01 - [1;33m🔍 Vérification des changements distants...[0m
2025-07-24 21:30:01 - [1;33m🔍 Vérification des changements distants...[0m
2025-07-24 21:35:01 - [1;33m🔍 Vérification des changements distants...[0m
2025-07-24 21:40:01 - [1;33m🔍 Vérification des changements distants...[0m
2025-07-24 21:45:01 - [1;33m🔍 Vérification des changements distants...[0m
2025-07-24 21:50:01 - [1;33m🔍 Vérification des changements distants...[0m
2025-07-24 21:55:01 - [1;33m🔍 Vérification des changements distants...[0m
2025-07-24 22:00:01 - [1;33m🔍 Vérification des changements distants...[0m
2025-07-24 22:05:01 - [1;33m🔍 Vérification des changements distants...[0m
2025-07-24 22:10:01 - [1;33m🔍 Vérification des changements distants...[0m
2025-07-24 22:15:01 - [1;33m🔍 Vérification des changements distants...[0m
2025-07-24 22:20:01 - [1;33m🔍 Vérification des changements distants...[0m
2025-07-24 22:25:02 - [1;33m🔍 Vérification des changements distants...[0m
2025-07-24 22:30:01 - [1;33m🔍 Vérification des changements distants...[0m
2025-07-24 22:35:01 - [1;33m🔍 Vérification des changements distants...[0m
2025-07-24 22:40:01 - [1;33m🔍 Vérification des changements distants...[0m
2025-07-24 22:45:01 - [1;33m🔍 Vérification des changements distants...[0m
2025-07-24 22:50:01 - [1;33m🔍 Vérification des changements distants...[0m
2025-07-24 22:55:01 - [1;33m🔍 Vérification des changements distants...[0m
2025-07-24 23:00:01 - [1;33m🔍 Vérification des changements distants...[0m
2025-07-24 23:05:01 - [1;33m🔍 Vérification des changements distants...[0m
2025-07-24 23:10:01 - [1;33m🔍 Vérification des changements distants...[0m
2025-07-24 23:15:01 - [1;33m🔍 Vérification des changements distants...[0m
2025-07-24 23:20:01 - [1;33m🔍 Vérification des changements distants...[0m
2025-07-24 23:25:01 - [1;33m🔍 Vérification des changements distants...[0m
2025-07-24 23:30:01 - [1;33m🔍 Vérification des changements distants...[0m
2025-07-24 23:35:01 - [1;33m🔍 Vérification des changements distants...[0m
2025-07-24 23:40:01 - [1;33m🔍 Vérification des changements distants...[0m
2025-07-24 23:45:01 - [1;33m🔍 Vérification des changements distants...[0m
2025-07-24 23:50:01 - [1;33m🔍 Vérification des changements distants...[0m
2025-07-24 23:55:01 - [1;33m🔍 Vérification des changements distants...[0m
2025-07-25 00:00:01 - [1;33m🔍 Vérification des changements distants...[0m
2025-07-25 00:05:01 - [1;33m🔍 Vérification des changements distants...[0m
2025-07-25 00:10:01 - [1;33m🔍 Vérification des changements distants...[0m
2025-07-25 00:15:01 - [1;33m🔍 Vérification des changements distants...[0m
2025-07-25 00:20:01 - [1;33m🔍 Vérification des changements distants...[0m
2025-07-25 00:25:01 - [1;33m🔍 Vérification des changements distants...[0m
2025-07-25 00:30:01 - [1;33m🔍 Vérification des changements distants...[0m
2025-07-25 00:35:01 - [1;33m🔍 Vérification des changements distants...[0m
2025-07-25 00:40:01 - [1;33m🔍 Vérification des changements distants...[0m
2025-07-25 00:45:01 - [1;33m🔍 Vérification des changements distants...[0m
2025-07-25 00:50:01 - [1;33m🔍 Vérification des changements distants...[0m
2025-07-25 00:55:01 - [1;33m🔍 Vérification des changements distants...[0m
2025-07-25 01:00:01 - [1;33m🔍 Vérification des changements distants...[0m
2025-07-25 01:05:01 - [1;33m🔍 Vérification des changements distants...[0m
2025-07-25 01:10:01 - [1;33m🔍 Vérification des changements distants...[0m
2025-07-25 01:15:01 - [1;33m🔍 Vérification des changements distants...[0m
2025-07-25 01:20:01 - [1;33m🔍 Vérification des changements distants...[0m
2025-07-25 01:25:01 - [1;33m🔍 Vérification des changements distants...[0m
2025-07-25 01:30:01 - [1;33m🔍 Vérification des changements distants...[0m
2025-07-25 01:35:01 - [1;33m🔍 Vérification des changements distants...[0m
2025-07-25 01:40:01 - [1;33m🔍 Vérification des changements distants...[0m
2025-07-25 01:45:01 - [1;33m🔍 Vérification des changements distants...[0m
2025-07-25 01:50:01 - [1;33m🔍 Vérification des changements distants...[0m
2025-07-25 01:55:01 - [1;33m🔍 Vérification des changements distants...[0m
2025-07-25 02:00:01 - [1;33m🔍 Vérification des changements distants...[0m
2025-07-25 02:05:01 - [1;33m🔍 Vérification des changements distants...[0m
2025-07-25 02:10:01 - [1;33m🔍 Vérification des changements distants...[0m
2025-07-25 02:15:01 - [1;33m🔍 Vérification des changements distants...[0m
2025-07-25 02:20:01 - [1;33m🔍 Vérification des changements distants...[0m
2025-07-25 02:25:01 - [1;33m🔍 Vérification des changements distants...[0m
2025-07-25 02:30:01 - [1;33m🔍 Vérification des changements distants...[0m
2025-07-25 02:35:01 - [1;33m🔍 Vérification des changements distants...[0m
2025-07-25 02:40:01 - [1;33m🔍 Vérification des changements distants...[0m
2025-07-25 02:45:01 - [1;33m🔍 Vérification des changements distants...[0m
2025-07-25 02:50:01 - [1;33m🔍 Vérification des changements distants...[0m
2025-07-25 02:55:01 - [1;33m🔍 Vérification des changements distants...[0m
2025-07-25 03:00:01 - [1;33m🔍 Vérification des changements distants...[0m
2025-07-25 03:05:01 - [1;33m🔍 Vérification des changements distants...[0m
2025-07-25 03:10:01 - [1;33m🔍 Vérification des changements distants...[0m
2025-07-25 03:15:01 - [1;33m🔍 Vérification des changements distants...[0m
2025-07-25 03:20:01 - [1;33m🔍 Vérification des changements distants...[0m
2025-07-25 03:25:01 - [1;33m🔍 Vérification des changements distants...[0m
2025-07-25 03:30:01 - [1;33m🔍 Vérification des changements distants...[0m
2025-07-25 03:35:01 - [1;33m🔍 Vérification des changements distants...[0m
2025-07-25 03:40:01 - [1;33m🔍 Vérification des changements distants...[0m
2025-07-25 03:45:01 - [1;33m🔍 Vérification des changements distants...[0m
2025-07-25 03:50:01 - [1;33m🔍 Vérification des changements distants...[0m
2025-07-25 03:55:01 - [1;33m🔍 Vérification des changements distants...[0m
2025-07-25 04:00:01 - [1;33m🔍 Vérification des changements distants...[0m
2025-07-25 04:05:01 - [1;33m🔍 Vérification des changements distants...[0m
2025-07-25 04:10:01 - [1;33m🔍 Vérification des changements distants...[0m
2025-07-25 04:15:01 - [1;33m🔍 Vérification des changements distants...[0m
2025-07-25 04:20:01 - [1;33m🔍 Vérification des changements distants...[0m
2025-07-25 04:25:01 - [1;33m🔍 Vérification des changements distants...[0m
2025-07-25 04:30:01 - [1;33m🔍 Vérification des changements distants...[0m
2025-07-25 04:35:01 - [1;33m🔍 Vérification des changements distants...[0m
2025-07-25 04:40:01 - [1;33m🔍 Vérification des changements distants...[0m
2025-07-25 04:45:01 - [1;33m🔍 Vérification des changements distants...[0m
2025-07-25 04:50:01 - [1;33m🔍 Vérification des changements distants...[0m
2025-07-25 04:55:01 - [1;33m🔍 Vérification des changements distants...[0m
2025-07-25 05:00:01 - [1;33m🔍 Vérification des changements distants...[0m
2025-07-25 05:05:01 - [1;33m🔍 Vérification des changements distants...[0m
2025-07-25 05:10:01 - [1;33m🔍 Vérification des changements distants...[0m
2025-07-25 05:15:01 - [1;33m🔍 Vérification des changements distants...[0m
2025-07-25 05:20:01 - [1;33m🔍 Vérification des changements distants...[0m
2025-07-25 05:25:01 - [1;33m🔍 Vérification des changements distants...[0m
2025-07-25 05:30:01 - [1;33m🔍 Vérification des changements distants...[0m
2025-07-25 05:35:01 - [1;33m🔍 Vérification des changements distants...[0m
2025-07-25 05:40:01 - [1;33m🔍 Vérification des changements distants...[0m
2025-07-25 05:45:01 - [1;33m🔍 Vérification des changements distants...[0m
2025-07-25 05:50:01 - [1;33m🔍 Vérification des changements distants...[0m
2025-07-25 05:55:01 - [1;33m🔍 Vérification des changements distants...[0m
2025-07-25 06:00:01 - [1;33m🔍 Vérification des changements distants...[0m
2025-07-25 06:05:01 - [1;33m🔍 Vérification des changements distants...[0m
2025-07-25 06:10:01 - [1;33m🔍 Vérification des changements distants...[0m
2025-07-25 06:15:01 - [1;33m🔍 Vérification des changements distants...[0m
2025-07-25 06:20:01 - [1;33m🔍 Vérification des changements distants...[0m
2025-07-25 06:25:01 - [1;33m🔍 Vérification des changements distants...[0m
2025-07-25 06:30:01 - [1;33m🔍 Vérification des changements distants...[0m
2025-07-25 06:35:01 - [1;33m🔍 Vérification des changements distants...[0m
2025-07-25 06:40:02 - [1;33m🔍 Vérification des changements distants...[0m
2025-07-25 06:45:01 - [1;33m🔍 Vérification des changements distants...[0m
2025-07-25 06:50:01 - [1;33m🔍 Vérification des changements distants...[0m
2025-07-25 06:55:01 - [1;33m🔍 Vérification des changements distants...[0m
2025-07-25 07:00:01 - [1;33m🔍 Vérification des changements distants...[0m
2025-07-25 07:05:01 - [1;33m🔍 Vérification des changements distants...[0m
2025-07-25 07:10:01 - [1;33m🔍 Vérification des changements distants...[0m
2025-07-25 07:15:01 - [1;33m🔍 Vérification des changements distants...[0m
2025-07-25 07:20:01 - [1;33m🔍 Vérification des changements distants...[0m
2025-07-25 07:25:01 - [1;33m🔍 Vérification des changements distants...[0m
2025-07-25 07:30:01 - [1;33m🔍 Vérification des changements distants...[0m
2025-07-25 07:35:01 - [1;33m🔍 Vérification des changements distants...[0m
2025-07-25 07:40:01 - [1;33m🔍 Vérification des changements distants...[0m
2025-07-25 07:45:01 - [1;33m🔍 Vérification des changements distants...[0m
2025-07-25 07:50:01 - [1;33m🔍 Vérification des changements distants...[0m
2025-07-25 07:55:01 - [1;33m🔍 Vérification des changements distants...[0m
2025-07-25 08:00:01 - [1;33m🔍 Vérification des changements distants...[0m
2025-07-25 08:05:01 - [1;33m🔍 Vérification des changements distants...[0m
2025-07-25 08:10:01 - [1;33m🔍 Vérification des changements distants...[0m
2025-07-25 08:15:01 - [1;33m🔍 Vérification des changements distants...[0m
2025-07-25 08:20:01 - [1;33m🔍 Vérification des changements distants...[0m
2025-07-25 08:25:01 - [1;33m🔍 Vérification des changements distants...[0m
2025-07-25 08:30:01 - [1;33m🔍 Vérification des changements distants...[0m
2025-07-25 08:35:01 - [1;33m🔍 Vérification des changements distants...[0m
2025-07-25 08:35:03 - [0;32m🆕 Nouveaux changements détectés ![0m
2025-07-25 08:35:03 - [1;33mLocal:  81612d57bb4da9278859ac3b568b829f01e4b6c7[0m
2025-07-25 08:35:03 - [1;33mRemote: 772f10d743467096c0ee4777e18b6076df35347e[0m
2025-07-25 08:35:03 - [1;33m🚀 Déclenchement du déploiement automatique...[0m
🚀 Début du déploiement automatique Doc@uthANTIC...
📅 ven. 25 juil. 2025 08:35:03 WAT
[1;33m📁 Répertoire courant: /home/ssatl/Documents/Doc@uthANTIC[0m
[1;33m💾 Sauvegarde de l'état actuel...[0m
Pas de modifications locales à sauver
[1;33m📥 Récupération des changements depuis le repository distant...[0m
[1;33m🔄 Nouveaux changements détectés. Mise à jour en cours...[0m
[1;33m⬇️  Pull des changements...[0m
Depuis https://github.com/MARKUPsoft-corp/CertiSign
 * branch              prod       -> FETCH_HEAD
Mise à jour 81612d57..772f10d7
Fast-forward
 .../lib/features/verify/verify_screen.dart         | 92 +++++++++++-----------
 certisign_verify/lib/shared/theme_provider.dart    |  7 +-
 certisign_verify/test/widget_test.dart             |  6 +-
 frontend/src/services/AnalyticsService.js          | 25 +++++-
 frontend/src/views/HomePage.vue                    | 10 +++
 5 files changed, 85 insertions(+), 55 deletions(-)
[0;32m✅ Code mis à jour avec succès[0m
[1;33m🗃️  Application des migrations Django...[0m
[0;32m🎉 Déploiement terminé avec succès ![0m
[0;32m📍 Version déployée: 772f10d7[0m
[0;32m📅 ven. 25 juil. 2025 08:35:06 WAT[0m

[0;32m✨ Doc@uthANTIC est maintenant à jour et fonctionnel ![0m
2025-07-25 08:35:06 - [0;32m✅ Déploiement automatique réussi[0m
2025-07-25 08:40:01 - [1;33m🔍 Vérification des changements distants...[0m
2025-07-25 08:45:01 - [1;33m🔍 Vérification des changements distants...[0m
2025-07-25 08:50:01 - [1;33m🔍 Vérification des changements distants...[0m
2025-07-25 08:55:01 - [1;33m🔍 Vérification des changements distants...[0m
2025-07-25 09:00:01 - [1;33m🔍 Vérification des changements distants...[0m
2025-07-25 09:05:01 - [1;33m🔍 Vérification des changements distants...[0m
2025-07-25 09:10:01 - [1;33m🔍 Vérification des changements distants...[0m
2025-07-25 09:15:01 - [1;33m🔍 Vérification des changements distants...[0m
2025-07-25 09:20:01 - [1;33m🔍 Vérification des changements distants...[0m
2025-07-25 09:25:01 - [1;33m🔍 Vérification des changements distants...[0m
2025-07-25 09:30:01 - [1;33m🔍 Vérification des changements distants...[0m
2025-07-25 09:35:01 - [1;33m🔍 Vérification des changements distants...[0m
2025-07-25 09:40:01 - [1;33m🔍 Vérification des changements distants...[0m
2025-07-25 09:45:01 - [1;33m🔍 Vérification des changements distants...[0m
2025-07-25 09:50:01 - [1;33m🔍 Vérification des changements distants...[0m
2025-07-25 09:55:01 - [1;33m🔍 Vérification des changements distants...[0m
2025-07-25 10:00:01 - [1;33m🔍 Vérification des changements distants...[0m
2025-07-25 10:05:01 - [1;33m🔍 Vérification des changements distants...[0m
2025-07-25 10:10:01 - [1;33m🔍 Vérification des changements distants...[0m
2025-07-25 10:15:01 - [1;33m🔍 Vérification des changements distants...[0m
2025-07-25 10:20:01 - [1;33m🔍 Vérification des changements distants...[0m
2025-07-25 10:25:01 - [1;33m🔍 Vérification des changements distants...[0m
2025-07-25 10:30:01 - [1;33m🔍 Vérification des changements distants...[0m
2025-07-25 10:35:01 - [1;33m🔍 Vérification des changements distants...[0m
2025-07-25 10:40:01 - [1;33m🔍 Vérification des changements distants...[0m
2025-07-25 10:45:01 - [1;33m🔍 Vérification des changements distants...[0m
2025-07-25 10:50:01 - [1;33m🔍 Vérification des changements distants...[0m
2025-07-25 10:55:01 - [1;33m🔍 Vérification des changements distants...[0m
2025-07-25 11:00:01 - [1;33m🔍 Vérification des changements distants...[0m
2025-07-25 11:05:01 - [1;33m🔍 Vérification des changements distants...[0m
2025-07-25 11:10:01 - [1;33m🔍 Vérification des changements distants...[0m
2025-07-25 11:15:01 - [1;33m🔍 Vérification des changements distants...[0m
2025-07-25 11:20:01 - [1;33m🔍 Vérification des changements distants...[0m
2025-07-25 11:25:01 - [1;33m🔍 Vérification des changements distants...[0m
2025-07-25 11:30:01 - [1;33m🔍 Vérification des changements distants...[0m
2025-07-25 11:35:01 - [1;33m🔍 Vérification des changements distants...[0m
2025-07-25 11:40:01 - [1;33m🔍 Vérification des changements distants...[0m
2025-07-25 11:45:01 - [1;33m🔍 Vérification des changements distants...[0m
2025-07-25 11:50:01 - [1;33m🔍 Vérification des changements distants...[0m
2025-07-25 11:55:01 - [1;33m🔍 Vérification des changements distants...[0m
2025-07-25 12:00:01 - [1;33m🔍 Vérification des changements distants...[0m
2025-07-25 12:05:01 - [1;33m🔍 Vérification des changements distants...[0m
2025-07-25 12:10:01 - [1;33m🔍 Vérification des changements distants...[0m
2025-07-25 12:15:01 - [1;33m🔍 Vérification des changements distants...[0m
2025-07-25 12:20:01 - [1;33m🔍 Vérification des changements distants...[0m
2025-07-25 12:20:03 - [0;32m🆕 Nouveaux changements détectés ![0m
2025-07-25 12:20:03 - [1;33mLocal:  772f10d743467096c0ee4777e18b6076df35347e[0m
2025-07-25 12:20:03 - [1;33mRemote: 6b9bd7a3dc2be0717c478f2e422205a0cf50126a[0m
2025-07-25 12:20:03 - [1;33m🚀 Déclenchement du déploiement automatique...[0m
🚀 Début du déploiement automatique Doc@uthANTIC...
📅 ven. 25 juil. 2025 12:20:03 WAT
[1;33m📁 Répertoire courant: /home/ssatl/Documents/Doc@uthANTIC[0m
[1;33m💾 Sauvegarde de l'état actuel...[0m
Pas de modifications locales à sauver
[1;33m📥 Récupération des changements depuis le repository distant...[0m
[1;33m🔄 Nouveaux changements détectés. Mise à jour en cours...[0m
[1;33m⬇️  Pull des changements...[0m
Depuis https://github.com/MARKUPsoft-corp/CertiSign
 * branch              prod       -> FETCH_HEAD
Mise à jour 772f10d7..6b9bd7a3
Fast-forward
 frontend/src/views/SignerDashboard.vue | 473 ++++++++++++++++++++++++++++++++-
 1 file changed, 468 insertions(+), 5 deletions(-)
[0;32m✅ Code mis à jour avec succès[0m
[1;33m🗃️  Application des migrations Django...[0m
[0;32m🎉 Déploiement terminé avec succès ![0m
[0;32m📍 Version déployée: 6b9bd7a3[0m
[0;32m📅 ven. 25 juil. 2025 12:20:10 WAT[0m

[0;32m✨ Doc@uthANTIC est maintenant à jour et fonctionnel ![0m
2025-07-25 12:20:10 - [0;32m✅ Déploiement automatique réussi[0m
2025-07-25 12:25:01 - [1;33m🔍 Vérification des changements distants...[0m
2025-07-25 12:30:01 - [1;33m🔍 Vérification des changements distants...[0m
2025-07-25 12:35:02 - [1;33m🔍 Vérification des changements distants...[0m
2025-07-25 12:40:01 - [1;33m🔍 Vérification des changements distants...[0m
2025-07-25 12:45:01 - [1;33m🔍 Vérification des changements distants...[0m
2025-07-25 12:45:18 - [0;32m🆕 Nouveaux changements détectés ![0m
2025-07-25 12:45:18 - [1;33mLocal:  6b9bd7a3dc2be0717c478f2e422205a0cf50126a[0m
2025-07-25 12:45:18 - [1;33mRemote: 7f635566c0e8294b5f102091c1c2537dca468a2c[0m
2025-07-25 12:45:18 - [1;33m🚀 Déclenchement du déploiement automatique...[0m
🚀 Début du déploiement automatique Doc@uthANTIC...
📅 ven. 25 juil. 2025 12:45:18 WAT
[1;33m📁 Répertoire courant: /home/ssatl/Documents/Doc@uthANTIC[0m
[1;33m💾 Sauvegarde de l'état actuel...[0m
Pas de modifications locales à sauver
[1;33m📥 Récupération des changements depuis le repository distant...[0m
[1;33m🔄 Nouveaux changements détectés. Mise à jour en cours...[0m
[1;33m⬇️  Pull des changements...[0m
Depuis https://github.com/MARKUPsoft-corp/CertiSign
 * branch              prod       -> FETCH_HEAD
Mise à jour 6b9bd7a3..7f635566
Fast-forward
 frontend/src/views/SignerDashboard.vue | 65 +++++++++++++++++++++++++++++++---
 1 file changed, 61 insertions(+), 4 deletions(-)
[0;32m✅ Code mis à jour avec succès[0m
[1;33m🗃️  Application des migrations Django...[0m
[0;32m🎉 Déploiement terminé avec succès ![0m
[0;32m📍 Version déployée: 7f635566[0m
[0;32m📅 ven. 25 juil. 2025 12:45:21 WAT[0m

[0;32m✨ Doc@uthANTIC est maintenant à jour et fonctionnel ![0m
2025-07-25 12:45:21 - [0;32m✅ Déploiement automatique réussi[0m
2025-07-25 12:50:02 - [1;33m🔍 Vérification des changements distants...[0m
2025-07-25 12:50:05 - [0;32m🆕 Nouveaux changements détectés ![0m
2025-07-25 12:50:05 - [1;33mLocal:  7f635566c0e8294b5f102091c1c2537dca468a2c[0m
2025-07-25 12:50:05 - [1;33mRemote: ed0e83600b328474092a943e879f3f9ebb984b59[0m
2025-07-25 12:50:05 - [1;33m🚀 Déclenchement du déploiement automatique...[0m
🚀 Début du déploiement automatique Doc@uthANTIC...
📅 ven. 25 juil. 2025 12:50:05 WAT
[1;33m📁 Répertoire courant: /home/ssatl/Documents/Doc@uthANTIC[0m
[1;33m💾 Sauvegarde de l'état actuel...[0m
Pas de modifications locales à sauver
[1;33m📥 Récupération des changements depuis le repository distant...[0m
[1;33m🔄 Nouveaux changements détectés. Mise à jour en cours...[0m
[1;33m⬇️  Pull des changements...[0m
Depuis https://github.com/MARKUPsoft-corp/CertiSign
 * branch              prod       -> FETCH_HEAD
Mise à jour 7f635566..ed0e8360
Fast-forward
 frontend/src/views/SignWithTemplateMultiple.vue | 16 ++++++++++++++++
 frontend/src/views/SignerDashboard.vue          | 11 ++++++++---
 2 files changed, 24 insertions(+), 3 deletions(-)
[0;32m✅ Code mis à jour avec succès[0m
[1;33m🗃️  Application des migrations Django...[0m
[0;32m🎉 Déploiement terminé avec succès ![0m
[0;32m📍 Version déployée: ed0e8360[0m
[0;32m📅 ven. 25 juil. 2025 12:50:09 WAT[0m

[0;32m✨ Doc@uthANTIC est maintenant à jour et fonctionnel ![0m
2025-07-25 12:50:09 - [0;32m✅ Déploiement automatique réussi[0m
2025-07-25 12:55:01 - [1;33m🔍 Vérification des changements distants...[0m
2025-07-25 12:55:03 - [0;32m🆕 Nouveaux changements détectés ![0m
2025-07-25 12:55:03 - [1;33mLocal:  ed0e83600b328474092a943e879f3f9ebb984b59[0m
2025-07-25 12:55:03 - [1;33mRemote: edcf1ef276106fb42439da58c5947efe5dcdc8d0[0m
2025-07-25 12:55:03 - [1;33m🚀 Déclenchement du déploiement automatique...[0m
🚀 Début du déploiement automatique Doc@uthANTIC...
📅 ven. 25 juil. 2025 12:55:03 WAT
[1;33m📁 Répertoire courant: /home/ssatl/Documents/Doc@uthANTIC[0m
[1;33m💾 Sauvegarde de l'état actuel...[0m
Pas de modifications locales à sauver
[1;33m📥 Récupération des changements depuis le repository distant...[0m
[1;33m🔄 Nouveaux changements détectés. Mise à jour en cours...[0m
[1;33m⬇️  Pull des changements...[0m
Depuis https://github.com/MARKUPsoft-corp/CertiSign
 * branch              prod       -> FETCH_HEAD
Mise à jour ed0e8360..edcf1ef2
Fast-forward
 frontend/src/views/SignerDashboard.vue | 161 +++++++++++++++++++++++++++++++++
 1 file changed, 161 insertions(+)
[0;32m✅ Code mis à jour avec succès[0m
[1;33m🗃️  Application des migrations Django...[0m
[0;32m🎉 Déploiement terminé avec succès ![0m
[0;32m📍 Version déployée: edcf1ef2[0m
[0;32m📅 ven. 25 juil. 2025 12:55:06 WAT[0m

[0;32m✨ Doc@uthANTIC est maintenant à jour et fonctionnel ![0m
2025-07-25 12:55:06 - [0;32m✅ Déploiement automatique réussi[0m
2025-07-25 13:00:01 - [1;33m🔍 Vérification des changements distants...[0m
2025-07-25 13:00:03 - [0;32m🆕 Nouveaux changements détectés ![0m
2025-07-25 13:00:03 - [1;33mLocal:  edcf1ef276106fb42439da58c5947efe5dcdc8d0[0m
2025-07-25 13:00:03 - [1;33mRemote: f78cb0734b88b5abdec1d4387d82d726c376ee9f[0m
2025-07-25 13:00:03 - [1;33m🚀 Déclenchement du déploiement automatique...[0m
🚀 Début du déploiement automatique Doc@uthANTIC...
📅 ven. 25 juil. 2025 13:00:03 WAT
[1;33m📁 Répertoire courant: /home/ssatl/Documents/Doc@uthANTIC[0m
[1;33m💾 Sauvegarde de l'état actuel...[0m
Pas de modifications locales à sauver
[1;33m📥 Récupération des changements depuis le repository distant...[0m
[1;33m🔄 Nouveaux changements détectés. Mise à jour en cours...[0m
[1;33m⬇️  Pull des changements...[0m
Depuis https://github.com/MARKUPsoft-corp/CertiSign
 * branch              prod       -> FETCH_HEAD
Mise à jour edcf1ef2..f78cb073
Fast-forward
 frontend/src/views/SignSimple.vue | 3 ++-
 1 file changed, 2 insertions(+), 1 deletion(-)
[0;32m✅ Code mis à jour avec succès[0m
[1;33m🗃️  Application des migrations Django...[0m
[0;32m🎉 Déploiement terminé avec succès ![0m
[0;32m📍 Version déployée: f78cb073[0m
[0;32m📅 ven. 25 juil. 2025 13:00:06 WAT[0m

[0;32m✨ Doc@uthANTIC est maintenant à jour et fonctionnel ![0m
2025-07-25 13:00:06 - [0;32m✅ Déploiement automatique réussi[0m
2025-07-25 13:05:01 - [1;33m🔍 Vérification des changements distants...[0m
2025-07-25 13:05:03 - [0;32m🆕 Nouveaux changements détectés ![0m
2025-07-25 13:05:03 - [1;33mLocal:  f78cb0734b88b5abdec1d4387d82d726c376ee9f[0m
2025-07-25 13:05:03 - [1;33mRemote: 0c299c04c8e3997bfebd4c7a0504be02f47b1353[0m
2025-07-25 13:05:03 - [1;33m🚀 Déclenchement du déploiement automatique...[0m
🚀 Début du déploiement automatique Doc@uthANTIC...
📅 ven. 25 juil. 2025 13:05:03 WAT
[1;33m📁 Répertoire courant: /home/ssatl/Documents/Doc@uthANTIC[0m
[1;33m💾 Sauvegarde de l'état actuel...[0m
Pas de modifications locales à sauver
[1;33m📥 Récupération des changements depuis le repository distant...[0m
[1;33m🔄 Nouveaux changements détectés. Mise à jour en cours...[0m
[1;33m⬇️  Pull des changements...[0m
Depuis https://github.com/MARKUPsoft-corp/CertiSign
 * branch              prod       -> FETCH_HEAD
Mise à jour f78cb073..0c299c04
Fast-forward
 frontend/src/components/QrPositioner.vue | 21 +++++++++++++++++++++
 frontend/src/views/SignerDashboard.vue   | 17 +++++++++++++++++
 2 files changed, 38 insertions(+)
[0;32m✅ Code mis à jour avec succès[0m
[1;33m🗃️  Application des migrations Django...[0m
[0;32m🎉 Déploiement terminé avec succès ![0m
[0;32m📍 Version déployée: 0c299c04[0m
[0;32m📅 ven. 25 juil. 2025 13:05:06 WAT[0m

[0;32m✨ Doc@uthANTIC est maintenant à jour et fonctionnel ![0m
2025-07-25 13:05:06 - [0;32m✅ Déploiement automatique réussi[0m
2025-07-25 13:10:01 - [1;33m🔍 Vérification des changements distants...[0m
2025-07-25 13:10:13 - [0;32m🆕 Nouveaux changements détectés ![0m
2025-07-25 13:10:13 - [1;33mLocal:  0c299c04c8e3997bfebd4c7a0504be02f47b1353[0m
2025-07-25 13:10:13 - [1;33mRemote: 3f45b23da509d908abb536ea7da9a81d33ebb5a5[0m
2025-07-25 13:10:13 - [1;33m🚀 Déclenchement du déploiement automatique...[0m
🚀 Début du déploiement automatique Doc@uthANTIC...
📅 ven. 25 juil. 2025 13:10:13 WAT
[1;33m📁 Répertoire courant: /home/ssatl/Documents/Doc@uthANTIC[0m
[1;33m💾 Sauvegarde de l'état actuel...[0m
Pas de modifications locales à sauver
[1;33m📥 Récupération des changements depuis le repository distant...[0m
[1;33m🔄 Nouveaux changements détectés. Mise à jour en cours...[0m
[1;33m⬇️  Pull des changements...[0m
Depuis https://github.com/MARKUPsoft-corp/CertiSign
 * branch              prod       -> FETCH_HEAD
Mise à jour 0c299c04..3f45b23d
Fast-forward
 frontend/src/views/CollaboratorDashboard.vue | 6 +++---
 frontend/src/views/SignerDashboard.vue       | 6 +++---
 2 files changed, 6 insertions(+), 6 deletions(-)
[0;32m✅ Code mis à jour avec succès[0m
[1;33m🗃️  Application des migrations Django...[0m
[0;32m🎉 Déploiement terminé avec succès ![0m
[0;32m📍 Version déployée: 3f45b23d[0m
[0;32m📅 ven. 25 juil. 2025 13:10:17 WAT[0m

[0;32m✨ Doc@uthANTIC est maintenant à jour et fonctionnel ![0m
2025-07-25 13:10:17 - [0;32m✅ Déploiement automatique réussi[0m
2025-07-25 13:15:01 - [1;33m🔍 Vérification des changements distants...[0m
2025-07-25 13:15:02 - [0;32m🆕 Nouveaux changements détectés ![0m
2025-07-25 13:15:02 - [1;33mLocal:  3f45b23da509d908abb536ea7da9a81d33ebb5a5[0m
2025-07-25 13:15:02 - [1;33mRemote: 9015141d0ce32fe8b4b259e698f3c622e60287b2[0m
2025-07-25 13:15:02 - [1;33m🚀 Déclenchement du déploiement automatique...[0m
🚀 Début du déploiement automatique Doc@uthANTIC...
📅 ven. 25 juil. 2025 13:15:02 WAT
[1;33m📁 Répertoire courant: /home/ssatl/Documents/Doc@uthANTIC[0m
[1;33m💾 Sauvegarde de l'état actuel...[0m
Pas de modifications locales à sauver
[1;33m📥 Récupération des changements depuis le repository distant...[0m
[1;33m🔄 Nouveaux changements détectés. Mise à jour en cours...[0m
[1;33m⬇️  Pull des changements...[0m
Depuis https://github.com/MARKUPsoft-corp/CertiSign
 * branch              prod       -> FETCH_HEAD
Mise à jour 3f45b23d..9015141d
Fast-forward
 frontend/src/services/TemplateService.js | 6 +++++-
 frontend/src/views/SignerDashboard.vue   | 9 +++++++--
 2 files changed, 12 insertions(+), 3 deletions(-)
[0;32m✅ Code mis à jour avec succès[0m
[1;33m🗃️  Application des migrations Django...[0m
[0;32m🎉 Déploiement terminé avec succès ![0m
[0;32m📍 Version déployée: 9015141d[0m
[0;32m📅 ven. 25 juil. 2025 13:15:05 WAT[0m

[0;32m✨ Doc@uthANTIC est maintenant à jour et fonctionnel ![0m
2025-07-25 13:15:05 - [0;32m✅ Déploiement automatique réussi[0m
2025-07-25 13:20:01 - [1;33m🔍 Vérification des changements distants...[0m
2025-07-25 13:20:03 - [0;32m🆕 Nouveaux changements détectés ![0m
2025-07-25 13:20:03 - [1;33mLocal:  9015141d0ce32fe8b4b259e698f3c622e60287b2[0m
2025-07-25 13:20:03 - [1;33mRemote: 24ba8eadbd66f92dec58d68541bd884f2ead09bf[0m
2025-07-25 13:20:03 - [1;33m🚀 Déclenchement du déploiement automatique...[0m
🚀 Début du déploiement automatique Doc@uthANTIC...
📅 ven. 25 juil. 2025 13:20:03 WAT
[1;33m📁 Répertoire courant: /home/ssatl/Documents/Doc@uthANTIC[0m
[1;33m💾 Sauvegarde de l'état actuel...[0m
Pas de modifications locales à sauver
[1;33m📥 Récupération des changements depuis le repository distant...[0m
[1;33m🔄 Nouveaux changements détectés. Mise à jour en cours...[0m
[1;33m⬇️  Pull des changements...[0m
Depuis https://github.com/MARKUPsoft-corp/CertiSign
 * branch              prod       -> FETCH_HEAD
Mise à jour 9015141d..24ba8ead
Fast-forward
 frontend/src/components/QrPositioner.vue | 3 ++-
 frontend/src/views/SignerDashboard.vue   | 3 ++-
 2 files changed, 4 insertions(+), 2 deletions(-)
[0;32m✅ Code mis à jour avec succès[0m
[1;33m🗃️  Application des migrations Django...[0m
[0;32m🎉 Déploiement terminé avec succès ![0m
[0;32m📍 Version déployée: 24ba8ead[0m
[0;32m📅 ven. 25 juil. 2025 13:20:06 WAT[0m

[0;32m✨ Doc@uthANTIC est maintenant à jour et fonctionnel ![0m
2025-07-25 13:20:06 - [0;32m✅ Déploiement automatique réussi[0m
2025-07-25 13:25:01 - [1;33m🔍 Vérification des changements distants...[0m
2025-07-25 13:30:01 - [1;33m🔍 Vérification des changements distants...[0m
2025-07-25 13:30:03 - [0;32m🆕 Nouveaux changements détectés ![0m
2025-07-25 13:30:03 - [1;33mLocal:  24ba8eadbd66f92dec58d68541bd884f2ead09bf[0m
2025-07-25 13:30:03 - [1;33mRemote: 195af634a9ef4c993909abf4fbccaf9a4f9531c6[0m
2025-07-25 13:30:03 - [1;33m🚀 Déclenchement du déploiement automatique...[0m
🚀 Début du déploiement automatique Doc@uthANTIC...
📅 ven. 25 juil. 2025 13:30:03 WAT
[1;33m📁 Répertoire courant: /home/ssatl/Documents/Doc@uthANTIC[0m
[1;33m💾 Sauvegarde de l'état actuel...[0m
Pas de modifications locales à sauver
[1;33m📥 Récupération des changements depuis le repository distant...[0m
[1;33m🔄 Nouveaux changements détectés. Mise à jour en cours...[0m
[1;33m⬇️  Pull des changements...[0m
Depuis https://github.com/MARKUPsoft-corp/CertiSign
 * branch              prod       -> FETCH_HEAD
Mise à jour 24ba8ead..195af634
Fast-forward
 frontend/src/components/QrPositioner.vue | 6 +++---
 1 file changed, 3 insertions(+), 3 deletions(-)
[0;32m✅ Code mis à jour avec succès[0m
[1;33m🗃️  Application des migrations Django...[0m
[0;32m🎉 Déploiement terminé avec succès ![0m
[0;32m📍 Version déployée: 195af634[0m
[0;32m📅 ven. 25 juil. 2025 13:30:06 WAT[0m

[0;32m✨ Doc@uthANTIC est maintenant à jour et fonctionnel ![0m
2025-07-25 13:30:06 - [0;32m✅ Déploiement automatique réussi[0m
2025-07-25 13:35:01 - [1;33m🔍 Vérification des changements distants...[0m
2025-07-25 13:40:01 - [1;33m🔍 Vérification des changements distants...[0m
2025-07-25 13:45:01 - [1;33m🔍 Vérification des changements distants...[0m
2025-07-25 13:45:02 - [0;32m🆕 Nouveaux changements détectés ![0m
2025-07-25 13:45:03 - [1;33mLocal:  195af634a9ef4c993909abf4fbccaf9a4f9531c6[0m
2025-07-25 13:45:03 - [1;33mRemote: b0b99450a9b30014e2f6ba45ff095abf9e60544c[0m
2025-07-25 13:45:03 - [1;33m🚀 Déclenchement du déploiement automatique...[0m
🚀 Début du déploiement automatique Doc@uthANTIC...
📅 ven. 25 juil. 2025 13:45:03 WAT
[1;33m📁 Répertoire courant: /home/ssatl/Documents/Doc@uthANTIC[0m
[1;33m💾 Sauvegarde de l'état actuel...[0m
Pas de modifications locales à sauver
[1;33m📥 Récupération des changements depuis le repository distant...[0m
[1;33m🔄 Nouveaux changements détectés. Mise à jour en cours...[0m
[1;33m⬇️  Pull des changements...[0m
Depuis https://github.com/MARKUPsoft-corp/CertiSign
 * branch              prod       -> FETCH_HEAD
Mise à jour 195af634..b0b99450
Fast-forward
 frontend/src/components/QrPositioner.vue | 6 ++++--
 1 file changed, 4 insertions(+), 2 deletions(-)
[0;32m✅ Code mis à jour avec succès[0m
[1;33m🗃️  Application des migrations Django...[0m
[0;32m🎉 Déploiement terminé avec succès ![0m
[0;32m📍 Version déployée: b0b99450[0m
[0;32m📅 ven. 25 juil. 2025 13:45:06 WAT[0m

[0;32m✨ Doc@uthANTIC est maintenant à jour et fonctionnel ![0m
2025-07-25 13:45:06 - [0;32m✅ Déploiement automatique réussi[0m
2025-07-25 13:50:01 - [1;33m🔍 Vérification des changements distants...[0m
2025-07-25 13:55:01 - [1;33m🔍 Vérification des changements distants...[0m
2025-07-25 13:55:03 - [0;32m🆕 Nouveaux changements détectés ![0m
2025-07-25 13:55:03 - [1;33mLocal:  b0b99450a9b30014e2f6ba45ff095abf9e60544c[0m
2025-07-25 13:55:03 - [1;33mRemote: 9bd421a1060df0f17f11b7ce4e7cd84b356c37fd[0m
2025-07-25 13:55:03 - [1;33m🚀 Déclenchement du déploiement automatique...[0m
🚀 Début du déploiement automatique Doc@uthANTIC...
📅 ven. 25 juil. 2025 13:55:03 WAT
[1;33m📁 Répertoire courant: /home/ssatl/Documents/Doc@uthANTIC[0m
[1;33m💾 Sauvegarde de l'état actuel...[0m
Pas de modifications locales à sauver
[1;33m📥 Récupération des changements depuis le repository distant...[0m
[1;33m🔄 Nouveaux changements détectés. Mise à jour en cours...[0m
[1;33m⬇️  Pull des changements...[0m
Depuis https://github.com/MARKUPsoft-corp/CertiSign
 * branch              prod       -> FETCH_HEAD
Mise à jour b0b99450..9bd421a1
Fast-forward
 frontend/src/components/QrPositioner.vue | 8 +++++---
 1 file changed, 5 insertions(+), 3 deletions(-)
[0;32m✅ Code mis à jour avec succès[0m
[1;33m🗃️  Application des migrations Django...[0m
[0;32m🎉 Déploiement terminé avec succès ![0m
[0;32m📍 Version déployée: 9bd421a1[0m
[0;32m📅 ven. 25 juil. 2025 13:55:06 WAT[0m

[0;32m✨ Doc@uthANTIC est maintenant à jour et fonctionnel ![0m
2025-07-25 13:55:06 - [0;32m✅ Déploiement automatique réussi[0m
2025-07-25 14:00:01 - [1;33m🔍 Vérification des changements distants...[0m
2025-07-25 14:05:01 - [1;33m🔍 Vérification des changements distants...[0m
2025-07-25 14:10:01 - [1;33m🔍 Vérification des changements distants...[0m
2025-07-25 14:15:01 - [1;33m🔍 Vérification des changements distants...[0m
2025-07-25 14:20:01 - [1;33m🔍 Vérification des changements distants...[0m
2025-07-25 14:25:01 - [1;33m🔍 Vérification des changements distants...[0m
2025-07-25 14:30:01 - [1;33m🔍 Vérification des changements distants...[0m
2025-07-25 14:35:01 - [1;33m🔍 Vérification des changements distants...[0m
2025-07-25 14:40:02 - [1;33m🔍 Vérification des changements distants...[0m
2025-07-25 14:45:01 - [1;33m🔍 Vérification des changements distants...[0m
2025-07-25 14:50:01 - [1;33m🔍 Vérification des changements distants...[0m
2025-07-25 14:55:01 - [1;33m🔍 Vérification des changements distants...[0m
2025-07-25 15:00:01 - [1;33m🔍 Vérification des changements distants...[0m
2025-07-25 15:05:01 - [1;33m🔍 Vérification des changements distants...[0m
2025-07-25 15:10:01 - [1;33m🔍 Vérification des changements distants...[0m
2025-07-25 15:15:01 - [1;33m🔍 Vérification des changements distants...[0m
2025-07-25 15:20:01 - [1;33m🔍 Vérification des changements distants...[0m
2025-07-25 15:25:01 - [1;33m🔍 Vérification des changements distants...[0m
2025-07-25 15:30:01 - [1;33m🔍 Vérification des changements distants...[0m
2025-07-25 15:35:01 - [1;33m🔍 Vérification des changements distants...[0m
2025-07-25 15:40:01 - [1;33m🔍 Vérification des changements distants...[0m
2025-07-25 15:45:01 - [1;33m🔍 Vérification des changements distants...[0m
2025-07-25 15:50:01 - [1;33m🔍 Vérification des changements distants...[0m
2025-07-25 15:55:01 - [1;33m🔍 Vérification des changements distants...[0m
2025-07-25 16:00:01 - [1;33m🔍 Vérification des changements distants...[0m
2025-07-25 16:05:01 - [1;33m🔍 Vérification des changements distants...[0m
2025-07-25 16:10:01 - [1;33m🔍 Vérification des changements distants...[0m
2025-07-25 16:15:01 - [1;33m🔍 Vérification des changements distants...[0m
2025-07-25 16:20:01 - [1;33m🔍 Vérification des changements distants...[0m
2025-07-25 16:25:01 - [1;33m🔍 Vérification des changements distants...[0m
2025-07-25 16:30:01 - [1;33m🔍 Vérification des changements distants...[0m
2025-07-25 16:35:01 - [1;33m🔍 Vérification des changements distants...[0m
2025-07-25 16:40:01 - [1;33m🔍 Vérification des changements distants...[0m
2025-07-25 16:45:01 - [1;33m🔍 Vérification des changements distants...[0m
2025-07-25 16:50:01 - [1;33m🔍 Vérification des changements distants...[0m
2025-07-25 16:55:01 - [1;33m🔍 Vérification des changements distants...[0m
2025-07-25 17:00:01 - [1;33m🔍 Vérification des changements distants...[0m
2025-07-25 17:05:01 - [1;33m🔍 Vérification des changements distants...[0m
2025-07-25 17:10:01 - [1;33m🔍 Vérification des changements distants...[0m
2025-07-25 17:15:01 - [1;33m🔍 Vérification des changements distants...[0m
2025-07-25 17:20:01 - [1;33m🔍 Vérification des changements distants...[0m
2025-07-25 17:25:01 - [1;33m🔍 Vérification des changements distants...[0m
2025-07-25 17:30:01 - [1;33m🔍 Vérification des changements distants...[0m
2025-07-25 17:35:01 - [1;33m🔍 Vérification des changements distants...[0m
2025-07-25 17:40:01 - [1;33m🔍 Vérification des changements distants...[0m
2025-07-25 17:45:01 - [1;33m🔍 Vérification des changements distants...[0m
2025-07-25 17:50:01 - [1;33m🔍 Vérification des changements distants...[0m
2025-07-25 17:55:01 - [1;33m🔍 Vérification des changements distants...[0m
2025-07-25 18:00:01 - [1;33m🔍 Vérification des changements distants...[0m
2025-07-25 18:05:01 - [1;33m🔍 Vérification des changements distants...[0m
2025-07-25 18:10:01 - [1;33m🔍 Vérification des changements distants...[0m
2025-07-25 18:15:01 - [1;33m🔍 Vérification des changements distants...[0m
2025-07-25 18:20:01 - [1;33m🔍 Vérification des changements distants...[0m
2025-07-25 18:25:01 - [1;33m🔍 Vérification des changements distants...[0m
2025-07-25 18:30:01 - [1;33m🔍 Vérification des changements distants...[0m
2025-07-25 18:35:01 - [1;33m🔍 Vérification des changements distants...[0m
2025-07-25 18:40:01 - [1;33m🔍 Vérification des changements distants...[0m
2025-07-25 18:45:01 - [1;33m🔍 Vérification des changements distants...[0m
2025-07-25 18:50:01 - [1;33m🔍 Vérification des changements distants...[0m
2025-07-25 18:55:01 - [1;33m🔍 Vérification des changements distants...[0m
2025-07-25 19:00:01 - [1;33m🔍 Vérification des changements distants...[0m
2025-07-25 19:05:01 - [1;33m🔍 Vérification des changements distants...[0m
2025-07-25 19:10:01 - [1;33m🔍 Vérification des changements distants...[0m
2025-07-25 19:15:01 - [1;33m🔍 Vérification des changements distants...[0m
2025-07-25 19:20:01 - [1;33m🔍 Vérification des changements distants...[0m
2025-07-25 19:25:01 - [1;33m🔍 Vérification des changements distants...[0m
2025-07-25 19:30:01 - [1;33m🔍 Vérification des changements distants...[0m
2025-07-25 19:35:01 - [1;33m🔍 Vérification des changements distants...[0m
2025-07-25 19:40:01 - [1;33m🔍 Vérification des changements distants...[0m
2025-07-25 19:45:01 - [1;33m🔍 Vérification des changements distants...[0m
2025-07-25 19:50:01 - [1;33m🔍 Vérification des changements distants...[0m
2025-07-25 19:55:01 - [1;33m🔍 Vérification des changements distants...[0m
2025-07-25 20:00:01 - [1;33m🔍 Vérification des changements distants...[0m
2025-07-25 20:05:01 - [1;33m🔍 Vérification des changements distants...[0m
2025-07-25 20:10:01 - [1;33m🔍 Vérification des changements distants...[0m
2025-07-25 20:15:01 - [1;33m🔍 Vérification des changements distants...[0m
2025-07-25 20:20:01 - [1;33m🔍 Vérification des changements distants...[0m
2025-07-25 20:25:01 - [1;33m🔍 Vérification des changements distants...[0m
2025-07-25 20:30:01 - [1;33m🔍 Vérification des changements distants...[0m
2025-07-25 20:35:01 - [1;33m🔍 Vérification des changements distants...[0m
2025-07-25 20:40:01 - [1;33m🔍 Vérification des changements distants...[0m
2025-07-25 20:45:01 - [1;33m🔍 Vérification des changements distants...[0m
2025-07-25 20:50:01 - [1;33m🔍 Vérification des changements distants...[0m
2025-07-25 20:55:01 - [1;33m🔍 Vérification des changements distants...[0m
2025-07-25 21:00:01 - [1;33m🔍 Vérification des changements distants...[0m
2025-07-25 21:05:01 - [1;33m🔍 Vérification des changements distants...[0m
2025-07-25 21:10:01 - [1;33m🔍 Vérification des changements distants...[0m
2025-07-25 21:15:01 - [1;33m🔍 Vérification des changements distants...[0m
2025-07-25 21:20:01 - [1;33m🔍 Vérification des changements distants...[0m
2025-07-25 21:25:01 - [1;33m🔍 Vérification des changements distants...[0m
2025-07-25 21:30:01 - [1;33m🔍 Vérification des changements distants...[0m
2025-07-25 21:35:01 - [1;33m🔍 Vérification des changements distants...[0m
2025-07-25 21:40:01 - [1;33m🔍 Vérification des changements distants...[0m
2025-07-25 21:45:01 - [1;33m🔍 Vérification des changements distants...[0m
2025-07-25 21:50:01 - [1;33m🔍 Vérification des changements distants...[0m
2025-07-25 21:55:01 - [1;33m🔍 Vérification des changements distants...[0m
2025-07-25 22:00:01 - [1;33m🔍 Vérification des changements distants...[0m
2025-07-25 22:05:01 - [1;33m🔍 Vérification des changements distants...[0m
2025-07-25 22:10:01 - [1;33m🔍 Vérification des changements distants...[0m
2025-07-25 22:15:01 - [1;33m🔍 Vérification des changements distants...[0m
2025-07-25 22:20:01 - [1;33m🔍 Vérification des changements distants...[0m
2025-07-25 22:25:01 - [1;33m🔍 Vérification des changements distants...[0m
2025-07-25 22:30:01 - [1;33m🔍 Vérification des changements distants...[0m
2025-07-25 22:35:01 - [1;33m🔍 Vérification des changements distants...[0m
2025-07-25 22:40:01 - [1;33m🔍 Vérification des changements distants...[0m
2025-07-25 22:45:02 - [1;33m🔍 Vérification des changements distants...[0m
2025-07-25 22:50:01 - [1;33m🔍 Vérification des changements distants...[0m
2025-07-25 22:55:01 - [1;33m🔍 Vérification des changements distants...[0m
2025-07-25 23:00:01 - [1;33m🔍 Vérification des changements distants...[0m
2025-07-25 23:05:01 - [1;33m🔍 Vérification des changements distants...[0m
2025-07-25 23:10:01 - [1;33m🔍 Vérification des changements distants...[0m
2025-07-25 23:15:01 - [1;33m🔍 Vérification des changements distants...[0m
2025-07-25 23:20:01 - [1;33m🔍 Vérification des changements distants...[0m
2025-07-25 23:25:01 - [1;33m🔍 Vérification des changements distants...[0m
2025-07-25 23:30:01 - [1;33m🔍 Vérification des changements distants...[0m
2025-07-25 23:35:01 - [1;33m🔍 Vérification des changements distants...[0m
2025-07-25 23:40:01 - [1;33m🔍 Vérification des changements distants...[0m
2025-07-25 23:45:01 - [1;33m🔍 Vérification des changements distants...[0m
2025-07-25 23:50:01 - [1;33m🔍 Vérification des changements distants...[0m
2025-07-25 23:55:01 - [1;33m🔍 Vérification des changements distants...[0m
2025-07-26 00:00:02 - [1;33m🔍 Vérification des changements distants...[0m
2025-07-26 00:05:01 - [1;33m🔍 Vérification des changements distants...[0m
2025-07-26 00:10:01 - [1;33m🔍 Vérification des changements distants...[0m
2025-07-26 00:15:01 - [1;33m🔍 Vérification des changements distants...[0m
2025-07-26 00:20:01 - [1;33m🔍 Vérification des changements distants...[0m
2025-07-26 00:25:01 - [1;33m🔍 Vérification des changements distants...[0m
2025-07-26 00:30:01 - [1;33m🔍 Vérification des changements distants...[0m
2025-07-26 00:35:01 - [1;33m🔍 Vérification des changements distants...[0m
2025-07-26 00:40:01 - [1;33m🔍 Vérification des changements distants...[0m
2025-07-26 00:45:02 - [1;33m🔍 Vérification des changements distants...[0m
2025-07-26 00:50:01 - [1;33m🔍 Vérification des changements distants...[0m
2025-07-26 00:55:01 - [1;33m🔍 Vérification des changements distants...[0m
2025-07-26 01:00:01 - [1;33m🔍 Vérification des changements distants...[0m
2025-07-26 01:05:01 - [1;33m🔍 Vérification des changements distants...[0m
2025-07-26 01:10:01 - [1;33m🔍 Vérification des changements distants...[0m
2025-07-26 01:15:01 - [1;33m🔍 Vérification des changements distants...[0m
2025-07-26 01:20:01 - [1;33m🔍 Vérification des changements distants...[0m
2025-07-26 01:25:01 - [1;33m🔍 Vérification des changements distants...[0m
2025-07-26 01:30:01 - [1;33m🔍 Vérification des changements distants...[0m
2025-07-26 01:35:01 - [1;33m🔍 Vérification des changements distants...[0m
2025-07-26 01:40:01 - [1;33m🔍 Vérification des changements distants...[0m
2025-07-26 01:45:01 - [1;33m🔍 Vérification des changements distants...[0m
2025-07-26 01:50:01 - [1;33m🔍 Vérification des changements distants...[0m
2025-07-26 01:55:01 - [1;33m🔍 Vérification des changements distants...[0m
2025-07-26 02:00:01 - [1;33m🔍 Vérification des changements distants...[0m
2025-07-26 02:05:01 - [1;33m🔍 Vérification des changements distants...[0m
2025-07-26 02:10:01 - [1;33m🔍 Vérification des changements distants...[0m
2025-07-26 02:15:01 - [1;33m🔍 Vérification des changements distants...[0m
2025-07-26 02:20:01 - [1;33m🔍 Vérification des changements distants...[0m
2025-07-26 02:25:01 - [1;33m🔍 Vérification des changements distants...[0m
2025-07-26 02:30:01 - [1;33m🔍 Vérification des changements distants...[0m
2025-07-26 02:35:01 - [1;33m🔍 Vérification des changements distants...[0m
2025-07-26 02:40:01 - [1;33m🔍 Vérification des changements distants...[0m
2025-07-26 02:45:01 - [1;33m🔍 Vérification des changements distants...[0m
2025-07-26 02:50:01 - [1;33m🔍 Vérification des changements distants...[0m
2025-07-26 02:55:01 - [1;33m🔍 Vérification des changements distants...[0m
2025-07-26 03:00:02 - [1;33m🔍 Vérification des changements distants...[0m
2025-07-26 03:05:01 - [1;33m🔍 Vérification des changements distants...[0m
2025-07-26 03:10:02 - [1;33m🔍 Vérification des changements distants...[0m
2025-07-26 03:15:01 - [1;33m🔍 Vérification des changements distants...[0m
2025-07-26 03:20:01 - [1;33m🔍 Vérification des changements distants...[0m
2025-07-26 03:25:01 - [1;33m🔍 Vérification des changements distants...[0m
2025-07-26 03:30:01 - [1;33m🔍 Vérification des changements distants...[0m
2025-07-26 03:35:01 - [1;33m🔍 Vérification des changements distants...[0m
2025-07-26 03:40:01 - [1;33m🔍 Vérification des changements distants...[0m
2025-07-26 03:45:01 - [1;33m🔍 Vérification des changements distants...[0m
2025-07-26 03:50:01 - [1;33m🔍 Vérification des changements distants...[0m
2025-07-26 03:55:01 - [1;33m🔍 Vérification des changements distants...[0m
2025-07-26 04:00:01 - [1;33m🔍 Vérification des changements distants...[0m
2025-07-26 04:05:01 - [1;33m🔍 Vérification des changements distants...[0m
2025-07-26 04:10:01 - [1;33m🔍 Vérification des changements distants...[0m
2025-07-26 04:15:01 - [1;33m🔍 Vérification des changements distants...[0m
2025-07-26 04:20:01 - [1;33m🔍 Vérification des changements distants...[0m
2025-07-26 04:25:01 - [1;33m🔍 Vérification des changements distants...[0m
2025-07-26 04:30:01 - [1;33m🔍 Vérification des changements distants...[0m
2025-07-26 04:35:01 - [1;33m🔍 Vérification des changements distants...[0m
2025-07-26 04:40:01 - [1;33m🔍 Vérification des changements distants...[0m
2025-07-26 04:45:01 - [1;33m🔍 Vérification des changements distants...[0m
2025-07-26 04:50:02 - [1;33m🔍 Vérification des changements distants...[0m
2025-07-26 04:55:01 - [1;33m🔍 Vérification des changements distants...[0m
2025-07-26 05:00:01 - [1;33m🔍 Vérification des changements distants...[0m
2025-07-26 05:05:01 - [1;33m🔍 Vérification des changements distants...[0m
2025-07-26 05:10:01 - [1;33m🔍 Vérification des changements distants...[0m
2025-07-26 05:15:01 - [1;33m🔍 Vérification des changements distants...[0m
2025-07-26 05:20:01 - [1;33m🔍 Vérification des changements distants...[0m
2025-07-26 05:25:01 - [1;33m🔍 Vérification des changements distants...[0m
2025-07-26 05:30:01 - [1;33m🔍 Vérification des changements distants...[0m
2025-07-26 05:35:01 - [1;33m🔍 Vérification des changements distants...[0m
2025-07-26 05:40:01 - [1;33m🔍 Vérification des changements distants...[0m
2025-07-26 05:45:01 - [1;33m🔍 Vérification des changements distants...[0m
2025-07-26 05:50:01 - [1;33m🔍 Vérification des changements distants...[0m
2025-07-26 05:55:01 - [1;33m🔍 Vérification des changements distants...[0m
2025-07-26 06:00:01 - [1;33m🔍 Vérification des changements distants...[0m
2025-07-26 06:05:01 - [1;33m🔍 Vérification des changements distants...[0m
2025-07-26 06:10:01 - [1;33m🔍 Vérification des changements distants...[0m
2025-07-26 06:15:01 - [1;33m🔍 Vérification des changements distants...[0m
2025-07-26 06:20:01 - [1;33m🔍 Vérification des changements distants...[0m
2025-07-26 06:25:01 - [1;33m🔍 Vérification des changements distants...[0m
2025-07-26 06:30:01 - [1;33m🔍 Vérification des changements distants...[0m
2025-07-26 06:35:01 - [1;33m🔍 Vérification des changements distants...[0m
2025-07-26 06:40:01 - [1;33m🔍 Vérification des changements distants...[0m
2025-07-26 06:45:01 - [1;33m🔍 Vérification des changements distants...[0m
2025-07-26 06:50:01 - [1;33m🔍 Vérification des changements distants...[0m
2025-07-26 06:55:01 - [1;33m🔍 Vérification des changements distants...[0m
2025-07-26 07:00:01 - [1;33m🔍 Vérification des changements distants...[0m
2025-07-26 07:05:01 - [1;33m🔍 Vérification des changements distants...[0m
2025-07-26 07:10:01 - [1;33m🔍 Vérification des changements distants...[0m
2025-07-26 07:15:01 - [1;33m🔍 Vérification des changements distants...[0m
2025-07-26 07:20:01 - [1;33m🔍 Vérification des changements distants...[0m
2025-07-26 07:25:01 - [1;33m🔍 Vérification des changements distants...[0m
2025-07-26 07:30:01 - [1;33m🔍 Vérification des changements distants...[0m
2025-07-26 07:35:01 - [1;33m🔍 Vérification des changements distants...[0m
2025-07-26 07:40:01 - [1;33m🔍 Vérification des changements distants...[0m
2025-07-26 07:45:01 - [1;33m🔍 Vérification des changements distants...[0m
2025-07-26 07:50:01 - [1;33m🔍 Vérification des changements distants...[0m
2025-07-26 07:55:01 - [1;33m🔍 Vérification des changements distants...[0m
2025-07-26 08:00:01 - [1;33m🔍 Vérification des changements distants...[0m
2025-07-26 08:05:01 - [1;33m🔍 Vérification des changements distants...[0m
2025-07-26 08:10:01 - [1;33m🔍 Vérification des changements distants...[0m
2025-07-26 08:15:01 - [1;33m🔍 Vérification des changements distants...[0m
2025-07-26 08:20:01 - [1;33m🔍 Vérification des changements distants...[0m
2025-07-26 08:25:01 - [1;33m🔍 Vérification des changements distants...[0m
2025-07-26 08:30:01 - [1;33m🔍 Vérification des changements distants...[0m
2025-07-26 08:35:01 - [1;33m🔍 Vérification des changements distants...[0m
2025-07-26 08:40:01 - [1;33m🔍 Vérification des changements distants...[0m
2025-07-26 08:45:01 - [1;33m🔍 Vérification des changements distants...[0m
2025-07-26 08:50:01 - [1;33m🔍 Vérification des changements distants...[0m
2025-07-26 08:55:01 - [1;33m🔍 Vérification des changements distants...[0m
2025-07-26 09:00:01 - [1;33m🔍 Vérification des changements distants...[0m
2025-07-26 09:05:01 - [1;33m🔍 Vérification des changements distants...[0m
2025-07-26 09:10:01 - [1;33m🔍 Vérification des changements distants...[0m
2025-07-26 09:15:01 - [1;33m🔍 Vérification des changements distants...[0m
2025-07-26 09:20:01 - [1;33m🔍 Vérification des changements distants...[0m
2025-07-26 09:25:02 - [1;33m🔍 Vérification des changements distants...[0m
2025-07-26 09:30:01 - [1;33m🔍 Vérification des changements distants...[0m
2025-07-26 09:35:01 - [1;33m🔍 Vérification des changements distants...[0m
2025-07-26 09:40:01 - [1;33m🔍 Vérification des changements distants...[0m
2025-07-26 09:45:01 - [1;33m🔍 Vérification des changements distants...[0m
2025-07-26 09:50:01 - [1;33m🔍 Vérification des changements distants...[0m
2025-07-26 09:55:01 - [1;33m🔍 Vérification des changements distants...[0m
2025-07-26 10:00:01 - [1;33m🔍 Vérification des changements distants...[0m
2025-07-26 10:05:01 - [1;33m🔍 Vérification des changements distants...[0m
2025-07-26 10:10:01 - [1;33m🔍 Vérification des changements distants...[0m
2025-07-26 10:15:01 - [1;33m🔍 Vérification des changements distants...[0m
2025-07-26 10:20:01 - [1;33m🔍 Vérification des changements distants...[0m
2025-07-26 10:25:01 - [1;33m🔍 Vérification des changements distants...[0m
2025-07-26 10:30:01 - [1;33m🔍 Vérification des changements distants...[0m
2025-07-26 10:35:01 - [1;33m🔍 Vérification des changements distants...[0m
2025-07-26 10:40:01 - [1;33m🔍 Vérification des changements distants...[0m
2025-07-26 10:45:01 - [1;33m🔍 Vérification des changements distants...[0m
2025-07-26 10:50:01 - [1;33m🔍 Vérification des changements distants...[0m
2025-07-26 10:55:01 - [1;33m🔍 Vérification des changements distants...[0m
2025-07-26 11:00:01 - [1;33m🔍 Vérification des changements distants...[0m
2025-07-26 11:05:01 - [1;33m🔍 Vérification des changements distants...[0m
2025-07-26 11:10:01 - [1;33m🔍 Vérification des changements distants...[0m
2025-07-26 11:15:01 - [1;33m🔍 Vérification des changements distants...[0m
2025-07-26 11:20:01 - [1;33m🔍 Vérification des changements distants...[0m
2025-07-26 11:25:01 - [1;33m🔍 Vérification des changements distants...[0m
2025-07-26 11:30:01 - [1;33m🔍 Vérification des changements distants...[0m
2025-07-26 11:35:01 - [1;33m🔍 Vérification des changements distants...[0m
2025-07-26 11:40:01 - [1;33m🔍 Vérification des changements distants...[0m
2025-07-26 11:45:01 - [1;33m🔍 Vérification des changements distants...[0m
2025-07-26 11:50:01 - [1;33m🔍 Vérification des changements distants...[0m
2025-07-26 11:55:01 - [1;33m🔍 Vérification des changements distants...[0m
2025-07-26 12:00:01 - [1;33m🔍 Vérification des changements distants...[0m
2025-07-26 12:05:01 - [1;33m🔍 Vérification des changements distants...[0m
2025-07-26 12:10:01 - [1;33m🔍 Vérification des changements distants...[0m
2025-07-26 12:15:01 - [1;33m🔍 Vérification des changements distants...[0m
2025-07-26 12:20:01 - [1;33m🔍 Vérification des changements distants...[0m
2025-07-26 12:25:01 - [1;33m🔍 Vérification des changements distants...[0m
2025-07-26 12:30:02 - [1;33m🔍 Vérification des changements distants...[0m
2025-07-26 12:35:01 - [1;33m🔍 Vérification des changements distants...[0m
2025-07-26 12:40:01 - [1;33m🔍 Vérification des changements distants...[0m
2025-07-26 12:45:01 - [1;33m🔍 Vérification des changements distants...[0m
2025-07-26 12:50:01 - [1;33m🔍 Vérification des changements distants...[0m
2025-07-26 12:55:01 - [1;33m🔍 Vérification des changements distants...[0m
2025-07-26 13:00:01 - [1;33m🔍 Vérification des changements distants...[0m
2025-07-26 13:05:01 - [1;33m🔍 Vérification des changements distants...[0m
2025-07-26 13:10:01 - [1;33m🔍 Vérification des changements distants...[0m
2025-07-26 13:15:01 - [1;33m🔍 Vérification des changements distants...[0m
2025-07-26 13:20:01 - [1;33m🔍 Vérification des changements distants...[0m
2025-07-26 13:25:02 - [1;33m🔍 Vérification des changements distants...[0m
2025-07-26 13:30:01 - [1;33m🔍 Vérification des changements distants...[0m
2025-07-26 13:35:01 - [1;33m🔍 Vérification des changements distants...[0m
2025-07-26 13:40:01 - [1;33m🔍 Vérification des changements distants...[0m
2025-07-26 13:45:01 - [1;33m🔍 Vérification des changements distants...[0m
2025-07-26 13:50:01 - [1;33m🔍 Vérification des changements distants...[0m
2025-07-26 13:55:01 - [1;33m🔍 Vérification des changements distants...[0m
2025-07-26 14:00:01 - [1;33m🔍 Vérification des changements distants...[0m
2025-07-26 14:05:01 - [1;33m🔍 Vérification des changements distants...[0m
2025-07-26 14:10:01 - [1;33m🔍 Vérification des changements distants...[0m
2025-07-26 14:15:01 - [1;33m🔍 Vérification des changements distants...[0m
2025-07-26 14:20:01 - [1;33m🔍 Vérification des changements distants...[0m
2025-07-26 14:25:01 - [1;33m🔍 Vérification des changements distants...[0m
2025-07-26 14:30:01 - [1;33m🔍 Vérification des changements distants...[0m
2025-07-26 14:35:01 - [1;33m🔍 Vérification des changements distants...[0m
2025-07-26 14:40:01 - [1;33m🔍 Vérification des changements distants...[0m
2025-07-26 14:45:01 - [1;33m🔍 Vérification des changements distants...[0m
2025-07-26 14:50:01 - [1;33m🔍 Vérification des changements distants...[0m
2025-07-26 14:55:01 - [1;33m🔍 Vérification des changements distants...[0m
2025-07-26 15:00:01 - [1;33m🔍 Vérification des changements distants...[0m
2025-07-26 15:05:01 - [1;33m🔍 Vérification des changements distants...[0m
2025-07-26 15:10:01 - [1;33m🔍 Vérification des changements distants...[0m
2025-07-26 15:15:01 - [1;33m🔍 Vérification des changements distants...[0m
2025-07-26 15:20:01 - [1;33m🔍 Vérification des changements distants...[0m
2025-07-26 15:25:01 - [1;33m🔍 Vérification des changements distants...[0m
2025-07-26 15:30:01 - [1;33m🔍 Vérification des changements distants...[0m
2025-07-26 15:35:01 - [1;33m🔍 Vérification des changements distants...[0m
2025-07-26 15:40:01 - [1;33m🔍 Vérification des changements distants...[0m
2025-07-26 15:45:01 - [1;33m🔍 Vérification des changements distants...[0m
2025-07-26 15:50:01 - [1;33m🔍 Vérification des changements distants...[0m
2025-07-26 15:55:01 - [1;33m🔍 Vérification des changements distants...[0m
2025-07-26 16:00:01 - [1;33m🔍 Vérification des changements distants...[0m
2025-07-26 16:05:01 - [1;33m🔍 Vérification des changements distants...[0m
2025-07-26 16:10:01 - [1;33m🔍 Vérification des changements distants...[0m
2025-07-26 16:15:01 - [1;33m🔍 Vérification des changements distants...[0m
2025-07-26 16:20:01 - [1;33m🔍 Vérification des changements distants...[0m
2025-07-26 16:25:01 - [1;33m🔍 Vérification des changements distants...[0m
2025-07-26 16:30:01 - [1;33m🔍 Vérification des changements distants...[0m
2025-07-26 16:35:01 - [1;33m🔍 Vérification des changements distants...[0m
2025-07-26 16:40:01 - [1;33m🔍 Vérification des changements distants...[0m
2025-07-26 16:45:01 - [1;33m🔍 Vérification des changements distants...[0m
2025-07-26 16:50:01 - [1;33m🔍 Vérification des changements distants...[0m
2025-07-26 16:55:01 - [1;33m🔍 Vérification des changements distants...[0m
2025-07-26 17:00:01 - [1;33m🔍 Vérification des changements distants...[0m
2025-07-26 17:05:01 - [1;33m🔍 Vérification des changements distants...[0m
2025-07-26 17:10:01 - [1;33m🔍 Vérification des changements distants...[0m
2025-07-26 17:15:01 - [1;33m🔍 Vérification des changements distants...[0m
2025-07-26 17:20:01 - [1;33m🔍 Vérification des changements distants...[0m
2025-07-26 17:25:01 - [1;33m🔍 Vérification des changements distants...[0m
2025-07-26 17:30:01 - [1;33m🔍 Vérification des changements distants...[0m
2025-07-26 17:35:01 - [1;33m🔍 Vérification des changements distants...[0m
2025-07-26 17:40:01 - [1;33m🔍 Vérification des changements distants...[0m
2025-07-26 17:45:01 - [1;33m🔍 Vérification des changements distants...[0m
2025-07-26 17:50:01 - [1;33m🔍 Vérification des changements distants...[0m
2025-07-26 17:55:01 - [1;33m🔍 Vérification des changements distants...[0m
2025-07-26 18:00:01 - [1;33m🔍 Vérification des changements distants...[0m
2025-07-26 18:05:01 - [1;33m🔍 Vérification des changements distants...[0m
2025-07-26 18:10:01 - [1;33m🔍 Vérification des changements distants...[0m
2025-07-26 18:15:01 - [1;33m🔍 Vérification des changements distants...[0m
2025-07-26 18:20:01 - [1;33m🔍 Vérification des changements distants...[0m
2025-07-26 18:25:01 - [1;33m🔍 Vérification des changements distants...[0m
2025-07-26 18:30:01 - [1;33m🔍 Vérification des changements distants...[0m
2025-07-26 18:35:01 - [1;33m🔍 Vérification des changements distants...[0m
2025-07-26 18:40:01 - [1;33m🔍 Vérification des changements distants...[0m
2025-07-26 18:45:01 - [1;33m🔍 Vérification des changements distants...[0m
2025-07-26 18:50:01 - [1;33m🔍 Vérification des changements distants...[0m
2025-07-26 18:55:01 - [1;33m🔍 Vérification des changements distants...[0m
2025-07-26 19:00:01 - [1;33m🔍 Vérification des changements distants...[0m
2025-07-26 19:05:01 - [1;33m🔍 Vérification des changements distants...[0m
2025-07-26 19:10:01 - [1;33m🔍 Vérification des changements distants...[0m
2025-07-26 19:15:01 - [1;33m🔍 Vérification des changements distants...[0m
2025-07-26 19:20:01 - [1;33m🔍 Vérification des changements distants...[0m
2025-07-26 19:25:01 - [1;33m🔍 Vérification des changements distants...[0m
2025-07-26 19:30:01 - [1;33m🔍 Vérification des changements distants...[0m
2025-07-26 19:35:01 - [1;33m🔍 Vérification des changements distants...[0m
2025-07-26 19:40:01 - [1;33m🔍 Vérification des changements distants...[0m
2025-07-26 19:45:01 - [1;33m🔍 Vérification des changements distants...[0m
2025-07-26 19:50:01 - [1;33m🔍 Vérification des changements distants...[0m
2025-07-26 19:55:01 - [1;33m🔍 Vérification des changements distants...[0m
2025-07-26 20:00:01 - [1;33m🔍 Vérification des changements distants...[0m
2025-07-26 20:05:01 - [1;33m🔍 Vérification des changements distants...[0m
2025-07-26 20:10:01 - [1;33m🔍 Vérification des changements distants...[0m
2025-07-26 20:15:01 - [1;33m🔍 Vérification des changements distants...[0m
2025-07-26 20:20:01 - [1;33m🔍 Vérification des changements distants...[0m
2025-07-26 20:25:01 - [1;33m🔍 Vérification des changements distants...[0m
2025-07-26 20:30:01 - [1;33m🔍 Vérification des changements distants...[0m
2025-07-26 20:35:01 - [1;33m🔍 Vérification des changements distants...[0m
2025-07-26 20:40:01 - [1;33m🔍 Vérification des changements distants...[0m
2025-07-26 20:45:01 - [1;33m🔍 Vérification des changements distants...[0m
2025-07-26 20:50:01 - [1;33m🔍 Vérification des changements distants...[0m
2025-07-26 20:55:01 - [1;33m🔍 Vérification des changements distants...[0m
2025-07-26 21:00:01 - [1;33m🔍 Vérification des changements distants...[0m
2025-07-26 21:05:02 - [1;33m🔍 Vérification des changements distants...[0m
2025-07-26 21:10:01 - [1;33m🔍 Vérification des changements distants...[0m
2025-07-26 21:15:01 - [1;33m🔍 Vérification des changements distants...[0m
2025-07-26 21:20:01 - [1;33m🔍 Vérification des changements distants...[0m
2025-07-26 21:25:01 - [1;33m🔍 Vérification des changements distants...[0m
2025-07-26 21:30:01 - [1;33m🔍 Vérification des changements distants...[0m
2025-07-26 21:35:01 - [1;33m🔍 Vérification des changements distants...[0m
2025-07-26 21:40:01 - [1;33m🔍 Vérification des changements distants...[0m
2025-07-26 21:45:01 - [1;33m🔍 Vérification des changements distants...[0m
2025-07-26 21:50:01 - [1;33m🔍 Vérification des changements distants...[0m
2025-07-26 21:55:01 - [1;33m🔍 Vérification des changements distants...[0m
2025-07-26 22:00:01 - [1;33m🔍 Vérification des changements distants...[0m
2025-07-26 22:05:01 - [1;33m🔍 Vérification des changements distants...[0m
2025-07-26 22:10:01 - [1;33m🔍 Vérification des changements distants...[0m
2025-07-26 22:15:01 - [1;33m🔍 Vérification des changements distants...[0m
2025-07-26 22:20:01 - [1;33m🔍 Vérification des changements distants...[0m
2025-07-26 22:25:01 - [1;33m🔍 Vérification des changements distants...[0m
2025-07-26 22:30:01 - [1;33m🔍 Vérification des changements distants...[0m
2025-07-26 22:35:01 - [1;33m🔍 Vérification des changements distants...[0m
2025-07-26 22:40:01 - [1;33m🔍 Vérification des changements distants...[0m
2025-07-26 22:45:01 - [1;33m🔍 Vérification des changements distants...[0m
2025-07-26 22:50:01 - [1;33m🔍 Vérification des changements distants...[0m
2025-07-26 22:55:01 - [1;33m🔍 Vérification des changements distants...[0m
2025-07-26 23:00:01 - [1;33m🔍 Vérification des changements distants...[0m
2025-07-26 23:05:01 - [1;33m🔍 Vérification des changements distants...[0m
2025-07-26 23:10:01 - [1;33m🔍 Vérification des changements distants...[0m
2025-07-26 23:15:01 - [1;33m🔍 Vérification des changements distants...[0m
2025-07-26 23:20:01 - [1;33m🔍 Vérification des changements distants...[0m
2025-07-26 23:25:01 - [1;33m🔍 Vérification des changements distants...[0m
2025-07-26 23:30:01 - [1;33m🔍 Vérification des changements distants...[0m
2025-07-26 23:35:01 - [1;33m🔍 Vérification des changements distants...[0m
2025-07-26 23:40:01 - [1;33m🔍 Vérification des changements distants...[0m
2025-07-26 23:45:01 - [1;33m🔍 Vérification des changements distants...[0m
2025-07-26 23:50:01 - [1;33m🔍 Vérification des changements distants...[0m
2025-07-26 23:55:01 - [1;33m🔍 Vérification des changements distants...[0m
2025-07-27 00:00:01 - [1;33m🔍 Vérification des changements distants...[0m
2025-07-27 00:05:01 - [1;33m🔍 Vérification des changements distants...[0m
2025-07-27 00:10:01 - [1;33m🔍 Vérification des changements distants...[0m
2025-07-27 00:15:01 - [1;33m🔍 Vérification des changements distants...[0m
2025-07-27 00:20:01 - [1;33m🔍 Vérification des changements distants...[0m
2025-07-27 00:25:01 - [1;33m🔍 Vérification des changements distants...[0m
2025-07-27 00:30:01 - [1;33m🔍 Vérification des changements distants...[0m
2025-07-27 00:35:01 - [1;33m🔍 Vérification des changements distants...[0m
2025-07-27 00:40:01 - [1;33m🔍 Vérification des changements distants...[0m
2025-07-27 00:45:01 - [1;33m🔍 Vérification des changements distants...[0m
2025-07-27 00:50:01 - [1;33m🔍 Vérification des changements distants...[0m
2025-07-27 00:55:01 - [1;33m🔍 Vérification des changements distants...[0m
2025-07-27 01:00:01 - [1;33m🔍 Vérification des changements distants...[0m
2025-07-27 01:05:01 - [1;33m🔍 Vérification des changements distants...[0m
2025-07-27 01:10:01 - [1;33m🔍 Vérification des changements distants...[0m
2025-07-27 01:15:01 - [1;33m🔍 Vérification des changements distants...[0m
2025-07-27 01:20:01 - [1;33m🔍 Vérification des changements distants...[0m
2025-07-27 01:25:01 - [1;33m🔍 Vérification des changements distants...[0m
2025-07-27 01:30:01 - [1;33m🔍 Vérification des changements distants...[0m
2025-07-27 01:35:01 - [1;33m🔍 Vérification des changements distants...[0m
2025-07-27 01:40:01 - [1;33m🔍 Vérification des changements distants...[0m
2025-07-27 01:45:01 - [1;33m🔍 Vérification des changements distants...[0m
2025-07-27 01:50:01 - [1;33m🔍 Vérification des changements distants...[0m
2025-07-27 01:55:01 - [1;33m🔍 Vérification des changements distants...[0m
2025-07-27 02:00:01 - [1;33m🔍 Vérification des changements distants...[0m
2025-07-27 02:05:01 - [1;33m🔍 Vérification des changements distants...[0m
2025-07-27 02:10:01 - [1;33m🔍 Vérification des changements distants...[0m
2025-07-27 02:15:01 - [1;33m🔍 Vérification des changements distants...[0m
2025-07-27 02:20:01 - [1;33m🔍 Vérification des changements distants...[0m
2025-07-27 02:25:01 - [1;33m🔍 Vérification des changements distants...[0m
2025-07-27 02:30:01 - [1;33m🔍 Vérification des changements distants...[0m
2025-07-27 02:35:01 - [1;33m🔍 Vérification des changements distants...[0m
2025-07-27 02:40:01 - [1;33m🔍 Vérification des changements distants...[0m
2025-07-27 02:45:01 - [1;33m🔍 Vérification des changements distants...[0m
2025-07-27 02:50:01 - [1;33m🔍 Vérification des changements distants...[0m
2025-07-27 02:55:01 - [1;33m🔍 Vérification des changements distants...[0m
2025-07-27 03:00:01 - [1;33m🔍 Vérification des changements distants...[0m
2025-07-27 03:05:01 - [1;33m🔍 Vérification des changements distants...[0m
2025-07-27 03:10:01 - [1;33m🔍 Vérification des changements distants...[0m
2025-07-27 03:15:01 - [1;33m🔍 Vérification des changements distants...[0m
2025-07-27 03:20:01 - [1;33m🔍 Vérification des changements distants...[0m
2025-07-27 03:25:01 - [1;33m🔍 Vérification des changements distants...[0m
2025-07-27 03:30:01 - [1;33m🔍 Vérification des changements distants...[0m
2025-07-27 03:35:01 - [1;33m🔍 Vérification des changements distants...[0m
2025-07-27 03:40:01 - [1;33m🔍 Vérification des changements distants...[0m
2025-07-27 03:45:01 - [1;33m🔍 Vérification des changements distants...[0m
2025-07-27 03:50:01 - [1;33m🔍 Vérification des changements distants...[0m
2025-07-27 03:55:01 - [1;33m🔍 Vérification des changements distants...[0m
2025-07-27 04:00:01 - [1;33m🔍 Vérification des changements distants...[0m
2025-07-27 04:05:01 - [1;33m🔍 Vérification des changements distants...[0m
2025-07-27 04:10:01 - [1;33m🔍 Vérification des changements distants...[0m
2025-07-27 04:15:01 - [1;33m🔍 Vérification des changements distants...[0m
2025-07-27 04:20:01 - [1;33m🔍 Vérification des changements distants...[0m
2025-07-27 04:25:01 - [1;33m🔍 Vérification des changements distants...[0m
2025-07-27 04:30:01 - [1;33m🔍 Vérification des changements distants...[0m
2025-07-27 04:35:01 - [1;33m🔍 Vérification des changements distants...[0m
2025-07-27 04:40:01 - [1;33m🔍 Vérification des changements distants...[0m
2025-07-27 04:45:01 - [1;33m🔍 Vérification des changements distants...[0m
2025-07-27 04:50:01 - [1;33m🔍 Vérification des changements distants...[0m
2025-07-27 04:55:01 - [1;33m🔍 Vérification des changements distants...[0m
2025-07-27 05:00:01 - [1;33m🔍 Vérification des changements distants...[0m
2025-07-27 05:05:01 - [1;33m🔍 Vérification des changements distants...[0m
2025-07-27 05:10:01 - [1;33m🔍 Vérification des changements distants...[0m
2025-07-27 05:15:01 - [1;33m🔍 Vérification des changements distants...[0m
2025-07-27 05:20:01 - [1;33m🔍 Vérification des changements distants...[0m
2025-07-27 05:25:01 - [1;33m🔍 Vérification des changements distants...[0m
2025-07-27 05:30:01 - [1;33m🔍 Vérification des changements distants...[0m
2025-07-27 05:35:01 - [1;33m🔍 Vérification des changements distants...[0m
2025-07-27 05:40:01 - [1;33m🔍 Vérification des changements distants...[0m
2025-07-27 05:45:01 - [1;33m🔍 Vérification des changements distants...[0m
2025-07-27 05:50:01 - [1;33m🔍 Vérification des changements distants...[0m
2025-07-27 05:55:01 - [1;33m🔍 Vérification des changements distants...[0m
2025-07-27 06:00:01 - [1;33m🔍 Vérification des changements distants...[0m
2025-07-27 06:05:01 - [1;33m🔍 Vérification des changements distants...[0m
2025-07-27 06:10:01 - [1;33m🔍 Vérification des changements distants...[0m
2025-07-27 06:15:01 - [1;33m🔍 Vérification des changements distants...[0m
2025-07-27 06:20:01 - [1;33m🔍 Vérification des changements distants...[0m
2025-07-27 06:25:01 - [1;33m🔍 Vérification des changements distants...[0m
2025-07-27 06:30:01 - [1;33m🔍 Vérification des changements distants...[0m
2025-07-27 06:35:01 - [1;33m🔍 Vérification des changements distants...[0m
2025-07-27 06:40:01 - [1;33m🔍 Vérification des changements distants...[0m
2025-07-27 06:45:01 - [1;33m🔍 Vérification des changements distants...[0m
2025-07-27 06:50:01 - [1;33m🔍 Vérification des changements distants...[0m
2025-07-27 06:55:01 - [1;33m🔍 Vérification des changements distants...[0m
2025-07-27 07:00:01 - [1;33m🔍 Vérification des changements distants...[0m
2025-07-27 07:05:01 - [1;33m🔍 Vérification des changements distants...[0m
2025-07-27 07:10:01 - [1;33m🔍 Vérification des changements distants...[0m
2025-07-27 07:15:01 - [1;33m🔍 Vérification des changements distants...[0m
2025-07-27 07:20:01 - [1;33m🔍 Vérification des changements distants...[0m
2025-07-27 07:25:01 - [1;33m🔍 Vérification des changements distants...[0m
2025-07-27 07:30:01 - [1;33m🔍 Vérification des changements distants...[0m
2025-07-27 07:35:01 - [1;33m🔍 Vérification des changements distants...[0m
2025-07-27 07:40:01 - [1;33m🔍 Vérification des changements distants...[0m
2025-07-27 07:45:01 - [1;33m🔍 Vérification des changements distants...[0m
2025-07-27 07:50:01 - [1;33m🔍 Vérification des changements distants...[0m
2025-07-27 07:55:01 - [1;33m🔍 Vérification des changements distants...[0m
2025-07-27 08:00:01 - [1;33m🔍 Vérification des changements distants...[0m
2025-07-27 08:05:01 - [1;33m🔍 Vérification des changements distants...[0m
2025-07-27 08:10:01 - [1;33m🔍 Vérification des changements distants...[0m
2025-07-27 08:15:01 - [1;33m🔍 Vérification des changements distants...[0m
2025-07-27 08:20:02 - [1;33m🔍 Vérification des changements distants...[0m
2025-07-27 08:25:01 - [1;33m🔍 Vérification des changements distants...[0m
2025-07-27 08:30:01 - [1;33m🔍 Vérification des changements distants...[0m
2025-07-27 08:35:01 - [1;33m🔍 Vérification des changements distants...[0m
2025-07-27 08:40:01 - [1;33m🔍 Vérification des changements distants...[0m
2025-07-27 08:45:01 - [1;33m🔍 Vérification des changements distants...[0m
2025-07-27 08:50:01 - [1;33m🔍 Vérification des changements distants...[0m
2025-07-27 08:55:01 - [1;33m🔍 Vérification des changements distants...[0m
2025-07-27 09:00:01 - [1;33m🔍 Vérification des changements distants...[0m
2025-07-27 09:05:01 - [1;33m🔍 Vérification des changements distants...[0m
2025-07-27 09:10:01 - [1;33m🔍 Vérification des changements distants...[0m
2025-07-27 09:15:01 - [1;33m🔍 Vérification des changements distants...[0m
2025-07-27 09:20:01 - [1;33m🔍 Vérification des changements distants...[0m
2025-07-27 09:25:01 - [1;33m🔍 Vérification des changements distants...[0m
2025-07-27 09:30:01 - [1;33m🔍 Vérification des changements distants...[0m
2025-07-27 09:35:01 - [1;33m🔍 Vérification des changements distants...[0m
2025-07-27 09:40:01 - [1;33m🔍 Vérification des changements distants...[0m
2025-07-27 09:45:01 - [1;33m🔍 Vérification des changements distants...[0m
2025-07-27 09:50:01 - [1;33m🔍 Vérification des changements distants...[0m
2025-07-27 09:55:01 - [1;33m🔍 Vérification des changements distants...[0m
2025-07-27 10:00:01 - [1;33m🔍 Vérification des changements distants...[0m
2025-07-27 10:05:01 - [1;33m🔍 Vérification des changements distants...[0m
2025-07-27 10:10:01 - [1;33m🔍 Vérification des changements distants...[0m
2025-07-27 10:15:01 - [1;33m🔍 Vérification des changements distants...[0m
2025-07-27 10:20:01 - [1;33m🔍 Vérification des changements distants...[0m
2025-07-27 10:25:01 - [1;33m🔍 Vérification des changements distants...[0m
2025-07-27 10:30:01 - [1;33m🔍 Vérification des changements distants...[0m
2025-07-27 10:35:01 - [1;33m🔍 Vérification des changements distants...[0m
2025-07-27 10:40:01 - [1;33m🔍 Vérification des changements distants...[0m
2025-07-27 10:45:01 - [1;33m🔍 Vérification des changements distants...[0m
2025-07-27 10:50:01 - [1;33m🔍 Vérification des changements distants...[0m
2025-07-27 10:55:01 - [1;33m🔍 Vérification des changements distants...[0m
2025-07-27 11:00:01 - [1;33m🔍 Vérification des changements distants...[0m
2025-07-27 11:05:01 - [1;33m🔍 Vérification des changements distants...[0m
2025-07-27 11:10:01 - [1;33m🔍 Vérification des changements distants...[0m
2025-07-27 11:15:01 - [1;33m🔍 Vérification des changements distants...[0m
2025-07-27 11:20:01 - [1;33m🔍 Vérification des changements distants...[0m
2025-07-27 11:25:01 - [1;33m🔍 Vérification des changements distants...[0m
2025-07-27 11:30:01 - [1;33m🔍 Vérification des changements distants...[0m
2025-07-27 11:35:01 - [1;33m🔍 Vérification des changements distants...[0m
2025-07-27 11:40:01 - [1;33m🔍 Vérification des changements distants...[0m
2025-07-27 11:45:01 - [1;33m🔍 Vérification des changements distants...[0m
2025-07-27 11:50:01 - [1;33m🔍 Vérification des changements distants...[0m
2025-07-27 11:55:01 - [1;33m🔍 Vérification des changements distants...[0m
2025-07-27 12:00:01 - [1;33m🔍 Vérification des changements distants...[0m
2025-07-27 12:05:01 - [1;33m🔍 Vérification des changements distants...[0m
2025-07-27 12:10:01 - [1;33m🔍 Vérification des changements distants...[0m
2025-07-27 12:15:01 - [1;33m🔍 Vérification des changements distants...[0m
2025-07-27 12:20:01 - [1;33m🔍 Vérification des changements distants...[0m
2025-07-27 12:25:01 - [1;33m🔍 Vérification des changements distants...[0m
2025-07-27 12:30:01 - [1;33m🔍 Vérification des changements distants...[0m
2025-07-27 12:35:01 - [1;33m🔍 Vérification des changements distants...[0m
2025-07-27 12:40:01 - [1;33m🔍 Vérification des changements distants...[0m
2025-07-27 12:45:01 - [1;33m🔍 Vérification des changements distants...[0m
2025-07-27 12:50:01 - [1;33m🔍 Vérification des changements distants...[0m
2025-07-27 12:55:01 - [1;33m🔍 Vérification des changements distants...[0m
2025-07-27 13:00:01 - [1;33m🔍 Vérification des changements distants...[0m
2025-07-27 13:05:01 - [1;33m🔍 Vérification des changements distants...[0m
2025-07-27 13:10:01 - [1;33m🔍 Vérification des changements distants...[0m
2025-07-27 13:15:01 - [1;33m🔍 Vérification des changements distants...[0m
2025-07-27 13:20:01 - [1;33m🔍 Vérification des changements distants...[0m
2025-07-27 13:25:01 - [1;33m🔍 Vérification des changements distants...[0m
2025-07-27 13:30:01 - [1;33m🔍 Vérification des changements distants...[0m
2025-07-27 13:35:01 - [1;33m🔍 Vérification des changements distants...[0m
2025-07-27 13:40:01 - [1;33m🔍 Vérification des changements distants...[0m
2025-07-27 13:45:01 - [1;33m🔍 Vérification des changements distants...[0m
2025-07-27 13:50:01 - [1;33m🔍 Vérification des changements distants...[0m
2025-07-27 13:55:01 - [1;33m🔍 Vérification des changements distants...[0m
2025-07-27 14:00:01 - [1;33m🔍 Vérification des changements distants...[0m
2025-07-27 14:05:01 - [1;33m🔍 Vérification des changements distants...[0m
2025-07-27 14:10:01 - [1;33m🔍 Vérification des changements distants...[0m
2025-07-27 14:15:01 - [1;33m🔍 Vérification des changements distants...[0m
2025-07-27 14:20:01 - [1;33m🔍 Vérification des changements distants...[0m
2025-07-27 14:25:01 - [1;33m🔍 Vérification des changements distants...[0m
2025-07-27 14:30:01 - [1;33m🔍 Vérification des changements distants...[0m
2025-07-27 14:35:01 - [1;33m🔍 Vérification des changements distants...[0m
2025-07-27 14:40:01 - [1;33m🔍 Vérification des changements distants...[0m
2025-07-27 14:45:01 - [1;33m🔍 Vérification des changements distants...[0m
2025-07-27 14:50:01 - [1;33m🔍 Vérification des changements distants...[0m
2025-07-27 14:55:01 - [1;33m🔍 Vérification des changements distants...[0m
2025-07-27 15:00:01 - [1;33m🔍 Vérification des changements distants...[0m
2025-07-27 15:05:01 - [1;33m🔍 Vérification des changements distants...[0m
2025-07-27 15:10:01 - [1;33m🔍 Vérification des changements distants...[0m
2025-07-27 15:15:01 - [1;33m🔍 Vérification des changements distants...[0m
2025-07-27 15:20:01 - [1;33m🔍 Vérification des changements distants...[0m
2025-07-27 15:25:01 - [1;33m🔍 Vérification des changements distants...[0m
2025-07-27 15:30:01 - [1;33m🔍 Vérification des changements distants...[0m
2025-07-27 15:35:01 - [1;33m🔍 Vérification des changements distants...[0m
2025-07-27 15:40:01 - [1;33m🔍 Vérification des changements distants...[0m
2025-07-27 15:45:01 - [1;33m🔍 Vérification des changements distants...[0m
2025-07-27 15:50:01 - [1;33m🔍 Vérification des changements distants...[0m
2025-07-27 15:55:01 - [1;33m🔍 Vérification des changements distants...[0m
2025-07-27 16:00:01 - [1;33m🔍 Vérification des changements distants...[0m
2025-07-27 16:05:01 - [1;33m🔍 Vérification des changements distants...[0m
2025-07-27 16:10:01 - [1;33m🔍 Vérification des changements distants...[0m
2025-07-27 16:15:01 - [1;33m🔍 Vérification des changements distants...[0m
2025-07-27 16:20:01 - [1;33m🔍 Vérification des changements distants...[0m
2025-07-27 16:25:01 - [1;33m🔍 Vérification des changements distants...[0m
2025-07-27 16:30:01 - [1;33m🔍 Vérification des changements distants...[0m
2025-07-27 16:35:01 - [1;33m🔍 Vérification des changements distants...[0m
2025-07-27 16:40:01 - [1;33m🔍 Vérification des changements distants...[0m
2025-07-27 16:45:01 - [1;33m🔍 Vérification des changements distants...[0m
2025-07-27 16:50:01 - [1;33m🔍 Vérification des changements distants...[0m
2025-07-27 16:55:01 - [1;33m🔍 Vérification des changements distants...[0m
2025-07-27 17:00:01 - [1;33m🔍 Vérification des changements distants...[0m
2025-07-27 17:05:01 - [1;33m🔍 Vérification des changements distants...[0m
2025-07-27 17:10:01 - [1;33m🔍 Vérification des changements distants...[0m
2025-07-27 17:15:02 - [1;33m🔍 Vérification des changements distants...[0m
2025-07-27 17:20:01 - [1;33m🔍 Vérification des changements distants...[0m
2025-07-27 17:25:01 - [1;33m🔍 Vérification des changements distants...[0m
2025-07-27 17:30:01 - [1;33m🔍 Vérification des changements distants...[0m
2025-07-27 17:35:01 - [1;33m🔍 Vérification des changements distants...[0m
2025-07-27 17:40:01 - [1;33m🔍 Vérification des changements distants...[0m
2025-07-27 17:45:01 - [1;33m🔍 Vérification des changements distants...[0m
2025-07-27 17:50:01 - [1;33m🔍 Vérification des changements distants...[0m
2025-07-27 17:55:01 - [1;33m🔍 Vérification des changements distants...[0m
2025-07-27 18:00:01 - [1;33m🔍 Vérification des changements distants...[0m
2025-07-27 18:05:01 - [1;33m🔍 Vérification des changements distants...[0m
2025-07-27 18:10:01 - [1;33m🔍 Vérification des changements distants...[0m
2025-07-27 18:15:01 - [1;33m🔍 Vérification des changements distants...[0m
2025-07-27 18:20:01 - [1;33m🔍 Vérification des changements distants...[0m
2025-07-27 18:25:01 - [1;33m🔍 Vérification des changements distants...[0m
2025-07-27 18:30:01 - [1;33m🔍 Vérification des changements distants...[0m
2025-07-27 18:35:01 - [1;33m🔍 Vérification des changements distants...[0m
2025-07-27 18:40:01 - [1;33m🔍 Vérification des changements distants...[0m
2025-07-27 18:45:01 - [1;33m🔍 Vérification des changements distants...[0m
2025-07-27 18:50:01 - [1;33m🔍 Vérification des changements distants...[0m
2025-07-27 18:55:01 - [1;33m🔍 Vérification des changements distants...[0m
2025-07-27 19:00:01 - [1;33m🔍 Vérification des changements distants...[0m
2025-07-27 19:05:01 - [1;33m🔍 Vérification des changements distants...[0m
2025-07-27 19:10:01 - [1;33m🔍 Vérification des changements distants...[0m
2025-07-27 19:15:01 - [1;33m🔍 Vérification des changements distants...[0m
2025-07-27 19:20:01 - [1;33m🔍 Vérification des changements distants...[0m
2025-07-27 19:25:01 - [1;33m🔍 Vérification des changements distants...[0m
2025-07-27 19:30:01 - [1;33m🔍 Vérification des changements distants...[0m
2025-07-27 19:35:01 - [1;33m🔍 Vérification des changements distants...[0m
2025-07-27 19:40:01 - [1;33m🔍 Vérification des changements distants...[0m
2025-07-27 19:45:01 - [1;33m🔍 Vérification des changements distants...[0m
2025-07-27 19:50:01 - [1;33m🔍 Vérification des changements distants...[0m
2025-07-27 19:55:01 - [1;33m🔍 Vérification des changements distants...[0m
2025-07-27 20:00:01 - [1;33m🔍 Vérification des changements distants...[0m
2025-07-27 20:05:01 - [1;33m🔍 Vérification des changements distants...[0m
2025-07-27 20:10:01 - [1;33m🔍 Vérification des changements distants...[0m
2025-07-27 20:15:01 - [1;33m🔍 Vérification des changements distants...[0m
2025-07-27 20:20:01 - [1;33m🔍 Vérification des changements distants...[0m
2025-07-27 20:25:01 - [1;33m🔍 Vérification des changements distants...[0m
2025-07-27 20:30:01 - [1;33m🔍 Vérification des changements distants...[0m
2025-07-27 20:35:01 - [1;33m🔍 Vérification des changements distants...[0m
2025-07-27 20:40:01 - [1;33m🔍 Vérification des changements distants...[0m
2025-07-27 20:45:01 - [1;33m🔍 Vérification des changements distants...[0m
2025-07-27 20:50:01 - [1;33m🔍 Vérification des changements distants...[0m
2025-07-27 20:55:01 - [1;33m🔍 Vérification des changements distants...[0m
2025-07-27 21:00:01 - [1;33m🔍 Vérification des changements distants...[0m
2025-07-27 21:05:01 - [1;33m🔍 Vérification des changements distants...[0m
2025-07-27 21:10:01 - [1;33m🔍 Vérification des changements distants...[0m
2025-07-27 21:15:01 - [1;33m🔍 Vérification des changements distants...[0m
2025-07-27 21:20:01 - [1;33m🔍 Vérification des changements distants...[0m
2025-07-27 21:25:01 - [1;33m🔍 Vérification des changements distants...[0m
2025-07-27 21:30:01 - [1;33m🔍 Vérification des changements distants...[0m
2025-07-27 21:35:02 - [1;33m🔍 Vérification des changements distants...[0m
2025-07-27 21:40:01 - [1;33m🔍 Vérification des changements distants...[0m
2025-07-27 21:45:02 - [1;33m🔍 Vérification des changements distants...[0m
2025-07-27 21:50:01 - [1;33m🔍 Vérification des changements distants...[0m
2025-07-27 21:55:01 - [1;33m🔍 Vérification des changements distants...[0m
2025-07-27 22:00:01 - [1;33m🔍 Vérification des changements distants...[0m
2025-07-27 22:05:01 - [1;33m🔍 Vérification des changements distants...[0m
2025-07-27 22:10:01 - [1;33m🔍 Vérification des changements distants...[0m
2025-07-27 22:15:01 - [1;33m🔍 Vérification des changements distants...[0m
2025-07-27 22:20:01 - [1;33m🔍 Vérification des changements distants...[0m
2025-07-27 22:25:01 - [1;33m🔍 Vérification des changements distants...[0m
2025-07-27 22:30:01 - [1;33m🔍 Vérification des changements distants...[0m
2025-07-27 22:35:01 - [1;33m🔍 Vérification des changements distants...[0m
2025-07-27 22:40:01 - [1;33m🔍 Vérification des changements distants...[0m
2025-07-27 22:45:01 - [1;33m🔍 Vérification des changements distants...[0m
2025-07-27 22:50:01 - [1;33m🔍 Vérification des changements distants...[0m
2025-07-27 22:55:01 - [1;33m🔍 Vérification des changements distants...[0m
2025-07-27 23:00:01 - [1;33m🔍 Vérification des changements distants...[0m
2025-07-27 23:05:01 - [1;33m🔍 Vérification des changements distants...[0m
2025-07-27 23:10:01 - [1;33m🔍 Vérification des changements distants...[0m
2025-07-27 23:15:01 - [1;33m🔍 Vérification des changements distants...[0m
2025-07-27 23:20:01 - [1;33m🔍 Vérification des changements distants...[0m
2025-07-27 23:25:01 - [1;33m🔍 Vérification des changements distants...[0m
2025-07-27 23:30:01 - [1;33m🔍 Vérification des changements distants...[0m
2025-07-27 23:35:01 - [1;33m🔍 Vérification des changements distants...[0m
2025-07-27 23:40:01 - [1;33m🔍 Vérification des changements distants...[0m
2025-07-27 23:45:01 - [1;33m🔍 Vérification des changements distants...[0m
2025-07-27 23:50:01 - [1;33m🔍 Vérification des changements distants...[0m
2025-07-27 23:55:01 - [1;33m🔍 Vérification des changements distants...[0m
2025-07-28 00:00:01 - [1;33m🔍 Vérification des changements distants...[0m
2025-07-28 00:05:01 - [1;33m🔍 Vérification des changements distants...[0m
2025-07-28 00:10:01 - [1;33m🔍 Vérification des changements distants...[0m
2025-07-28 00:15:01 - [1;33m🔍 Vérification des changements distants...[0m
2025-07-28 00:20:01 - [1;33m🔍 Vérification des changements distants...[0m
2025-07-28 00:25:01 - [1;33m🔍 Vérification des changements distants...[0m
2025-07-28 00:30:01 - [1;33m🔍 Vérification des changements distants...[0m
2025-07-28 00:35:01 - [1;33m🔍 Vérification des changements distants...[0m
2025-07-28 00:40:01 - [1;33m🔍 Vérification des changements distants...[0m
2025-07-28 00:45:01 - [1;33m🔍 Vérification des changements distants...[0m
2025-07-28 00:50:01 - [1;33m🔍 Vérification des changements distants...[0m
2025-07-28 00:55:01 - [1;33m🔍 Vérification des changements distants...[0m
2025-07-28 01:00:01 - [1;33m🔍 Vérification des changements distants...[0m
2025-07-28 01:05:01 - [1;33m🔍 Vérification des changements distants...[0m
2025-07-28 01:10:01 - [1;33m🔍 Vérification des changements distants...[0m
2025-07-28 01:15:01 - [1;33m🔍 Vérification des changements distants...[0m
2025-07-28 01:20:01 - [1;33m🔍 Vérification des changements distants...[0m
2025-07-28 01:25:01 - [1;33m🔍 Vérification des changements distants...[0m
2025-07-28 01:30:01 - [1;33m🔍 Vérification des changements distants...[0m
2025-07-28 01:35:01 - [1;33m🔍 Vérification des changements distants...[0m
2025-07-28 01:40:01 - [1;33m🔍 Vérification des changements distants...[0m
2025-07-28 01:45:01 - [1;33m🔍 Vérification des changements distants...[0m
2025-07-28 01:50:01 - [1;33m🔍 Vérification des changements distants...[0m
2025-07-28 01:55:01 - [1;33m🔍 Vérification des changements distants...[0m
2025-07-28 02:00:01 - [1;33m🔍 Vérification des changements distants...[0m
2025-07-28 02:05:01 - [1;33m🔍 Vérification des changements distants...[0m
2025-07-28 02:10:01 - [1;33m🔍 Vérification des changements distants...[0m
2025-07-28 02:15:01 - [1;33m🔍 Vérification des changements distants...[0m
2025-07-28 02:20:01 - [1;33m🔍 Vérification des changements distants...[0m
2025-07-28 02:25:01 - [1;33m🔍 Vérification des changements distants...[0m
2025-07-28 02:30:01 - [1;33m🔍 Vérification des changements distants...[0m
2025-07-28 02:35:01 - [1;33m🔍 Vérification des changements distants...[0m
2025-07-28 02:40:01 - [1;33m🔍 Vérification des changements distants...[0m
2025-07-28 02:45:01 - [1;33m🔍 Vérification des changements distants...[0m
2025-07-28 02:50:01 - [1;33m🔍 Vérification des changements distants...[0m
2025-07-28 02:55:01 - [1;33m🔍 Vérification des changements distants...[0m
2025-07-28 03:00:01 - [1;33m🔍 Vérification des changements distants...[0m
2025-07-28 03:05:01 - [1;33m🔍 Vérification des changements distants...[0m
2025-07-28 03:10:01 - [1;33m🔍 Vérification des changements distants...[0m
2025-07-28 03:15:01 - [1;33m🔍 Vérification des changements distants...[0m
2025-07-28 03:20:01 - [1;33m🔍 Vérification des changements distants...[0m
2025-07-28 03:25:01 - [1;33m🔍 Vérification des changements distants...[0m
2025-07-28 03:30:01 - [1;33m🔍 Vérification des changements distants...[0m
2025-07-28 03:35:01 - [1;33m🔍 Vérification des changements distants...[0m
2025-07-28 03:40:01 - [1;33m🔍 Vérification des changements distants...[0m
2025-07-28 03:45:01 - [1;33m🔍 Vérification des changements distants...[0m
2025-07-28 03:50:01 - [1;33m🔍 Vérification des changements distants...[0m
2025-07-28 03:55:01 - [1;33m🔍 Vérification des changements distants...[0m
2025-07-28 04:00:01 - [1;33m🔍 Vérification des changements distants...[0m
2025-07-28 04:05:01 - [1;33m🔍 Vérification des changements distants...[0m
2025-07-28 04:10:01 - [1;33m🔍 Vérification des changements distants...[0m
2025-07-28 04:15:01 - [1;33m🔍 Vérification des changements distants...[0m
2025-07-28 04:20:01 - [1;33m🔍 Vérification des changements distants...[0m
2025-07-28 04:25:01 - [1;33m🔍 Vérification des changements distants...[0m
2025-07-28 04:30:02 - [1;33m🔍 Vérification des changements distants...[0m
2025-07-28 04:35:01 - [1;33m🔍 Vérification des changements distants...[0m
2025-07-28 04:40:01 - [1;33m🔍 Vérification des changements distants...[0m
2025-07-28 04:45:01 - [1;33m🔍 Vérification des changements distants...[0m
2025-07-28 04:50:01 - [1;33m🔍 Vérification des changements distants...[0m
2025-07-28 04:55:01 - [1;33m🔍 Vérification des changements distants...[0m
2025-07-28 05:00:01 - [1;33m🔍 Vérification des changements distants...[0m
2025-07-28 05:05:01 - [1;33m🔍 Vérification des changements distants...[0m
2025-07-28 05:10:01 - [1;33m🔍 Vérification des changements distants...[0m
2025-07-28 05:15:01 - [1;33m🔍 Vérification des changements distants...[0m
2025-07-28 05:20:01 - [1;33m🔍 Vérification des changements distants...[0m
2025-07-28 05:25:01 - [1;33m🔍 Vérification des changements distants...[0m
2025-07-28 05:30:01 - [1;33m🔍 Vérification des changements distants...[0m
2025-07-28 05:35:01 - [1;33m🔍 Vérification des changements distants...[0m
2025-07-28 05:40:01 - [1;33m🔍 Vérification des changements distants...[0m
2025-07-28 05:45:01 - [1;33m🔍 Vérification des changements distants...[0m
2025-07-28 05:50:01 - [1;33m🔍 Vérification des changements distants...[0m
2025-07-28 05:55:01 - [1;33m🔍 Vérification des changements distants...[0m
2025-07-28 06:00:01 - [1;33m🔍 Vérification des changements distants...[0m
2025-07-28 06:05:01 - [1;33m🔍 Vérification des changements distants...[0m
2025-07-28 06:10:01 - [1;33m🔍 Vérification des changements distants...[0m
2025-07-28 06:15:01 - [1;33m🔍 Vérification des changements distants...[0m
2025-07-28 06:20:01 - [1;33m🔍 Vérification des changements distants...[0m
2025-07-28 06:25:01 - [1;33m🔍 Vérification des changements distants...[0m
2025-07-28 06:30:01 - [1;33m🔍 Vérification des changements distants...[0m
2025-07-28 06:35:01 - [1;33m🔍 Vérification des changements distants...[0m
2025-07-28 06:40:01 - [1;33m🔍 Vérification des changements distants...[0m
2025-07-28 06:45:01 - [1;33m🔍 Vérification des changements distants...[0m
2025-07-28 06:50:01 - [1;33m🔍 Vérification des changements distants...[0m
2025-07-28 06:55:01 - [1;33m🔍 Vérification des changements distants...[0m
2025-07-28 07:00:01 - [1;33m🔍 Vérification des changements distants...[0m
2025-07-28 07:05:01 - [1;33m🔍 Vérification des changements distants...[0m
2025-07-28 07:10:01 - [1;33m🔍 Vérification des changements distants...[0m
2025-07-28 07:15:01 - [1;33m🔍 Vérification des changements distants...[0m
2025-07-28 07:20:01 - [1;33m🔍 Vérification des changements distants...[0m
2025-07-28 07:25:01 - [1;33m🔍 Vérification des changements distants...[0m
2025-07-28 07:30:01 - [1;33m🔍 Vérification des changements distants...[0m
2025-07-28 07:35:01 - [1;33m🔍 Vérification des changements distants...[0m
2025-07-28 07:40:01 - [1;33m🔍 Vérification des changements distants...[0m
2025-07-28 07:45:01 - [1;33m🔍 Vérification des changements distants...[0m
2025-07-28 07:50:01 - [1;33m🔍 Vérification des changements distants...[0m
2025-07-28 07:55:01 - [1;33m🔍 Vérification des changements distants...[0m
2025-07-28 08:00:01 - [1;33m🔍 Vérification des changements distants...[0m
2025-07-28 08:05:02 - [1;33m🔍 Vérification des changements distants...[0m
2025-07-28 08:10:01 - [1;33m🔍 Vérification des changements distants...[0m
2025-07-28 08:15:01 - [1;33m🔍 Vérification des changements distants...[0m
2025-07-28 08:20:01 - [1;33m🔍 Vérification des changements distants...[0m
2025-07-28 08:25:01 - [1;33m🔍 Vérification des changements distants...[0m
2025-07-28 08:30:01 - [1;33m🔍 Vérification des changements distants...[0m
2025-07-28 08:35:01 - [1;33m🔍 Vérification des changements distants...[0m
2025-07-28 08:40:01 - [1;33m🔍 Vérification des changements distants...[0m
2025-07-28 08:45:01 - [1;33m🔍 Vérification des changements distants...[0m
2025-07-28 08:50:01 - [1;33m🔍 Vérification des changements distants...[0m
2025-07-28 08:55:01 - [1;33m🔍 Vérification des changements distants...[0m
2025-07-28 09:00:01 - [1;33m🔍 Vérification des changements distants...[0m
2025-07-28 09:05:01 - [1;33m🔍 Vérification des changements distants...[0m
2025-07-28 09:10:01 - [1;33m🔍 Vérification des changements distants...[0m
2025-07-28 09:15:01 - [1;33m🔍 Vérification des changements distants...[0m
2025-07-28 09:20:01 - [1;33m🔍 Vérification des changements distants...[0m
2025-07-28 09:25:01 - [1;33m🔍 Vérification des changements distants...[0m
2025-07-28 09:30:01 - [1;33m🔍 Vérification des changements distants...[0m
2025-07-28 09:35:01 - [1;33m🔍 Vérification des changements distants...[0m
2025-07-28 09:40:01 - [1;33m🔍 Vérification des changements distants...[0m
2025-07-28 09:45:01 - [1;33m🔍 Vérification des changements distants...[0m
2025-07-28 09:50:01 - [1;33m🔍 Vérification des changements distants...[0m
2025-07-28 09:55:01 - [1;33m🔍 Vérification des changements distants...[0m
2025-07-28 10:00:01 - [1;33m🔍 Vérification des changements distants...[0m
2025-07-28 10:05:01 - [1;33m🔍 Vérification des changements distants...[0m
2025-07-28 10:10:01 - [1;33m🔍 Vérification des changements distants...[0m
2025-07-28 10:15:01 - [1;33m🔍 Vérification des changements distants...[0m
2025-07-28 10:20:01 - [1;33m🔍 Vérification des changements distants...[0m
2025-07-28 10:25:01 - [1;33m🔍 Vérification des changements distants...[0m
2025-07-28 10:30:01 - [1;33m🔍 Vérification des changements distants...[0m
2025-07-28 10:35:01 - [1;33m🔍 Vérification des changements distants...[0m
2025-07-28 10:40:01 - [1;33m🔍 Vérification des changements distants...[0m
2025-07-28 10:45:01 - [1;33m🔍 Vérification des changements distants...[0m
2025-07-28 10:50:01 - [1;33m🔍 Vérification des changements distants...[0m
2025-07-28 10:55:01 - [1;33m🔍 Vérification des changements distants...[0m
2025-07-28 11:00:01 - [1;33m🔍 Vérification des changements distants...[0m
2025-07-28 11:05:01 - [1;33m🔍 Vérification des changements distants...[0m
2025-07-28 11:10:01 - [1;33m🔍 Vérification des changements distants...[0m
2025-07-28 11:15:01 - [1;33m🔍 Vérification des changements distants...[0m
2025-07-28 11:20:01 - [1;33m🔍 Vérification des changements distants...[0m
2025-07-28 11:25:01 - [1;33m🔍 Vérification des changements distants...[0m
2025-07-28 11:30:01 - [1;33m🔍 Vérification des changements distants...[0m
2025-07-28 11:35:01 - [1;33m🔍 Vérification des changements distants...[0m
2025-07-28 11:40:01 - [1;33m🔍 Vérification des changements distants...[0m
2025-07-28 11:45:01 - [1;33m🔍 Vérification des changements distants...[0m
2025-07-28 11:50:01 - [1;33m🔍 Vérification des changements distants...[0m
2025-07-28 11:55:01 - [1;33m🔍 Vérification des changements distants...[0m
2025-07-28 12:00:01 - [1;33m🔍 Vérification des changements distants...[0m
2025-07-28 12:05:01 - [1;33m🔍 Vérification des changements distants...[0m
2025-07-28 12:10:01 - [1;33m🔍 Vérification des changements distants...[0m
2025-07-28 12:15:01 - [1;33m🔍 Vérification des changements distants...[0m
2025-07-28 12:20:01 - [1;33m🔍 Vérification des changements distants...[0m
2025-07-28 12:25:01 - [1;33m🔍 Vérification des changements distants...[0m
2025-07-28 12:30:01 - [1;33m🔍 Vérification des changements distants...[0m
2025-07-28 12:35:01 - [1;33m🔍 Vérification des changements distants...[0m
2025-07-28 12:40:01 - [1;33m🔍 Vérification des changements distants...[0m
2025-07-28 12:45:01 - [1;33m🔍 Vérification des changements distants...[0m
2025-07-28 12:50:01 - [1;33m🔍 Vérification des changements distants...[0m
2025-07-28 12:55:01 - [1;33m🔍 Vérification des changements distants...[0m
2025-07-28 13:00:01 - [1;33m🔍 Vérification des changements distants...[0m
2025-07-28 13:05:01 - [1;33m🔍 Vérification des changements distants...[0m
2025-07-28 13:10:01 - [1;33m🔍 Vérification des changements distants...[0m
2025-07-28 13:15:01 - [1;33m🔍 Vérification des changements distants...[0m
2025-07-28 13:20:01 - [1;33m🔍 Vérification des changements distants...[0m
2025-07-28 13:25:01 - [1;33m🔍 Vérification des changements distants...[0m
2025-07-28 13:30:01 - [1;33m🔍 Vérification des changements distants...[0m
2025-07-28 13:35:01 - [1;33m🔍 Vérification des changements distants...[0m
2025-07-28 13:40:01 - [1;33m🔍 Vérification des changements distants...[0m
2025-07-28 13:45:01 - [1;33m🔍 Vérification des changements distants...[0m
2025-07-28 13:50:01 - [1;33m🔍 Vérification des changements distants...[0m
2025-07-28 13:55:01 - [1;33m🔍 Vérification des changements distants...[0m
2025-07-28 14:00:01 - [1;33m🔍 Vérification des changements distants...[0m
2025-07-28 14:05:01 - [1;33m🔍 Vérification des changements distants...[0m
2025-07-28 14:10:01 - [1;33m🔍 Vérification des changements distants...[0m
2025-07-28 14:15:01 - [1;33m🔍 Vérification des changements distants...[0m
2025-07-28 14:20:01 - [1;33m🔍 Vérification des changements distants...[0m
2025-07-28 14:25:01 - [1;33m🔍 Vérification des changements distants...[0m
2025-07-28 14:30:01 - [1;33m🔍 Vérification des changements distants...[0m
2025-07-28 14:35:01 - [1;33m🔍 Vérification des changements distants...[0m
2025-07-28 14:40:01 - [1;33m🔍 Vérification des changements distants...[0m
2025-07-28 14:45:01 - [1;33m🔍 Vérification des changements distants...[0m
2025-07-28 14:50:01 - [1;33m🔍 Vérification des changements distants...[0m
2025-07-28 14:55:01 - [1;33m🔍 Vérification des changements distants...[0m
2025-07-28 15:00:01 - [1;33m🔍 Vérification des changements distants...[0m
2025-07-28 15:05:01 - [1;33m🔍 Vérification des changements distants...[0m
2025-07-28 15:10:01 - [1;33m🔍 Vérification des changements distants...[0m
2025-07-28 15:15:01 - [1;33m🔍 Vérification des changements distants...[0m
2025-07-28 15:20:01 - [1;33m🔍 Vérification des changements distants...[0m
2025-07-28 15:25:01 - [1;33m🔍 Vérification des changements distants...[0m
2025-07-28 15:30:01 - [1;33m🔍 Vérification des changements distants...[0m
2025-07-28 15:35:01 - [1;33m🔍 Vérification des changements distants...[0m
2025-07-28 15:40:01 - [1;33m🔍 Vérification des changements distants...[0m
2025-07-28 15:45:01 - [1;33m🔍 Vérification des changements distants...[0m
2025-07-28 15:50:01 - [1;33m🔍 Vérification des changements distants...[0m
2025-07-28 15:55:01 - [1;33m🔍 Vérification des changements distants...[0m
2025-07-28 16:00:01 - [1;33m🔍 Vérification des changements distants...[0m
2025-07-28 16:05:01 - [1;33m🔍 Vérification des changements distants...[0m
2025-07-28 16:10:01 - [1;33m🔍 Vérification des changements distants...[0m
2025-07-28 16:15:01 - [1;33m🔍 Vérification des changements distants...[0m
2025-07-28 16:20:01 - [1;33m🔍 Vérification des changements distants...[0m
2025-07-28 16:25:01 - [1;33m🔍 Vérification des changements distants...[0m
2025-07-28 16:30:02 - [1;33m🔍 Vérification des changements distants...[0m
2025-07-28 16:35:01 - [1;33m🔍 Vérification des changements distants...[0m
2025-07-28 16:40:01 - [1;33m🔍 Vérification des changements distants...[0m
2025-07-28 16:45:01 - [1;33m🔍 Vérification des changements distants...[0m
2025-07-28 16:50:01 - [1;33m🔍 Vérification des changements distants...[0m
2025-07-28 16:55:01 - [1;33m🔍 Vérification des changements distants...[0m
2025-07-28 17:00:01 - [1;33m🔍 Vérification des changements distants...[0m
2025-07-28 17:05:01 - [1;33m🔍 Vérification des changements distants...[0m
2025-07-28 17:10:01 - [1;33m🔍 Vérification des changements distants...[0m
2025-07-28 17:15:01 - [1;33m🔍 Vérification des changements distants...[0m
2025-07-28 17:20:01 - [1;33m🔍 Vérification des changements distants...[0m
2025-07-28 17:25:01 - [1;33m🔍 Vérification des changements distants...[0m
2025-07-28 17:30:01 - [1;33m🔍 Vérification des changements distants...[0m
2025-07-28 17:35:01 - [1;33m🔍 Vérification des changements distants...[0m
2025-07-28 17:40:01 - [1;33m🔍 Vérification des changements distants...[0m
2025-07-28 17:45:01 - [1;33m🔍 Vérification des changements distants...[0m
2025-07-28 17:50:01 - [1;33m🔍 Vérification des changements distants...[0m
2025-07-28 17:55:01 - [1;33m🔍 Vérification des changements distants...[0m
2025-07-28 18:00:01 - [1;33m🔍 Vérification des changements distants...[0m
2025-07-28 18:05:01 - [1;33m🔍 Vérification des changements distants...[0m
2025-07-28 18:10:01 - [1;33m🔍 Vérification des changements distants...[0m
2025-07-28 18:15:01 - [1;33m🔍 Vérification des changements distants...[0m
2025-07-28 18:20:01 - [1;33m🔍 Vérification des changements distants...[0m
2025-07-28 18:25:01 - [1;33m🔍 Vérification des changements distants...[0m
2025-07-28 18:30:01 - [1;33m🔍 Vérification des changements distants...[0m
2025-07-28 18:35:01 - [1;33m🔍 Vérification des changements distants...[0m
2025-07-28 18:40:01 - [1;33m🔍 Vérification des changements distants...[0m
2025-07-28 18:45:01 - [1;33m🔍 Vérification des changements distants...[0m
2025-07-28 18:50:01 - [1;33m🔍 Vérification des changements distants...[0m
2025-07-28 18:55:01 - [1;33m🔍 Vérification des changements distants...[0m
2025-07-28 19:00:01 - [1;33m🔍 Vérification des changements distants...[0m
2025-07-28 19:05:01 - [1;33m🔍 Vérification des changements distants...[0m
2025-07-28 19:10:01 - [1;33m🔍 Vérification des changements distants...[0m
2025-07-28 19:15:01 - [1;33m🔍 Vérification des changements distants...[0m
2025-07-28 19:20:01 - [1;33m🔍 Vérification des changements distants...[0m
2025-07-28 19:25:01 - [1;33m🔍 Vérification des changements distants...[0m
2025-07-28 19:30:01 - [1;33m🔍 Vérification des changements distants...[0m
2025-07-28 19:35:01 - [1;33m🔍 Vérification des changements distants...[0m
2025-07-28 19:40:01 - [1;33m🔍 Vérification des changements distants...[0m
2025-07-28 19:45:01 - [1;33m🔍 Vérification des changements distants...[0m
2025-07-28 19:50:01 - [1;33m🔍 Vérification des changements distants...[0m
2025-07-28 19:55:01 - [1;33m🔍 Vérification des changements distants...[0m
2025-07-28 20:00:01 - [1;33m🔍 Vérification des changements distants...[0m
2025-07-28 20:05:01 - [1;33m🔍 Vérification des changements distants...[0m
2025-07-28 20:10:01 - [1;33m🔍 Vérification des changements distants...[0m
2025-07-28 20:15:01 - [1;33m🔍 Vérification des changements distants...[0m
2025-07-28 20:20:01 - [1;33m🔍 Vérification des changements distants...[0m
2025-07-28 20:25:01 - [1;33m🔍 Vérification des changements distants...[0m
2025-07-28 20:30:01 - [1;33m🔍 Vérification des changements distants...[0m
2025-07-28 20:35:01 - [1;33m🔍 Vérification des changements distants...[0m
2025-07-28 20:40:01 - [1;33m🔍 Vérification des changements distants...[0m
2025-07-28 20:45:01 - [1;33m🔍 Vérification des changements distants...[0m
2025-07-28 20:50:01 - [1;33m🔍 Vérification des changements distants...[0m
2025-07-28 20:55:01 - [1;33m🔍 Vérification des changements distants...[0m
2025-07-28 21:00:01 - [1;33m🔍 Vérification des changements distants...[0m
2025-07-28 21:05:01 - [1;33m🔍 Vérification des changements distants...[0m
2025-07-28 21:10:01 - [1;33m🔍 Vérification des changements distants...[0m
2025-07-28 21:15:01 - [1;33m🔍 Vérification des changements distants...[0m
2025-07-28 21:20:01 - [1;33m🔍 Vérification des changements distants...[0m
2025-07-28 21:25:01 - [1;33m🔍 Vérification des changements distants...[0m
2025-07-28 21:30:01 - [1;33m🔍 Vérification des changements distants...[0m
2025-07-28 21:35:01 - [1;33m🔍 Vérification des changements distants...[0m
2025-07-28 21:40:01 - [1;33m🔍 Vérification des changements distants...[0m
2025-07-28 21:45:01 - [1;33m🔍 Vérification des changements distants...[0m
2025-07-28 21:50:01 - [1;33m🔍 Vérification des changements distants...[0m
2025-07-28 21:55:01 - [1;33m🔍 Vérification des changements distants...[0m
2025-07-28 22:00:01 - [1;33m🔍 Vérification des changements distants...[0m
2025-07-28 22:05:01 - [1;33m🔍 Vérification des changements distants...[0m
2025-07-28 22:10:01 - [1;33m🔍 Vérification des changements distants...[0m
2025-07-28 22:15:01 - [1;33m🔍 Vérification des changements distants...[0m
2025-07-28 22:20:01 - [1;33m🔍 Vérification des changements distants...[0m
2025-07-28 22:25:01 - [1;33m🔍 Vérification des changements distants...[0m
2025-07-28 22:30:01 - [1;33m🔍 Vérification des changements distants...[0m
2025-07-28 22:35:01 - [1;33m🔍 Vérification des changements distants...[0m
2025-07-28 22:40:01 - [1;33m🔍 Vérification des changements distants...[0m
2025-07-28 22:45:01 - [1;33m🔍 Vérification des changements distants...[0m
2025-07-28 22:50:01 - [1;33m🔍 Vérification des changements distants...[0m
2025-07-28 22:55:01 - [1;33m🔍 Vérification des changements distants...[0m
2025-07-28 23:00:01 - [1;33m🔍 Vérification des changements distants...[0m
2025-07-28 23:05:01 - [1;33m🔍 Vérification des changements distants...[0m
2025-07-28 23:10:01 - [1;33m🔍 Vérification des changements distants...[0m
2025-07-28 23:15:01 - [1;33m🔍 Vérification des changements distants...[0m
2025-07-28 23:20:01 - [1;33m🔍 Vérification des changements distants...[0m
2025-07-28 23:25:01 - [1;33m🔍 Vérification des changements distants...[0m
2025-07-28 23:30:01 - [1;33m🔍 Vérification des changements distants...[0m
2025-07-28 23:35:01 - [1;33m🔍 Vérification des changements distants...[0m
2025-07-28 23:40:01 - [1;33m🔍 Vérification des changements distants...[0m
2025-07-28 23:45:01 - [1;33m🔍 Vérification des changements distants...[0m
2025-07-28 23:50:01 - [1;33m🔍 Vérification des changements distants...[0m
2025-07-28 23:55:01 - [1;33m🔍 Vérification des changements distants...[0m
2025-07-29 00:00:01 - [1;33m🔍 Vérification des changements distants...[0m
2025-07-29 00:05:01 - [1;33m🔍 Vérification des changements distants...[0m
2025-07-29 00:10:01 - [1;33m🔍 Vérification des changements distants...[0m
2025-07-29 00:15:01 - [1;33m🔍 Vérification des changements distants...[0m
2025-07-29 00:20:01 - [1;33m🔍 Vérification des changements distants...[0m
2025-07-29 00:25:01 - [1;33m🔍 Vérification des changements distants...[0m
2025-07-29 00:30:01 - [1;33m🔍 Vérification des changements distants...[0m
2025-07-29 00:35:01 - [1;33m🔍 Vérification des changements distants...[0m
2025-07-29 00:40:01 - [1;33m🔍 Vérification des changements distants...[0m
2025-07-29 00:45:01 - [1;33m🔍 Vérification des changements distants...[0m
2025-07-29 00:50:01 - [1;33m🔍 Vérification des changements distants...[0m
2025-07-29 00:55:01 - [1;33m🔍 Vérification des changements distants...[0m
2025-07-29 01:00:01 - [1;33m🔍 Vérification des changements distants...[0m
2025-07-29 01:05:01 - [1;33m🔍 Vérification des changements distants...[0m
2025-07-29 01:10:01 - [1;33m🔍 Vérification des changements distants...[0m
2025-07-29 01:15:01 - [1;33m🔍 Vérification des changements distants...[0m
2025-07-29 01:20:01 - [1;33m🔍 Vérification des changements distants...[0m
2025-07-29 01:25:01 - [1;33m🔍 Vérification des changements distants...[0m
2025-07-29 01:30:01 - [1;33m🔍 Vérification des changements distants...[0m
2025-07-29 01:35:01 - [1;33m🔍 Vérification des changements distants...[0m
2025-07-29 01:40:01 - [1;33m🔍 Vérification des changements distants...[0m
2025-07-29 01:45:01 - [1;33m🔍 Vérification des changements distants...[0m
2025-07-29 01:50:01 - [1;33m🔍 Vérification des changements distants...[0m
2025-07-29 01:55:01 - [1;33m🔍 Vérification des changements distants...[0m
2025-07-29 02:00:01 - [1;33m🔍 Vérification des changements distants...[0m
2025-07-29 02:05:01 - [1;33m🔍 Vérification des changements distants...[0m
2025-07-29 02:10:01 - [1;33m🔍 Vérification des changements distants...[0m
2025-07-29 02:15:01 - [1;33m🔍 Vérification des changements distants...[0m
2025-07-29 02:20:01 - [1;33m🔍 Vérification des changements distants...[0m
2025-07-29 02:25:01 - [1;33m🔍 Vérification des changements distants...[0m
2025-07-29 02:30:01 - [1;33m🔍 Vérification des changements distants...[0m
2025-07-29 02:35:01 - [1;33m🔍 Vérification des changements distants...[0m
2025-07-29 02:40:01 - [1;33m🔍 Vérification des changements distants...[0m
2025-07-29 02:45:01 - [1;33m🔍 Vérification des changements distants...[0m
2025-07-29 02:50:01 - [1;33m🔍 Vérification des changements distants...[0m
2025-07-29 02:55:01 - [1;33m🔍 Vérification des changements distants...[0m
2025-07-29 03:00:01 - [1;33m🔍 Vérification des changements distants...[0m
2025-07-29 03:05:01 - [1;33m🔍 Vérification des changements distants...[0m
2025-07-29 03:10:01 - [1;33m🔍 Vérification des changements distants...[0m
2025-07-29 03:15:01 - [1;33m🔍 Vérification des changements distants...[0m
2025-07-29 03:20:01 - [1;33m🔍 Vérification des changements distants...[0m
2025-07-29 03:25:01 - [1;33m🔍 Vérification des changements distants...[0m
2025-07-29 03:30:01 - [1;33m🔍 Vérification des changements distants...[0m
2025-07-29 03:35:01 - [1;33m🔍 Vérification des changements distants...[0m
2025-07-29 03:40:01 - [1;33m🔍 Vérification des changements distants...[0m
2025-07-29 03:45:01 - [1;33m🔍 Vérification des changements distants...[0m
2025-07-29 03:50:01 - [1;33m🔍 Vérification des changements distants...[0m
2025-07-29 03:55:01 - [1;33m🔍 Vérification des changements distants...[0m
2025-07-29 04:00:01 - [1;33m🔍 Vérification des changements distants...[0m
2025-07-29 04:05:01 - [1;33m🔍 Vérification des changements distants...[0m
2025-07-29 04:10:01 - [1;33m🔍 Vérification des changements distants...[0m
2025-07-29 04:15:01 - [1;33m🔍 Vérification des changements distants...[0m
2025-07-29 04:20:01 - [1;33m🔍 Vérification des changements distants...[0m
2025-07-29 04:25:01 - [1;33m🔍 Vérification des changements distants...[0m
2025-07-29 04:30:01 - [1;33m🔍 Vérification des changements distants...[0m
2025-07-29 04:35:01 - [1;33m🔍 Vérification des changements distants...[0m
2025-07-29 04:40:01 - [1;33m🔍 Vérification des changements distants...[0m
2025-07-29 04:45:01 - [1;33m🔍 Vérification des changements distants...[0m
2025-07-29 04:50:01 - [1;33m🔍 Vérification des changements distants...[0m
2025-07-29 04:55:01 - [1;33m🔍 Vérification des changements distants...[0m
2025-07-29 05:00:01 - [1;33m🔍 Vérification des changements distants...[0m
2025-07-29 05:05:01 - [1;33m🔍 Vérification des changements distants...[0m
2025-07-29 05:10:01 - [1;33m🔍 Vérification des changements distants...[0m
2025-07-29 05:15:01 - [1;33m🔍 Vérification des changements distants...[0m
2025-07-29 05:20:01 - [1;33m🔍 Vérification des changements distants...[0m
2025-07-29 05:25:01 - [1;33m🔍 Vérification des changements distants...[0m
2025-07-29 05:30:01 - [1;33m🔍 Vérification des changements distants...[0m
2025-07-29 05:35:01 - [1;33m🔍 Vérification des changements distants...[0m
2025-07-29 05:40:01 - [1;33m🔍 Vérification des changements distants...[0m
2025-07-29 05:45:01 - [1;33m🔍 Vérification des changements distants...[0m
2025-07-29 05:50:01 - [1;33m🔍 Vérification des changements distants...[0m
2025-07-29 05:55:01 - [1;33m🔍 Vérification des changements distants...[0m
2025-07-29 06:00:01 - [1;33m🔍 Vérification des changements distants...[0m
2025-07-29 06:05:01 - [1;33m🔍 Vérification des changements distants...[0m
2025-07-29 06:10:01 - [1;33m🔍 Vérification des changements distants...[0m
2025-07-29 06:15:01 - [1;33m🔍 Vérification des changements distants...[0m
2025-07-29 06:20:01 - [1;33m🔍 Vérification des changements distants...[0m
2025-07-29 06:25:01 - [1;33m🔍 Vérification des changements distants...[0m
2025-07-29 06:30:01 - [1;33m🔍 Vérification des changements distants...[0m
2025-07-29 06:35:01 - [1;33m🔍 Vérification des changements distants...[0m
2025-07-29 06:40:01 - [1;33m🔍 Vérification des changements distants...[0m
2025-07-29 06:45:01 - [1;33m🔍 Vérification des changements distants...[0m
2025-07-29 06:50:01 - [1;33m🔍 Vérification des changements distants...[0m
2025-07-29 06:55:01 - [1;33m🔍 Vérification des changements distants...[0m
2025-07-29 07:00:01 - [1;33m🔍 Vérification des changements distants...[0m
2025-07-29 07:05:01 - [1;33m🔍 Vérification des changements distants...[0m
2025-07-29 07:10:01 - [1;33m🔍 Vérification des changements distants...[0m
2025-07-29 07:15:01 - [1;33m🔍 Vérification des changements distants...[0m
2025-07-29 07:20:01 - [1;33m🔍 Vérification des changements distants...[0m
2025-07-29 07:25:01 - [1;33m🔍 Vérification des changements distants...[0m
2025-07-29 07:30:01 - [1;33m🔍 Vérification des changements distants...[0m
2025-07-29 07:35:01 - [1;33m🔍 Vérification des changements distants...[0m
2025-07-29 07:40:01 - [1;33m🔍 Vérification des changements distants...[0m
2025-07-29 07:45:02 - [1;33m🔍 Vérification des changements distants...[0m
2025-07-29 07:50:01 - [1;33m🔍 Vérification des changements distants...[0m
2025-07-29 07:55:01 - [1;33m🔍 Vérification des changements distants...[0m
2025-07-29 08:00:01 - [1;33m🔍 Vérification des changements distants...[0m
2025-07-29 08:05:01 - [1;33m🔍 Vérification des changements distants...[0m
2025-07-29 08:10:01 - [1;33m🔍 Vérification des changements distants...[0m
2025-07-29 08:15:01 - [1;33m🔍 Vérification des changements distants...[0m
2025-07-29 08:20:01 - [1;33m🔍 Vérification des changements distants...[0m
2025-07-29 08:25:01 - [1;33m🔍 Vérification des changements distants...[0m
2025-07-29 08:30:01 - [1;33m🔍 Vérification des changements distants...[0m
2025-07-29 08:35:01 - [1;33m🔍 Vérification des changements distants...[0m
2025-07-29 08:40:01 - [1;33m🔍 Vérification des changements distants...[0m
2025-07-29 08:45:01 - [1;33m🔍 Vérification des changements distants...[0m
2025-07-29 08:50:01 - [1;33m🔍 Vérification des changements distants...[0m
2025-07-29 08:55:01 - [1;33m🔍 Vérification des changements distants...[0m
2025-07-29 09:00:01 - [1;33m🔍 Vérification des changements distants...[0m
2025-07-29 09:05:01 - [1;33m🔍 Vérification des changements distants...[0m
2025-07-29 09:10:01 - [1;33m🔍 Vérification des changements distants...[0m
2025-07-29 09:15:01 - [1;33m🔍 Vérification des changements distants...[0m
2025-07-29 09:20:01 - [1;33m🔍 Vérification des changements distants...[0m
2025-07-29 09:25:01 - [1;33m🔍 Vérification des changements distants...[0m
2025-07-29 09:30:01 - [1;33m🔍 Vérification des changements distants...[0m
2025-07-29 09:35:01 - [1;33m🔍 Vérification des changements distants...[0m
2025-07-29 09:40:01 - [1;33m🔍 Vérification des changements distants...[0m
2025-07-29 09:45:01 - [1;33m🔍 Vérification des changements distants...[0m
2025-07-29 09:50:01 - [1;33m🔍 Vérification des changements distants...[0m
2025-07-29 09:55:01 - [1;33m🔍 Vérification des changements distants...[0m
2025-07-29 10:00:01 - [1;33m🔍 Vérification des changements distants...[0m
2025-07-29 10:05:01 - [1;33m🔍 Vérification des changements distants...[0m
2025-07-29 10:10:01 - [1;33m🔍 Vérification des changements distants...[0m
2025-07-29 10:15:01 - [1;33m🔍 Vérification des changements distants...[0m
2025-07-29 10:20:01 - [1;33m🔍 Vérification des changements distants...[0m
2025-07-29 10:25:01 - [1;33m🔍 Vérification des changements distants...[0m
2025-07-29 10:30:01 - [1;33m🔍 Vérification des changements distants...[0m
2025-07-29 10:35:01 - [1;33m🔍 Vérification des changements distants...[0m
2025-07-29 10:40:01 - [1;33m🔍 Vérification des changements distants...[0m
2025-07-29 10:45:01 - [1;33m🔍 Vérification des changements distants...[0m
2025-07-29 10:50:01 - [1;33m🔍 Vérification des changements distants...[0m
2025-07-29 10:55:01 - [1;33m🔍 Vérification des changements distants...[0m
2025-07-29 11:00:01 - [1;33m🔍 Vérification des changements distants...[0m
2025-07-29 11:05:01 - [1;33m🔍 Vérification des changements distants...[0m
2025-07-29 11:10:01 - [1;33m🔍 Vérification des changements distants...[0m
2025-07-29 11:15:01 - [1;33m🔍 Vérification des changements distants...[0m
2025-07-29 11:20:01 - [1;33m🔍 Vérification des changements distants...[0m
2025-07-29 11:25:01 - [1;33m🔍 Vérification des changements distants...[0m
2025-07-29 11:30:01 - [1;33m🔍 Vérification des changements distants...[0m
2025-07-29 11:35:01 - [1;33m🔍 Vérification des changements distants...[0m
2025-07-29 11:40:01 - [1;33m🔍 Vérification des changements distants...[0m
2025-07-29 11:45:01 - [1;33m🔍 Vérification des changements distants...[0m
2025-07-29 11:50:01 - [1;33m🔍 Vérification des changements distants...[0m
2025-07-29 11:55:01 - [1;33m🔍 Vérification des changements distants...[0m
2025-07-29 12:00:01 - [1;33m🔍 Vérification des changements distants...[0m
2025-07-29 12:05:01 - [1;33m🔍 Vérification des changements distants...[0m
2025-07-29 12:10:01 - [1;33m🔍 Vérification des changements distants...[0m
2025-07-29 12:15:01 - [1;33m🔍 Vérification des changements distants...[0m
2025-07-29 12:20:01 - [1;33m🔍 Vérification des changements distants...[0m
2025-07-29 12:25:01 - [1;33m🔍 Vérification des changements distants...[0m
2025-07-29 12:30:01 - [1;33m🔍 Vérification des changements distants...[0m
2025-07-29 12:35:01 - [1;33m🔍 Vérification des changements distants...[0m
2025-07-29 12:40:01 - [1;33m🔍 Vérification des changements distants...[0m
2025-07-29 12:45:01 - [1;33m🔍 Vérification des changements distants...[0m
2025-07-29 12:50:01 - [1;33m🔍 Vérification des changements distants...[0m
2025-07-29 12:55:01 - [1;33m🔍 Vérification des changements distants...[0m
2025-07-29 13:00:01 - [1;33m🔍 Vérification des changements distants...[0m
2025-07-29 13:05:01 - [1;33m🔍 Vérification des changements distants...[0m
2025-07-29 13:10:01 - [1;33m🔍 Vérification des changements distants...[0m
2025-07-29 13:15:01 - [1;33m🔍 Vérification des changements distants...[0m
2025-07-29 13:20:01 - [1;33m🔍 Vérification des changements distants...[0m
2025-07-29 13:25:01 - [1;33m🔍 Vérification des changements distants...[0m
2025-07-29 13:30:01 - [1;33m🔍 Vérification des changements distants...[0m
2025-07-29 13:35:01 - [1;33m🔍 Vérification des changements distants...[0m
2025-07-29 13:40:01 - [1;33m🔍 Vérification des changements distants...[0m
2025-07-29 13:45:01 - [1;33m🔍 Vérification des changements distants...[0m
2025-07-29 13:50:01 - [1;33m🔍 Vérification des changements distants...[0m
2025-07-29 13:55:01 - [1;33m🔍 Vérification des changements distants...[0m
2025-07-29 14:00:01 - [1;33m🔍 Vérification des changements distants...[0m
2025-07-29 14:05:01 - [1;33m🔍 Vérification des changements distants...[0m
2025-07-29 14:10:01 - [1;33m🔍 Vérification des changements distants...[0m
2025-07-29 14:15:01 - [1;33m🔍 Vérification des changements distants...[0m
2025-07-29 14:20:01 - [1;33m🔍 Vérification des changements distants...[0m
2025-07-29 14:25:01 - [1;33m🔍 Vérification des changements distants...[0m
2025-07-29 14:35:25 - [1;33m🔍 Vérification des changements distants...[0m
2025-07-29 14:40:01 - [1;33m🔍 Vérification des changements distants...[0m
2025-07-29 14:45:01 - [1;33m🔍 Vérification des changements distants...[0m
2025-07-29 14:50:01 - [1;33m🔍 Vérification des changements distants...[0m
2025-07-29 14:55:01 - [1;33m🔍 Vérification des changements distants...[0m
2025-07-29 15:00:01 - [1;33m🔍 Vérification des changements distants...[0m
2025-07-29 15:05:01 - [1;33m🔍 Vérification des changements distants...[0m
2025-07-29 15:10:01 - [1;33m🔍 Vérification des changements distants...[0m
2025-07-29 15:15:01 - [1;33m🔍 Vérification des changements distants...[0m
2025-07-29 15:20:01 - [1;33m🔍 Vérification des changements distants...[0m
2025-07-29 15:25:01 - [1;33m🔍 Vérification des changements distants...[0m
2025-07-29 15:30:01 - [1;33m🔍 Vérification des changements distants...[0m
2025-07-29 15:35:01 - [1;33m🔍 Vérification des changements distants...[0m
2025-07-29 15:40:01 - [1;33m🔍 Vérification des changements distants...[0m
2025-07-29 15:45:01 - [1;33m🔍 Vérification des changements distants...[0m
2025-07-29 15:50:01 - [1;33m🔍 Vérification des changements distants...[0m
2025-07-29 15:55:01 - [1;33m🔍 Vérification des changements distants...[0m
2025-07-29 16:00:01 - [1;33m🔍 Vérification des changements distants...[0m
2025-07-29 16:05:01 - [1;33m🔍 Vérification des changements distants...[0m
2025-07-29 16:10:01 - [1;33m🔍 Vérification des changements distants...[0m
2025-07-29 16:15:02 - [1;33m🔍 Vérification des changements distants...[0m
2025-07-29 16:20:01 - [1;33m🔍 Vérification des changements distants...[0m
2025-07-29 16:25:01 - [1;33m🔍 Vérification des changements distants...[0m
2025-07-29 16:30:01 - [1;33m🔍 Vérification des changements distants...[0m
